user_id,group,converted,revenue
0,control,0,0.0
1,control,0,0.0
2,control,0,0.0
3,control,1,81.05
4,control,0,0.0
5,control,0,0.0
6,control,0,0.0
7,control,1,27.33
8,control,0,0.0
9,control,0,0.0
10,control,0,0.0
11,control,0,0.0
12,control,0,0.0
13,control,0,0.0
14,control,0,0.0
15,control,0,0.0
16,control,0,0.0
17,control,0,0.0
18,control,0,0.0
19,control,0,0.0
20,control,0,0.0
21,control,0,0.0
22,control,0,0.0
23,control,1,24.36
24,control,0,0.0
25,control,0,0.0
26,control,0,0.0
27,control,0,0.0
28,control,0,0.0
29,control,0,0.0
30,control,0,0.0
31,control,0,0.0
32,control,0,0.0
33,control,0,0.0
34,control,0,0.0
35,control,0,0.0
36,control,0,0.0
37,control,0,0.0
38,control,0,0.0
39,control,0,0.0
40,control,1,35.82
41,control,0,0.0
42,control,0,0.0
43,control,0,0.0
44,control,0,0.0
45,control,0,0.0
46,control,0,0.0
47,control,0,0.0
48,control,0,0.0
49,control,1,26.38
50,control,0,0.0
51,control,0,0.0
52,control,0,0.0
53,control,1,45.28
54,control,0,0.0
55,control,0,0.0
56,control,0,0.0
57,control,1,51.76
58,control,1,17.75
59,control,1,135.35
60,control,0,0.0
61,control,0,0.0
62,control,0,0.0
63,control,0,0.0
64,control,1,55.0
65,control,0,0.0
66,control,0,0.0
67,control,0,0.0
68,control,0,0.0
69,control,0,0.0
70,control,0,0.0
71,control,0,0.0
72,control,0,0.0
73,control,0,0.0
74,control,0,0.0
75,control,0,0.0
76,control,0,0.0
77,control,0,0.0
78,control,0,0.0
79,control,1,27.99
80,control,0,0.0
81,control,0,0.0
82,control,0,0.0
83,control,0,0.0
84,control,0,0.0
85,control,0,0.0
86,control,0,0.0
87,control,0,0.0
88,control,0,0.0
89,control,1,46.85
90,control,0,0.0
91,control,0,0.0
92,control,0,0.0
93,control,0,0.0
94,control,0,0.0
95,control,0,0.0
96,control,0,0.0
97,control,1,74.91
98,control,0,0.0
99,control,0,0.0
100,control,0,0.0
101,control,0,0.0
102,control,0,0.0
103,control,1,79.63
104,control,0,0.0
105,control,0,0.0
106,control,1,27.0
107,control,0,0.0
108,control,0,0.0
109,control,0,0.0
110,control,0,0.0
111,control,0,0.0
112,control,0,0.0
113,control,0,0.0
114,control,0,0.0
115,control,1,75.85
116,control,0,0.0
117,control,0,0.0
118,control,1,38.17
119,control,0,0.0
120,control,0,0.0
121,control,0,0.0
122,control,0,0.0
123,control,0,0.0
124,control,0,0.0
125,control,0,0.0
126,control,0,0.0
127,control,0,0.0
128,control,0,0.0
129,control,0,0.0
130,control,0,0.0
131,control,0,0.0
132,control,0,0.0
133,control,1,77.34
134,control,0,0.0
135,control,0,0.0
136,control,0,0.0
137,control,0,0.0
138,control,0,0.0
139,control,1,38.32
140,control,0,0.0
141,control,0,0.0
142,control,0,0.0
143,control,0,0.0
144,control,1,44.26
145,control,0,0.0
146,control,0,0.0
147,control,0,0.0
148,control,0,0.0
149,control,0,0.0
150,control,1,57.32
151,control,0,0.0
152,control,0,0.0
153,control,1,17.31
154,control,0,0.0
155,control,0,0.0
156,control,0,0.0
157,control,0,0.0
158,control,0,0.0
159,control,0,0.0
160,control,0,0.0
161,control,0,0.0
162,control,0,0.0
163,control,0,0.0
164,control,1,51.78
165,control,0,0.0
166,control,0,0.0
167,control,1,78.32
168,control,1,42.15
169,control,1,54.16
170,control,0,0.0
171,control,0,0.0
172,control,0,0.0
173,control,0,0.0
174,control,0,0.0
175,control,0,0.0
176,control,0,0.0
177,control,0,0.0
178,control,0,0.0
179,control,0,0.0
180,control,0,0.0
181,control,0,0.0
182,control,1,45.66
183,control,0,0.0
184,control,0,0.0
185,control,0,0.0
186,control,0,0.0
187,control,0,0.0
188,control,0,0.0
189,control,0,0.0
190,control,0,0.0
191,control,0,0.0
192,control,0,0.0
193,control,0,0.0
194,control,0,0.0
195,control,0,0.0
196,control,0,0.0
197,control,0,0.0
198,control,0,0.0
199,control,0,0.0
200,control,0,0.0
201,control,0,0.0
202,control,0,0.0
203,control,0,0.0
204,control,1,45.55
205,control,0,0.0
206,control,0,0.0
207,control,0,0.0
208,control,0,0.0
209,control,0,0.0
210,control,0,0.0
211,control,0,0.0
212,control,0,0.0
213,control,0,0.0
214,control,0,0.0
215,control,0,0.0
216,control,0,0.0
217,control,0,0.0
218,control,0,0.0
219,control,0,0.0
220,control,0,0.0
221,control,0,0.0
222,control,0,0.0
223,control,0,0.0
224,control,1,37.94
225,control,0,0.0
226,control,0,0.0
227,control,0,0.0
228,control,0,0.0
229,control,0,0.0
230,control,1,56.87
231,control,0,0.0
232,control,1,47.1
233,control,0,0.0
234,control,0,0.0
235,control,0,0.0
236,control,0,0.0
237,control,1,93.69
238,control,1,29.25
239,control,1,77.55
240,control,0,0.0
241,control,0,0.0
242,control,0,0.0
243,control,0,0.0
244,control,0,0.0
245,control,0,0.0
246,control,0,0.0
247,control,0,0.0
248,control,0,0.0
249,control,0,0.0
250,control,0,0.0
251,control,0,0.0
252,control,0,0.0
253,control,0,0.0
254,control,0,0.0
255,control,0,0.0
256,control,0,0.0
257,control,0,0.0
258,control,0,0.0
259,control,0,0.0
260,control,0,0.0
261,control,0,0.0
262,control,0,0.0
263,control,0,0.0
264,control,0,0.0
265,control,0,0.0
266,control,0,0.0
267,control,1,20.41
268,control,0,0.0
269,control,0,0.0
270,control,1,63.52
271,control,0,0.0
272,control,0,0.0
273,control,0,0.0
274,control,0,0.0
275,control,1,62.55
276,control,0,0.0
277,control,0,0.0
278,control,0,0.0
279,control,0,0.0
280,control,0,0.0
281,control,0,0.0
282,control,1,50.98
283,control,0,0.0
284,control,0,0.0
285,control,0,0.0
286,control,0,0.0
287,control,1,27.38
288,control,0,0.0
289,control,0,0.0
290,control,0,0.0
291,control,0,0.0
292,control,0,0.0
293,control,0,0.0
294,control,0,0.0
295,control,0,0.0
296,control,0,0.0
297,control,0,0.0
298,control,0,0.0
299,control,0,0.0
300,control,0,0.0
301,control,0,0.0
302,control,1,63.43
303,control,1,41.35
304,control,0,0.0
305,control,1,25.63
306,control,0,0.0
307,control,0,0.0
308,control,0,0.0
309,control,1,62.62
310,control,0,0.0
311,control,1,126.12
312,control,0,0.0
313,control,0,0.0
314,control,0,0.0
315,control,0,0.0
316,control,0,0.0
317,control,0,0.0
318,control,0,0.0
319,control,0,0.0
320,control,0,0.0
321,control,0,0.0
322,control,0,0.0
323,control,0,0.0
324,control,0,0.0
325,control,0,0.0
326,control,0,0.0
327,control,0,0.0
328,control,0,0.0
329,control,0,0.0
330,control,0,0.0
331,control,0,0.0
332,control,0,0.0
333,control,0,0.0
334,control,0,0.0
335,control,0,0.0
336,control,0,0.0
337,control,1,48.05
338,control,0,0.0
339,control,0,0.0
340,control,0,0.0
341,control,0,0.0
342,control,0,0.0
343,control,0,0.0
344,control,0,0.0
345,control,0,0.0
346,control,0,0.0
347,control,0,0.0
348,control,0,0.0
349,control,0,0.0
350,control,0,0.0
351,control,0,0.0
352,control,0,0.0
353,control,0,0.0
354,control,0,0.0
355,control,0,0.0
356,control,0,0.0
357,control,0,0.0
358,control,1,66.15
359,control,0,0.0
360,control,1,29.67
361,control,0,0.0
362,control,1,45.71
363,control,0,0.0
364,control,0,0.0
365,control,0,0.0
366,control,0,0.0
367,control,0,0.0
368,control,0,0.0
369,control,0,0.0
370,control,0,0.0
371,control,0,0.0
372,control,1,85.68
373,control,0,0.0
374,control,0,0.0
375,control,0,0.0
376,control,0,0.0
377,control,0,0.0
378,control,0,0.0
379,control,0,0.0
380,control,0,0.0
381,control,0,0.0
382,control,1,110.27
383,control,0,0.0
384,control,0,0.0
385,control,0,0.0
386,control,0,0.0
387,control,0,0.0
388,control,0,0.0
389,control,0,0.0
390,control,0,0.0
391,control,0,0.0
392,control,0,0.0
393,control,0,0.0
394,control,0,0.0
395,control,0,0.0
396,control,0,0.0
397,control,0,0.0
398,control,0,0.0
399,control,0,0.0
400,control,0,0.0
401,control,0,0.0
402,control,0,0.0
403,control,1,87.64
404,control,0,0.0
405,control,0,0.0
406,control,1,86.8
407,control,0,0.0
408,control,0,0.0
409,control,0,0.0
410,control,0,0.0
411,control,0,0.0
412,control,0,0.0
413,control,0,0.0
414,control,0,0.0
415,control,1,105.63
416,control,0,0.0
417,control,0,0.0
418,control,0,0.0
419,control,0,0.0
420,control,0,0.0
421,control,0,0.0
422,control,0,0.0
423,control,0,0.0
424,control,0,0.0
425,control,0,0.0
426,control,0,0.0
427,control,1,79.06
428,control,0,0.0
429,control,0,0.0
430,control,0,0.0
431,control,0,0.0
432,control,0,0.0
433,control,0,0.0
434,control,0,0.0
435,control,0,0.0
436,control,0,0.0
437,control,0,0.0
438,control,0,0.0
439,control,1,21.71
440,control,0,0.0
441,control,0,0.0
442,control,0,0.0
443,control,0,0.0
444,control,0,0.0
445,control,1,76.0
446,control,0,0.0
447,control,0,0.0
448,control,0,0.0
449,control,0,0.0
450,control,0,0.0
451,control,0,0.0
452,control,0,0.0
453,control,0,0.0
454,control,0,0.0
455,control,0,0.0
456,control,0,0.0
457,control,0,0.0
458,control,1,55.16
459,control,0,0.0
460,control,1,88.57
461,control,0,0.0
462,control,1,28.15
463,control,0,0.0
464,control,0,0.0
465,control,0,0.0
466,control,0,0.0
467,control,1,89.75
468,control,0,0.0
469,control,0,0.0
470,control,0,0.0
471,control,0,0.0
472,control,0,0.0
473,control,0,0.0
474,control,0,0.0
475,control,0,0.0
476,control,0,0.0
477,control,0,0.0
478,control,0,0.0
479,control,0,0.0
480,control,0,0.0
481,control,0,0.0
482,control,0,0.0
483,control,0,0.0
484,control,0,0.0
485,control,0,0.0
486,control,0,0.0
487,control,0,0.0
488,control,0,0.0
489,control,0,0.0
490,control,0,0.0
491,control,0,0.0
492,control,0,0.0
493,control,0,0.0
494,control,0,0.0
495,control,0,0.0
496,control,0,0.0
497,control,0,0.0
498,control,0,0.0
499,control,0,0.0
500,control,0,0.0
501,control,0,0.0
502,control,0,0.0
503,control,0,0.0
504,control,0,0.0
505,control,0,0.0
506,control,0,0.0
507,control,0,0.0
508,control,0,0.0
509,control,1,21.0
510,control,0,0.0
511,control,0,0.0
512,control,0,0.0
513,control,0,0.0
514,control,0,0.0
515,control,0,0.0
516,control,0,0.0
517,control,0,0.0
518,control,0,0.0
519,control,0,0.0
520,control,0,0.0
521,control,0,0.0
522,control,0,0.0
523,control,0,0.0
524,control,0,0.0
525,control,0,0.0
526,control,0,0.0
527,control,0,0.0
528,control,0,0.0
529,control,0,0.0
530,control,0,0.0
531,control,0,0.0
532,control,0,0.0
533,control,0,0.0
534,control,0,0.0
535,control,1,51.3
536,control,0,0.0
537,control,0,0.0
538,control,1,25.96
539,control,0,0.0
540,control,0,0.0
541,control,1,60.87
542,control,0,0.0
543,control,0,0.0
544,control,0,0.0
545,control,0,0.0
546,control,0,0.0
547,control,0,0.0
548,control,0,0.0
549,control,0,0.0
550,control,0,0.0
551,control,0,0.0
552,control,1,65.32
553,control,0,0.0
554,control,0,0.0
555,control,0,0.0
556,control,0,0.0
557,control,1,51.08
558,control,0,0.0
559,control,0,0.0
560,control,0,0.0
561,control,1,43.31
562,control,0,0.0
563,control,0,0.0
564,control,0,0.0
565,control,0,0.0
566,control,1,54.06
567,control,0,0.0
568,control,0,0.0
569,control,0,0.0
570,control,0,0.0
571,control,0,0.0
572,control,0,0.0
573,control,0,0.0
574,control,0,0.0
575,control,0,0.0
576,control,0,0.0
577,control,1,70.99
578,control,0,0.0
579,control,0,0.0
580,control,0,0.0
581,control,1,22.62
582,control,0,0.0
583,control,0,0.0
584,control,0,0.0
585,control,0,0.0
586,control,0,0.0
587,control,0,0.0
588,control,0,0.0
589,control,0,0.0
590,control,0,0.0
591,control,0,0.0
592,control,0,0.0
593,control,1,38.86
594,control,0,0.0
595,control,0,0.0
596,control,0,0.0
597,control,0,0.0
598,control,0,0.0
599,control,0,0.0
600,control,0,0.0
601,control,0,0.0
602,control,0,0.0
603,control,0,0.0
604,control,0,0.0
605,control,0,0.0
606,control,0,0.0
607,control,1,69.57
608,control,0,0.0
609,control,0,0.0
610,control,0,0.0
611,control,0,0.0
612,control,1,54.76
613,control,0,0.0
614,control,0,0.0
615,control,0,0.0
616,control,0,0.0
617,control,0,0.0
618,control,0,0.0
619,control,1,55.07
620,control,1,38.44
621,control,0,0.0
622,control,0,0.0
623,control,0,0.0
624,control,1,59.36
625,control,0,0.0
626,control,0,0.0
627,control,0,0.0
628,control,0,0.0
629,control,0,0.0
630,control,1,30.5
631,control,0,0.0
632,control,0,0.0
633,control,0,0.0
634,control,0,0.0
635,control,0,0.0
636,control,0,0.0
637,control,0,0.0
638,control,0,0.0
639,control,0,0.0
640,control,0,0.0
641,control,0,0.0
642,control,0,0.0
643,control,0,0.0
644,control,0,0.0
645,control,0,0.0
646,control,0,0.0
647,control,0,0.0
648,control,0,0.0
649,control,0,0.0
650,control,0,0.0
651,control,0,0.0
652,control,0,0.0
653,control,0,0.0
654,control,0,0.0
655,control,0,0.0
656,control,0,0.0
657,control,0,0.0
658,control,0,0.0
659,control,0,0.0
660,control,0,0.0
661,control,0,0.0
662,control,0,0.0
663,control,0,0.0
664,control,0,0.0
665,control,1,79.66
666,control,0,0.0
667,control,0,0.0
668,control,0,0.0
669,control,0,0.0
670,control,0,0.0
671,control,0,0.0
672,control,0,0.0
673,control,0,0.0
674,control,0,0.0
675,control,0,0.0
676,control,0,0.0
677,control,0,0.0
678,control,0,0.0
679,control,0,0.0
680,control,0,0.0
681,control,0,0.0
682,control,0,0.0
683,control,0,0.0
684,control,0,0.0
685,control,1,74.16
686,control,0,0.0
687,control,1,21.1
688,control,0,0.0
689,control,0,0.0
690,control,0,0.0
691,control,1,32.04
692,control,0,0.0
693,control,0,0.0
694,control,0,0.0
695,control,0,0.0
696,control,0,0.0
697,control,0,0.0
698,control,0,0.0
699,control,1,76.72
700,control,0,0.0
701,control,0,0.0
702,control,0,0.0
703,control,0,0.0
704,control,0,0.0
705,control,0,0.0
706,control,0,0.0
707,control,0,0.0
708,control,0,0.0
709,control,0,0.0
710,control,0,0.0
711,control,0,0.0
712,control,0,0.0
713,control,0,0.0
714,control,0,0.0
715,control,0,0.0
716,control,0,0.0
717,control,0,0.0
718,control,0,0.0
719,control,0,0.0
720,control,0,0.0
721,control,0,0.0
722,control,0,0.0
723,control,0,0.0
724,control,0,0.0
725,control,1,44.22
726,control,0,0.0
727,control,0,0.0
728,control,0,0.0
729,control,0,0.0
730,control,0,0.0
731,control,0,0.0
732,control,1,35.98
733,control,0,0.0
734,control,0,0.0
735,control,0,0.0
736,control,0,0.0
737,control,0,0.0
738,control,0,0.0
739,control,0,0.0
740,control,0,0.0
741,control,0,0.0
742,control,0,0.0
743,control,0,0.0
744,control,1,55.97
745,control,0,0.0
746,control,1,58.37
747,control,0,0.0
748,control,0,0.0
749,control,0,0.0
750,control,0,0.0
751,control,0,0.0
752,control,1,75.23
753,control,0,0.0
754,control,0,0.0
755,control,0,0.0
756,control,0,0.0
757,control,0,0.0
758,control,0,0.0
759,control,0,0.0
760,control,0,0.0
761,control,0,0.0
762,control,1,22.92
763,control,0,0.0
764,control,1,95.08
765,control,0,0.0
766,control,1,44.06
767,control,1,19.95
768,control,0,0.0
769,control,0,0.0
770,control,0,0.0
771,control,0,0.0
772,control,0,0.0
773,control,0,0.0
774,control,0,0.0
775,control,0,0.0
776,control,0,0.0
777,control,0,0.0
778,control,0,0.0
779,control,0,0.0
780,control,0,0.0
781,control,0,0.0
782,control,0,0.0
783,control,0,0.0
784,control,0,0.0
785,control,0,0.0
786,control,0,0.0
787,control,0,0.0
788,control,0,0.0
789,control,0,0.0
790,control,0,0.0
791,control,0,0.0
792,control,0,0.0
793,control,0,0.0
794,control,0,0.0
795,control,0,0.0
796,control,0,0.0
797,control,0,0.0
798,control,0,0.0
799,control,1,61.18
800,control,1,53.28
801,control,0,0.0
802,control,0,0.0
803,control,0,0.0
804,control,0,0.0
805,control,0,0.0
806,control,0,0.0
807,control,0,0.0
808,control,0,0.0
809,control,1,34.2
810,control,0,0.0
811,control,0,0.0
812,control,0,0.0
813,control,0,0.0
814,control,0,0.0
815,control,0,0.0
816,control,0,0.0
817,control,0,0.0
818,control,0,0.0
819,control,0,0.0
820,control,0,0.0
821,control,0,0.0
822,control,1,67.09
823,control,0,0.0
824,control,0,0.0
825,control,0,0.0
826,control,0,0.0
827,control,0,0.0
828,control,0,0.0
829,control,1,38.83
830,control,0,0.0
831,control,0,0.0
832,control,0,0.0
833,control,0,0.0
834,control,0,0.0
835,control,0,0.0
836,control,0,0.0
837,control,1,30.38
838,control,0,0.0
839,control,0,0.0
840,control,1,43.1
841,control,0,0.0
842,control,0,0.0
843,control,0,0.0
844,control,0,0.0
845,control,0,0.0
846,control,0,0.0
847,control,0,0.0
848,control,0,0.0
849,control,0,0.0
850,control,1,49.16
851,control,0,0.0
852,control,0,0.0
853,control,0,0.0
854,control,0,0.0
855,control,0,0.0
856,control,0,0.0
857,control,0,0.0
858,control,0,0.0
859,control,1,65.56
860,control,0,0.0
861,control,1,50.0
862,control,0,0.0
863,control,0,0.0
864,control,0,0.0
865,control,0,0.0
866,control,1,44.83
867,control,0,0.0
868,control,0,0.0
869,control,0,0.0
870,control,0,0.0
871,control,0,0.0
872,control,0,0.0
873,control,0,0.0
874,control,0,0.0
875,control,0,0.0
876,control,0,0.0
877,control,0,0.0
878,control,0,0.0
879,control,0,0.0
880,control,1,80.31
881,control,0,0.0
882,control,0,0.0
883,control,0,0.0
884,control,0,0.0
885,control,0,0.0
886,control,0,0.0
887,control,0,0.0
888,control,0,0.0
889,control,0,0.0
890,control,0,0.0
891,control,0,0.0
892,control,1,61.58
893,control,0,0.0
894,control,0,0.0
895,control,0,0.0
896,control,0,0.0
897,control,0,0.0
898,control,1,15.17
899,control,0,0.0
900,control,0,0.0
901,control,0,0.0
902,control,0,0.0
903,control,0,0.0
904,control,0,0.0
905,control,0,0.0
906,control,0,0.0
907,control,0,0.0
908,control,0,0.0
909,control,0,0.0
910,control,0,0.0
911,control,0,0.0
912,control,0,0.0
913,control,0,0.0
914,control,0,0.0
915,control,0,0.0
916,control,0,0.0
917,control,0,0.0
918,control,0,0.0
919,control,0,0.0
920,control,0,0.0
921,control,0,0.0
922,control,0,0.0
923,control,0,0.0
924,control,0,0.0
925,control,0,0.0
926,control,0,0.0
927,control,0,0.0
928,control,0,0.0
929,control,0,0.0
930,control,0,0.0
931,control,0,0.0
932,control,0,0.0
933,control,1,99.45
934,control,1,31.66
935,control,0,0.0
936,control,0,0.0
937,control,1,45.3
938,control,0,0.0
939,control,0,0.0
940,control,0,0.0
941,control,0,0.0
942,control,0,0.0
943,control,1,90.54
944,control,0,0.0
945,control,0,0.0
946,control,1,64.79
947,control,0,0.0
948,control,0,0.0
949,control,0,0.0
950,control,0,0.0
951,control,0,0.0
952,control,0,0.0
953,control,1,125.98
954,control,0,0.0
955,control,1,70.11
956,control,0,0.0
957,control,0,0.0
958,control,0,0.0
959,control,0,0.0
960,control,1,20.44
961,control,0,0.0
962,control,0,0.0
963,control,0,0.0
964,control,0,0.0
965,control,1,48.89
966,control,0,0.0
967,control,0,0.0
968,control,0,0.0
969,control,0,0.0
970,control,0,0.0
971,control,0,0.0
972,control,0,0.0
973,control,0,0.0
974,control,0,0.0
975,control,0,0.0
976,control,0,0.0
977,control,0,0.0
978,control,0,0.0
979,control,1,106.33
980,control,0,0.0
981,control,0,0.0
982,control,0,0.0
983,control,0,0.0
984,control,0,0.0
985,control,0,0.0
986,control,0,0.0
987,control,0,0.0
988,control,0,0.0
989,control,0,0.0
990,control,0,0.0
991,control,0,0.0
992,control,0,0.0
993,control,0,0.0
994,control,0,0.0
995,control,0,0.0
996,control,0,0.0
997,control,1,49.98
998,control,0,0.0
999,control,0,0.0
1000,control,0,0.0
1001,control,0,0.0
1002,control,0,0.0
1003,control,0,0.0
1004,control,0,0.0
1005,control,0,0.0
1006,control,0,0.0
1007,control,0,0.0
1008,control,0,0.0
1009,control,1,37.0
1010,control,0,0.0
1011,control,0,0.0
1012,control,0,0.0
1013,control,0,0.0
1014,control,0,0.0
1015,control,0,0.0
1016,control,1,57.81
1017,control,0,0.0
1018,control,0,0.0
1019,control,1,73.4
1020,control,0,0.0
1021,control,0,0.0
1022,control,0,0.0
1023,control,0,0.0
1024,control,0,0.0
1025,control,0,0.0
1026,control,0,0.0
1027,control,0,0.0
1028,control,0,0.0
1029,control,0,0.0
1030,control,0,0.0
1031,control,0,0.0
1032,control,1,75.3
1033,control,0,0.0
1034,control,0,0.0
1035,control,0,0.0
1036,control,1,62.49
1037,control,0,0.0
1038,control,0,0.0
1039,control,0,0.0
1040,control,0,0.0
1041,control,0,0.0
1042,control,0,0.0
1043,control,0,0.0
1044,control,0,0.0
1045,control,0,0.0
1046,control,0,0.0
1047,control,0,0.0
1048,control,1,22.74
1049,control,1,80.71
1050,control,1,67.52
1051,control,0,0.0
1052,control,0,0.0
1053,control,0,0.0
1054,control,0,0.0
1055,control,0,0.0
1056,control,0,0.0
1057,control,0,0.0
1058,control,1,50.28
1059,control,0,0.0
1060,control,0,0.0
1061,control,0,0.0
1062,control,0,0.0
1063,control,0,0.0
1064,control,0,0.0
1065,control,0,0.0
1066,control,0,0.0
1067,control,0,0.0
1068,control,0,0.0
1069,control,0,0.0
1070,control,0,0.0
1071,control,0,0.0
1072,control,0,0.0
1073,control,1,41.9
1074,control,0,0.0
1075,control,0,0.0
1076,control,0,0.0
1077,control,0,0.0
1078,control,0,0.0
1079,control,0,0.0
1080,control,1,98.47
1081,control,0,0.0
1082,control,0,0.0
1083,control,0,0.0
1084,control,0,0.0
1085,control,0,0.0
1086,control,0,0.0
1087,control,0,0.0
1088,control,0,0.0
1089,control,0,0.0
1090,control,0,0.0
1091,control,0,0.0
1092,control,0,0.0
1093,control,0,0.0
1094,control,1,47.93
1095,control,0,0.0
1096,control,0,0.0
1097,control,0,0.0
1098,control,0,0.0
1099,control,0,0.0
1100,control,0,0.0
1101,control,0,0.0
1102,control,0,0.0
1103,control,0,0.0
1104,control,0,0.0
1105,control,0,0.0
1106,control,1,91.34
1107,control,0,0.0
1108,control,0,0.0
1109,control,1,42.33
1110,control,1,82.66
1111,control,0,0.0
1112,control,0,0.0
1113,control,0,0.0
1114,control,0,0.0
1115,control,0,0.0
1116,control,0,0.0
1117,control,0,0.0
1118,control,0,0.0
1119,control,0,0.0
1120,control,1,54.22
1121,control,1,25.7
1122,control,0,0.0
1123,control,1,59.1
1124,control,0,0.0
1125,control,0,0.0
1126,control,0,0.0
1127,control,0,0.0
1128,control,0,0.0
1129,control,0,0.0
1130,control,0,0.0
1131,control,0,0.0
1132,control,0,0.0
1133,control,0,0.0
1134,control,0,0.0
1135,control,1,72.14
1136,control,0,0.0
1137,control,0,0.0
1138,control,0,0.0
1139,control,0,0.0
1140,control,1,50.45
1141,control,0,0.0
1142,control,0,0.0
1143,control,0,0.0
1144,control,0,0.0
1145,control,0,0.0
1146,control,0,0.0
1147,control,0,0.0
1148,control,0,0.0
1149,control,1,80.57
1150,control,0,0.0
1151,control,0,0.0
1152,control,0,0.0
1153,control,0,0.0
1154,control,0,0.0
1155,control,0,0.0
1156,control,0,0.0
1157,control,0,0.0
1158,control,0,0.0
1159,control,0,0.0
1160,control,0,0.0
1161,control,0,0.0
1162,control,1,41.38
1163,control,0,0.0
1164,control,0,0.0
1165,control,0,0.0
1166,control,0,0.0
1167,control,0,0.0
1168,control,0,0.0
1169,control,0,0.0
1170,control,0,0.0
1171,control,0,0.0
1172,control,0,0.0
1173,control,0,0.0
1174,control,0,0.0
1175,control,0,0.0
1176,control,0,0.0
1177,control,0,0.0
1178,control,0,0.0
1179,control,0,0.0
1180,control,0,0.0
1181,control,0,0.0
1182,control,0,0.0
1183,control,0,0.0
1184,control,0,0.0
1185,control,0,0.0
1186,control,0,0.0
1187,control,0,0.0
1188,control,0,0.0
1189,control,0,0.0
1190,control,0,0.0
1191,control,0,0.0
1192,control,0,0.0
1193,control,0,0.0
1194,control,0,0.0
1195,control,0,0.0
1196,control,0,0.0
1197,control,0,0.0
1198,control,0,0.0
1199,control,0,0.0
1200,control,0,0.0
1201,control,1,32.53
1202,control,0,0.0
1203,control,0,0.0
1204,control,0,0.0
1205,control,1,32.06
1206,control,0,0.0
1207,control,0,0.0
1208,control,0,0.0
1209,control,0,0.0
1210,control,0,0.0
1211,control,1,46.9
1212,control,0,0.0
1213,control,0,0.0
1214,control,0,0.0
1215,control,0,0.0
1216,control,0,0.0
1217,control,0,0.0
1218,control,0,0.0
1219,control,0,0.0
1220,control,0,0.0
1221,control,0,0.0
1222,control,1,50.5
1223,control,0,0.0
1224,control,0,0.0
1225,control,0,0.0
1226,control,0,0.0
1227,control,0,0.0
1228,control,0,0.0
1229,control,0,0.0
1230,control,0,0.0
1231,control,0,0.0
1232,control,0,0.0
1233,control,0,0.0
1234,control,0,0.0
1235,control,0,0.0
1236,control,0,0.0
1237,control,0,0.0
1238,control,0,0.0
1239,control,0,0.0
1240,control,0,0.0
1241,control,0,0.0
1242,control,1,55.5
1243,control,0,0.0
1244,control,0,0.0
1245,control,0,0.0
1246,control,0,0.0
1247,control,0,0.0
1248,control,0,0.0
1249,control,0,0.0
1250,control,0,0.0
1251,control,0,0.0
1252,control,0,0.0
1253,control,0,0.0
1254,control,0,0.0
1255,control,0,0.0
1256,control,0,0.0
1257,control,0,0.0
1258,control,0,0.0
1259,control,1,89.47
1260,control,1,63.08
1261,control,0,0.0
1262,control,0,0.0
1263,control,0,0.0
1264,control,0,0.0
1265,control,0,0.0
1266,control,0,0.0
1267,control,0,0.0
1268,control,0,0.0
1269,control,1,55.09
1270,control,0,0.0
1271,control,0,0.0
1272,control,0,0.0
1273,control,0,0.0
1274,control,0,0.0
1275,control,0,0.0
1276,control,0,0.0
1277,control,0,0.0
1278,control,1,20.88
1279,control,0,0.0
1280,control,1,34.18
1281,control,0,0.0
1282,control,1,39.3
1283,control,0,0.0
1284,control,0,0.0
1285,control,0,0.0
1286,control,0,0.0
1287,control,1,34.03
1288,control,0,0.0
1289,control,0,0.0
1290,control,1,47.22
1291,control,0,0.0
1292,control,0,0.0
1293,control,0,0.0
1294,control,0,0.0
1295,control,0,0.0
1296,control,0,0.0
1297,control,0,0.0
1298,control,0,0.0
1299,control,0,0.0
1300,control,0,0.0
1301,control,1,43.07
1302,control,0,0.0
1303,control,1,50.68
1304,control,0,0.0
1305,control,0,0.0
1306,control,0,0.0
1307,control,0,0.0
1308,control,0,0.0
1309,control,0,0.0
1310,control,0,0.0
1311,control,0,0.0
1312,control,1,70.85
1313,control,0,0.0
1314,control,0,0.0
1315,control,0,0.0
1316,control,0,0.0
1317,control,0,0.0
1318,control,0,0.0
1319,control,0,0.0
1320,control,0,0.0
1321,control,0,0.0
1322,control,0,0.0
1323,control,0,0.0
1324,control,0,0.0
1325,control,0,0.0
1326,control,0,0.0
1327,control,0,0.0
1328,control,0,0.0
1329,control,0,0.0
1330,control,0,0.0
1331,control,0,0.0
1332,control,0,0.0
1333,control,0,0.0
1334,control,0,0.0
1335,control,0,0.0
1336,control,0,0.0
1337,control,0,0.0
1338,control,0,0.0
1339,control,0,0.0
1340,control,0,0.0
1341,control,0,0.0
1342,control,0,0.0
1343,control,0,0.0
1344,control,0,0.0
1345,control,0,0.0
1346,control,0,0.0
1347,control,0,0.0
1348,control,0,0.0
1349,control,0,0.0
1350,control,0,0.0
1351,control,0,0.0
1352,control,0,0.0
1353,control,0,0.0
1354,control,1,42.99
1355,control,0,0.0
1356,control,1,66.76
1357,control,0,0.0
1358,control,0,0.0
1359,control,0,0.0
1360,control,0,0.0
1361,control,1,61.7
1362,control,0,0.0
1363,control,0,0.0
1364,control,0,0.0
1365,control,0,0.0
1366,control,1,65.97
1367,control,0,0.0
1368,control,1,39.18
1369,control,0,0.0
1370,control,1,82.44
1371,control,0,0.0
1372,control,0,0.0
1373,control,0,0.0
1374,control,0,0.0
1375,control,0,0.0
1376,control,0,0.0
1377,control,0,0.0
1378,control,0,0.0
1379,control,0,0.0
1380,control,0,0.0
1381,control,0,0.0
1382,control,0,0.0
1383,control,0,0.0
1384,control,0,0.0
1385,control,0,0.0
1386,control,0,0.0
1387,control,0,0.0
1388,control,0,0.0
1389,control,0,0.0
1390,control,1,50.22
1391,control,0,0.0
1392,control,0,0.0
1393,control,0,0.0
1394,control,0,0.0
1395,control,0,0.0
1396,control,0,0.0
1397,control,0,0.0
1398,control,0,0.0
1399,control,0,0.0
1400,control,0,0.0
1401,control,0,0.0
1402,control,0,0.0
1403,control,0,0.0
1404,control,0,0.0
1405,control,0,0.0
1406,control,0,0.0
1407,control,1,31.27
1408,control,0,0.0
1409,control,0,0.0
1410,control,0,0.0
1411,control,0,0.0
1412,control,0,0.0
1413,control,0,0.0
1414,control,0,0.0
1415,control,0,0.0
1416,control,0,0.0
1417,control,0,0.0
1418,control,0,0.0
1419,control,0,0.0
1420,control,0,0.0
1421,control,0,0.0
1422,control,0,0.0
1423,control,0,0.0
1424,control,0,0.0
1425,control,0,0.0
1426,control,1,52.93
1427,control,0,0.0
1428,control,0,0.0
1429,control,0,0.0
1430,control,0,0.0
1431,control,0,0.0
1432,control,0,0.0
1433,control,0,0.0
1434,control,0,0.0
1435,control,0,0.0
1436,control,1,59.63
1437,control,1,36.03
1438,control,0,0.0
1439,control,0,0.0
1440,control,0,0.0
1441,control,0,0.0
1442,control,0,0.0
1443,control,0,0.0
1444,control,0,0.0
1445,control,0,0.0
1446,control,0,0.0
1447,control,0,0.0
1448,control,0,0.0
1449,control,0,0.0
1450,control,0,0.0
1451,control,0,0.0
1452,control,0,0.0
1453,control,1,27.03
1454,control,0,0.0
1455,control,0,0.0
1456,control,1,73.79
1457,control,0,0.0
1458,control,0,0.0
1459,control,0,0.0
1460,control,0,0.0
1461,control,1,73.18
1462,control,0,0.0
1463,control,0,0.0
1464,control,0,0.0
1465,control,0,0.0
1466,control,0,0.0
1467,control,0,0.0
1468,control,0,0.0
1469,control,0,0.0
1470,control,0,0.0
1471,control,0,0.0
1472,control,0,0.0
1473,control,0,0.0
1474,control,0,0.0
1475,control,0,0.0
1476,control,0,0.0
1477,control,0,0.0
1478,control,0,0.0
1479,control,0,0.0
1480,control,0,0.0
1481,control,1,42.84
1482,control,0,0.0
1483,control,0,0.0
1484,control,0,0.0
1485,control,0,0.0
1486,control,0,0.0
1487,control,0,0.0
1488,control,0,0.0
1489,control,0,0.0
1490,control,0,0.0
1491,control,0,0.0
1492,control,0,0.0
1493,control,0,0.0
1494,control,0,0.0
1495,control,0,0.0
1496,control,0,0.0
1497,control,0,0.0
1498,control,1,41.53
1499,control,1,44.48
1500,control,0,0.0
1501,control,1,43.24
1502,control,0,0.0
1503,control,0,0.0
1504,control,0,0.0
1505,control,0,0.0
1506,control,0,0.0
1507,control,0,0.0
1508,control,0,0.0
1509,control,0,0.0
1510,control,0,0.0
1511,control,0,0.0
1512,control,0,0.0
1513,control,0,0.0
1514,control,0,0.0
1515,control,0,0.0
1516,control,0,0.0
1517,control,0,0.0
1518,control,1,74.71
1519,control,1,46.63
1520,control,1,53.3
1521,control,0,0.0
1522,control,0,0.0
1523,control,0,0.0
1524,control,0,0.0
1525,control,0,0.0
1526,control,0,0.0
1527,control,0,0.0
1528,control,1,90.45
1529,control,0,0.0
1530,control,0,0.0
1531,control,0,0.0
1532,control,0,0.0
1533,control,1,72.08
1534,control,0,0.0
1535,control,0,0.0
1536,control,0,0.0
1537,control,1,39.42
1538,control,0,0.0
1539,control,0,0.0
1540,control,0,0.0
1541,control,0,0.0
1542,control,0,0.0
1543,control,0,0.0
1544,control,0,0.0
1545,control,0,0.0
1546,control,0,0.0
1547,control,0,0.0
1548,control,0,0.0
1549,control,0,0.0
1550,control,0,0.0
1551,control,1,27.65
1552,control,0,0.0
1553,control,0,0.0
1554,control,0,0.0
1555,control,0,0.0
1556,control,0,0.0
1557,control,0,0.0
1558,control,0,0.0
1559,control,0,0.0
1560,control,0,0.0
1561,control,0,0.0
1562,control,0,0.0
1563,control,0,0.0
1564,control,0,0.0
1565,control,0,0.0
1566,control,1,63.86
1567,control,0,0.0
1568,control,0,0.0
1569,control,0,0.0
1570,control,0,0.0
1571,control,1,71.05
1572,control,0,0.0
1573,control,0,0.0
1574,control,0,0.0
1575,control,0,0.0
1576,control,0,0.0
1577,control,0,0.0
1578,control,0,0.0
1579,control,0,0.0
1580,control,0,0.0
1581,control,0,0.0
1582,control,1,92.45
1583,control,0,0.0
1584,control,1,95.71
1585,control,1,70.71
1586,control,0,0.0
1587,control,0,0.0
1588,control,0,0.0
1589,control,0,0.0
1590,control,0,0.0
1591,control,0,0.0
1592,control,1,67.96
1593,control,0,0.0
1594,control,0,0.0
1595,control,0,0.0
1596,control,0,0.0
1597,control,0,0.0
1598,control,0,0.0
1599,control,0,0.0
1600,control,0,0.0
1601,control,0,0.0
1602,control,0,0.0
1603,control,0,0.0
1604,control,1,77.59
1605,control,1,27.49
1606,control,0,0.0
1607,control,0,0.0
1608,control,0,0.0
1609,control,0,0.0
1610,control,0,0.0
1611,control,0,0.0
1612,control,0,0.0
1613,control,0,0.0
1614,control,0,0.0
1615,control,0,0.0
1616,control,0,0.0
1617,control,0,0.0
1618,control,0,0.0
1619,control,0,0.0
1620,control,0,0.0
1621,control,0,0.0
1622,control,1,44.12
1623,control,0,0.0
1624,control,0,0.0
1625,control,1,30.85
1626,control,0,0.0
1627,control,0,0.0
1628,control,0,0.0
1629,control,0,0.0
1630,control,0,0.0
1631,control,0,0.0
1632,control,0,0.0
1633,control,0,0.0
1634,control,0,0.0
1635,control,0,0.0
1636,control,0,0.0
1637,control,0,0.0
1638,control,0,0.0
1639,control,0,0.0
1640,control,0,0.0
1641,control,1,38.69
1642,control,0,0.0
1643,control,0,0.0
1644,control,0,0.0
1645,control,0,0.0
1646,control,0,0.0
1647,control,0,0.0
1648,control,0,0.0
1649,control,0,0.0
1650,control,0,0.0
1651,control,0,0.0
1652,control,0,0.0
1653,control,0,0.0
1654,control,1,70.7
1655,control,0,0.0
1656,control,0,0.0
1657,control,0,0.0
1658,control,0,0.0
1659,control,0,0.0
1660,control,0,0.0
1661,control,0,0.0
1662,control,0,0.0
1663,control,0,0.0
1664,control,0,0.0
1665,control,0,0.0
1666,control,1,62.26
1667,control,0,0.0
1668,control,0,0.0
1669,control,0,0.0
1670,control,1,45.76
1671,control,1,96.94
1672,control,0,0.0
1673,control,0,0.0
1674,control,0,0.0
1675,control,0,0.0
1676,control,1,66.55
1677,control,0,0.0
1678,control,0,0.0
1679,control,0,0.0
1680,control,0,0.0
1681,control,0,0.0
1682,control,0,0.0
1683,control,0,0.0
1684,control,0,0.0
1685,control,0,0.0
1686,control,0,0.0
1687,control,0,0.0
1688,control,0,0.0
1689,control,0,0.0
1690,control,0,0.0
1691,control,1,60.81
1692,control,0,0.0
1693,control,0,0.0
1694,control,0,0.0
1695,control,1,54.8
1696,control,0,0.0
1697,control,1,48.93
1698,control,0,0.0
1699,control,0,0.0
1700,control,1,37.72
1701,control,0,0.0
1702,control,1,46.6
1703,control,0,0.0
1704,control,0,0.0
1705,control,0,0.0
1706,control,0,0.0
1707,control,0,0.0
1708,control,0,0.0
1709,control,0,0.0
1710,control,1,32.0
1711,control,0,0.0
1712,control,0,0.0
1713,control,0,0.0
1714,control,0,0.0
1715,control,0,0.0
1716,control,0,0.0
1717,control,0,0.0
1718,control,0,0.0
1719,control,0,0.0
1720,control,0,0.0
1721,control,1,34.82
1722,control,0,0.0
1723,control,0,0.0
1724,control,0,0.0
1725,control,0,0.0
1726,control,0,0.0
1727,control,0,0.0
1728,control,0,0.0
1729,control,0,0.0
1730,control,0,0.0
1731,control,1,41.93
1732,control,0,0.0
1733,control,0,0.0
1734,control,0,0.0
1735,control,0,0.0
1736,control,0,0.0
1737,control,0,0.0
1738,control,0,0.0
1739,control,1,21.71
1740,control,0,0.0
1741,control,0,0.0
1742,control,0,0.0
1743,control,0,0.0
1744,control,0,0.0
1745,control,1,145.69
1746,control,0,0.0
1747,control,1,29.1
1748,control,0,0.0
1749,control,0,0.0
1750,control,0,0.0
1751,control,0,0.0
1752,control,0,0.0
1753,control,1,61.45
1754,control,0,0.0
1755,control,0,0.0
1756,control,0,0.0
1757,control,1,8.88
1758,control,0,0.0
1759,control,0,0.0
1760,control,0,0.0
1761,control,0,0.0
1762,control,0,0.0
1763,control,0,0.0
1764,control,0,0.0
1765,control,0,0.0
1766,control,0,0.0
1767,control,0,0.0
1768,control,0,0.0
1769,control,1,64.44
1770,control,0,0.0
1771,control,0,0.0
1772,control,0,0.0
1773,control,0,0.0
1774,control,0,0.0
1775,control,1,26.82
1776,control,0,0.0
1777,control,0,0.0
1778,control,0,0.0
1779,control,0,0.0
1780,control,0,0.0
1781,control,0,0.0
1782,control,0,0.0
1783,control,1,32.5
1784,control,0,0.0
1785,control,0,0.0
1786,control,0,0.0
1787,control,0,0.0
1788,control,0,0.0
1789,control,0,0.0
1790,control,0,0.0
1791,control,0,0.0
1792,control,0,0.0
1793,control,0,0.0
1794,control,0,0.0
1795,control,0,0.0
1796,control,0,0.0
1797,control,0,0.0
1798,control,0,0.0
1799,control,0,0.0
1800,control,0,0.0
1801,control,0,0.0
1802,control,0,0.0
1803,control,0,0.0
1804,control,0,0.0
1805,control,0,0.0
1806,control,0,0.0
1807,control,0,0.0
1808,control,0,0.0
1809,control,0,0.0
1810,control,0,0.0
1811,control,0,0.0
1812,control,0,0.0
1813,control,0,0.0
1814,control,0,0.0
1815,control,0,0.0
1816,control,0,0.0
1817,control,0,0.0
1818,control,0,0.0
1819,control,0,0.0
1820,control,0,0.0
1821,control,0,0.0
1822,control,1,55.94
1823,control,0,0.0
1824,control,0,0.0
1825,control,0,0.0
1826,control,0,0.0
1827,control,1,14.22
1828,control,0,0.0
1829,control,0,0.0
1830,control,0,0.0
1831,control,0,0.0
1832,control,0,0.0
1833,control,0,0.0
1834,control,0,0.0
1835,control,0,0.0
1836,control,0,0.0
1837,control,0,0.0
1838,control,0,0.0
1839,control,0,0.0
1840,control,0,0.0
1841,control,0,0.0
1842,control,1,37.51
1843,control,0,0.0
1844,control,0,0.0
1845,control,0,0.0
1846,control,0,0.0
1847,control,0,0.0
1848,control,0,0.0
1849,control,0,0.0
1850,control,0,0.0
1851,control,1,79.92
1852,control,0,0.0
1853,control,0,0.0
1854,control,0,0.0
1855,control,0,0.0
1856,control,0,0.0
1857,control,0,0.0
1858,control,0,0.0
1859,control,0,0.0
1860,control,0,0.0
1861,control,0,0.0
1862,control,0,0.0
1863,control,0,0.0
1864,control,0,0.0
1865,control,0,0.0
1866,control,0,0.0
1867,control,0,0.0
1868,control,0,0.0
1869,control,0,0.0
1870,control,0,0.0
1871,control,0,0.0
1872,control,0,0.0
1873,control,0,0.0
1874,control,0,0.0
1875,control,1,112.23
1876,control,0,0.0
1877,control,1,40.56
1878,control,0,0.0
1879,control,0,0.0
1880,control,0,0.0
1881,control,0,0.0
1882,control,0,0.0
1883,control,0,0.0
1884,control,1,40.62
1885,control,1,64.89
1886,control,0,0.0
1887,control,0,0.0
1888,control,0,0.0
1889,control,0,0.0
1890,control,1,44.88
1891,control,0,0.0
1892,control,0,0.0
1893,control,0,0.0
1894,control,1,39.09
1895,control,0,0.0
1896,control,1,36.88
1897,control,1,80.49
1898,control,0,0.0
1899,control,0,0.0
1900,control,0,0.0
1901,control,0,0.0
1902,control,0,0.0
1903,control,0,0.0
1904,control,0,0.0
1905,control,0,0.0
1906,control,0,0.0
1907,control,0,0.0
1908,control,0,0.0
1909,control,0,0.0
1910,control,0,0.0
1911,control,1,33.5
1912,control,0,0.0
1913,control,0,0.0
1914,control,0,0.0
1915,control,0,0.0
1916,control,0,0.0
1917,control,0,0.0
1918,control,1,45.97
1919,control,0,0.0
1920,control,0,0.0
1921,control,0,0.0
1922,control,0,0.0
1923,control,0,0.0
1924,control,0,0.0
1925,control,0,0.0
1926,control,0,0.0
1927,control,0,0.0
1928,control,0,0.0
1929,control,0,0.0
1930,control,0,0.0
1931,control,0,0.0
1932,control,0,0.0
1933,control,0,0.0
1934,control,0,0.0
1935,control,0,0.0
1936,control,0,0.0
1937,control,1,34.89
1938,control,0,0.0
1939,control,0,0.0
1940,control,1,87.59
1941,control,0,0.0
1942,control,0,0.0
1943,control,0,0.0
1944,control,1,47.33
1945,control,0,0.0
1946,control,0,0.0
1947,control,0,0.0
1948,control,0,0.0
1949,control,0,0.0
1950,control,0,0.0
1951,control,0,0.0
1952,control,1,114.6
1953,control,1,50.69
1954,control,1,71.69
1955,control,0,0.0
1956,control,0,0.0
1957,control,0,0.0
1958,control,1,68.7
1959,control,0,0.0
1960,control,0,0.0
1961,control,0,0.0
1962,control,0,0.0
1963,control,0,0.0
1964,control,0,0.0
1965,control,0,0.0
1966,control,0,0.0
1967,control,0,0.0
1968,control,0,0.0
1969,control,0,0.0
1970,control,0,0.0
1971,control,0,0.0
1972,control,0,0.0
1973,control,0,0.0
1974,control,1,20.09
1975,control,1,93.74
1976,control,1,101.3
1977,control,0,0.0
1978,control,0,0.0
1979,control,1,57.01
1980,control,1,102.65
1981,control,0,0.0
1982,control,0,0.0
1983,control,0,0.0
1984,control,0,0.0
1985,control,0,0.0
1986,control,0,0.0
1987,control,0,0.0
1988,control,0,0.0
1989,control,1,28.54
1990,control,0,0.0
1991,control,0,0.0
1992,control,0,0.0
1993,control,0,0.0
1994,control,0,0.0
1995,control,0,0.0
1996,control,0,0.0
1997,control,0,0.0
1998,control,0,0.0
1999,control,0,0.0
2000,control,0,0.0
2001,control,0,0.0
2002,control,0,0.0
2003,control,0,0.0
2004,control,0,0.0
2005,control,0,0.0
2006,control,0,0.0
2007,control,0,0.0
2008,control,1,38.55
2009,control,0,0.0
2010,control,0,0.0
2011,control,0,0.0
2012,control,0,0.0
2013,control,0,0.0
2014,control,0,0.0
2015,control,0,0.0
2016,control,0,0.0
2017,control,0,0.0
2018,control,0,0.0
2019,control,0,0.0
2020,control,0,0.0
2021,control,0,0.0
2022,control,0,0.0
2023,control,0,0.0
2024,control,0,0.0
2025,control,0,0.0
2026,control,0,0.0
2027,control,0,0.0
2028,control,0,0.0
2029,control,0,0.0
2030,control,0,0.0
2031,control,1,19.46
2032,control,0,0.0
2033,control,0,0.0
2034,control,0,0.0
2035,control,0,0.0
2036,control,0,0.0
2037,control,0,0.0
2038,control,0,0.0
2039,control,0,0.0
2040,control,0,0.0
2041,control,0,0.0
2042,control,0,0.0
2043,control,0,0.0
2044,control,0,0.0
2045,control,0,0.0
2046,control,0,0.0
2047,control,0,0.0
2048,control,0,0.0
2049,control,0,0.0
2050,control,0,0.0
2051,control,0,0.0
2052,control,1,68.82
2053,control,0,0.0
2054,control,0,0.0
2055,control,0,0.0
2056,control,0,0.0
2057,control,0,0.0
2058,control,1,59.37
2059,control,0,0.0
2060,control,0,0.0
2061,control,0,0.0
2062,control,0,0.0
2063,control,0,0.0
2064,control,0,0.0
2065,control,0,0.0
2066,control,0,0.0
2067,control,0,0.0
2068,control,0,0.0
2069,control,0,0.0
2070,control,0,0.0
2071,control,0,0.0
2072,control,0,0.0
2073,control,0,0.0
2074,control,1,48.17
2075,control,0,0.0
2076,control,0,0.0
2077,control,0,0.0
2078,control,0,0.0
2079,control,0,0.0
2080,control,0,0.0
2081,control,0,0.0
2082,control,0,0.0
2083,control,0,0.0
2084,control,0,0.0
2085,control,1,95.73
2086,control,0,0.0
2087,control,0,0.0
2088,control,0,0.0
2089,control,0,0.0
2090,control,0,0.0
2091,control,1,22.57
2092,control,0,0.0
2093,control,0,0.0
2094,control,0,0.0
2095,control,0,0.0
2096,control,0,0.0
2097,control,1,25.26
2098,control,0,0.0
2099,control,0,0.0
2100,control,0,0.0
2101,control,0,0.0
2102,control,0,0.0
2103,control,0,0.0
2104,control,0,0.0
2105,control,0,0.0
2106,control,1,69.76
2107,control,0,0.0
2108,control,1,28.78
2109,control,0,0.0
2110,control,0,0.0
2111,control,0,0.0
2112,control,0,0.0
2113,control,0,0.0
2114,control,0,0.0
2115,control,1,54.55
2116,control,0,0.0
2117,control,0,0.0
2118,control,0,0.0
2119,control,0,0.0
2120,control,0,0.0
2121,control,0,0.0
2122,control,0,0.0
2123,control,0,0.0
2124,control,0,0.0
2125,control,0,0.0
2126,control,0,0.0
2127,control,0,0.0
2128,control,0,0.0
2129,control,0,0.0
2130,control,0,0.0
2131,control,0,0.0
2132,control,0,0.0
2133,control,0,0.0
2134,control,0,0.0
2135,control,0,0.0
2136,control,0,0.0
2137,control,0,0.0
2138,control,0,0.0
2139,control,0,0.0
2140,control,0,0.0
2141,control,1,39.73
2142,control,0,0.0
2143,control,0,0.0
2144,control,0,0.0
2145,control,1,64.57
2146,control,1,43.19
2147,control,1,60.13
2148,control,0,0.0
2149,control,0,0.0
2150,control,1,67.47
2151,control,0,0.0
2152,control,0,0.0
2153,control,0,0.0
2154,control,0,0.0
2155,control,0,0.0
2156,control,0,0.0
2157,control,0,0.0
2158,control,0,0.0
2159,control,0,0.0
2160,control,0,0.0
2161,control,0,0.0
2162,control,1,83.34
2163,control,0,0.0
2164,control,0,0.0
2165,control,0,0.0
2166,control,1,55.51
2167,control,0,0.0
2168,control,0,0.0
2169,control,0,0.0
2170,control,1,64.46
2171,control,0,0.0
2172,control,1,89.64
2173,control,1,45.49
2174,control,0,0.0
2175,control,0,0.0
2176,control,0,0.0
2177,control,0,0.0
2178,control,0,0.0
2179,control,0,0.0
2180,control,0,0.0
2181,control,0,0.0
2182,control,0,0.0
2183,control,0,0.0
2184,control,0,0.0
2185,control,0,0.0
2186,control,1,39.14
2187,control,1,121.35
2188,control,0,0.0
2189,control,0,0.0
2190,control,0,0.0
2191,control,0,0.0
2192,control,0,0.0
2193,control,0,0.0
2194,control,0,0.0
2195,control,0,0.0
2196,control,0,0.0
2197,control,0,0.0
2198,control,0,0.0
2199,control,0,0.0
2200,control,0,0.0
2201,control,0,0.0
2202,control,0,0.0
2203,control,0,0.0
2204,control,0,0.0
2205,control,0,0.0
2206,control,0,0.0
2207,control,0,0.0
2208,control,0,0.0
2209,control,0,0.0
2210,control,0,0.0
2211,control,0,0.0
2212,control,0,0.0
2213,control,0,0.0
2214,control,0,0.0
2215,control,0,0.0
2216,control,0,0.0
2217,control,0,0.0
2218,control,0,0.0
2219,control,0,0.0
2220,control,0,0.0
2221,control,0,0.0
2222,control,0,0.0
2223,control,0,0.0
2224,control,0,0.0
2225,control,0,0.0
2226,control,0,0.0
2227,control,0,0.0
2228,control,0,0.0
2229,control,0,0.0
2230,control,1,72.28
2231,control,0,0.0
2232,control,0,0.0
2233,control,0,0.0
2234,control,0,0.0
2235,control,0,0.0
2236,control,0,0.0
2237,control,0,0.0
2238,control,0,0.0
2239,control,0,0.0
2240,control,0,0.0
2241,control,0,0.0
2242,control,0,0.0
2243,control,0,0.0
2244,control,0,0.0
2245,control,0,0.0
2246,control,0,0.0
2247,control,0,0.0
2248,control,0,0.0
2249,control,0,0.0
2250,control,0,0.0
2251,control,0,0.0
2252,control,0,0.0
2253,control,0,0.0
2254,control,0,0.0
2255,control,0,0.0
2256,control,0,0.0
2257,control,0,0.0
2258,control,0,0.0
2259,control,0,0.0
2260,control,0,0.0
2261,control,0,0.0
2262,control,0,0.0
2263,control,1,103.84
2264,control,1,29.4
2265,control,0,0.0
2266,control,0,0.0
2267,control,0,0.0
2268,control,0,0.0
2269,control,0,0.0
2270,control,0,0.0
2271,control,0,0.0
2272,control,0,0.0
2273,control,0,0.0
2274,control,0,0.0
2275,control,0,0.0
2276,control,0,0.0
2277,control,0,0.0
2278,control,0,0.0
2279,control,0,0.0
2280,control,0,0.0
2281,control,0,0.0
2282,control,0,0.0
2283,control,0,0.0
2284,control,0,0.0
2285,control,0,0.0
2286,control,1,53.59
2287,control,0,0.0
2288,control,1,77.75
2289,control,0,0.0
2290,control,0,0.0
2291,control,0,0.0
2292,control,0,0.0
2293,control,0,0.0
2294,control,0,0.0
2295,control,0,0.0
2296,control,1,29.95
2297,control,0,0.0
2298,control,0,0.0
2299,control,0,0.0
2300,control,0,0.0
2301,control,0,0.0
2302,control,0,0.0
2303,control,0,0.0
2304,control,0,0.0
2305,control,0,0.0
2306,control,0,0.0
2307,control,0,0.0
2308,control,0,0.0
2309,control,0,0.0
2310,control,0,0.0
2311,control,0,0.0
2312,control,0,0.0
2313,control,0,0.0
2314,control,1,64.59
2315,control,0,0.0
2316,control,0,0.0
2317,control,0,0.0
2318,control,0,0.0
2319,control,0,0.0
2320,control,0,0.0
2321,control,1,56.27
2322,control,0,0.0
2323,control,0,0.0
2324,control,0,0.0
2325,control,0,0.0
2326,control,0,0.0
2327,control,0,0.0
2328,control,0,0.0
2329,control,0,0.0
2330,control,0,0.0
2331,control,0,0.0
2332,control,0,0.0
2333,control,0,0.0
2334,control,1,86.15
2335,control,0,0.0
2336,control,0,0.0
2337,control,0,0.0
2338,control,0,0.0
2339,control,0,0.0
2340,control,0,0.0
2341,control,0,0.0
2342,control,0,0.0
2343,control,0,0.0
2344,control,0,0.0
2345,control,0,0.0
2346,control,0,0.0
2347,control,0,0.0
2348,control,0,0.0
2349,control,0,0.0
2350,control,1,67.68
2351,control,0,0.0
2352,control,1,50.84
2353,control,0,0.0
2354,control,0,0.0
2355,control,0,0.0
2356,control,0,0.0
2357,control,1,41.49
2358,control,0,0.0
2359,control,0,0.0
2360,control,0,0.0
2361,control,0,0.0
2362,control,0,0.0
2363,control,0,0.0
2364,control,0,0.0
2365,control,0,0.0
2366,control,0,0.0
2367,control,0,0.0
2368,control,0,0.0
2369,control,0,0.0
2370,control,0,0.0
2371,control,1,82.22
2372,control,0,0.0
2373,control,1,61.62
2374,control,0,0.0
2375,control,0,0.0
2376,control,0,0.0
2377,control,0,0.0
2378,control,0,0.0
2379,control,0,0.0
2380,control,0,0.0
2381,control,1,30.89
2382,control,0,0.0
2383,control,0,0.0
2384,control,0,0.0
2385,control,0,0.0
2386,control,0,0.0
2387,control,0,0.0
2388,control,0,0.0
2389,control,0,0.0
2390,control,0,0.0
2391,control,0,0.0
2392,control,0,0.0
2393,control,0,0.0
2394,control,0,0.0
2395,control,0,0.0
2396,control,0,0.0
2397,control,0,0.0
2398,control,0,0.0
2399,control,0,0.0
2400,control,0,0.0
2401,control,1,63.83
2402,control,1,20.29
2403,control,0,0.0
2404,control,0,0.0
2405,control,0,0.0
2406,control,0,0.0
2407,control,0,0.0
2408,control,0,0.0
2409,control,0,0.0
2410,control,1,35.57
2411,control,0,0.0
2412,control,0,0.0
2413,control,0,0.0
2414,control,1,42.88
2415,control,0,0.0
2416,control,0,0.0
2417,control,0,0.0
2418,control,0,0.0
2419,control,0,0.0
2420,control,0,0.0
2421,control,0,0.0
2422,control,0,0.0
2423,control,1,71.82
2424,control,0,0.0
2425,control,0,0.0
2426,control,0,0.0
2427,control,0,0.0
2428,control,0,0.0
2429,control,0,0.0
2430,control,0,0.0
2431,control,0,0.0
2432,control,0,0.0
2433,control,0,0.0
2434,control,0,0.0
2435,control,0,0.0
2436,control,0,0.0
2437,control,1,34.23
2438,control,0,0.0
2439,control,0,0.0
2440,control,0,0.0
2441,control,0,0.0
2442,control,0,0.0
2443,control,0,0.0
2444,control,0,0.0
2445,control,0,0.0
2446,control,1,101.82
2447,control,1,89.76
2448,control,0,0.0
2449,control,0,0.0
2450,control,0,0.0
2451,control,1,28.23
2452,control,0,0.0
2453,control,1,72.26
2454,control,0,0.0
2455,control,0,0.0
2456,control,0,0.0
2457,control,0,0.0
2458,control,0,0.0
2459,control,0,0.0
2460,control,0,0.0
2461,control,1,91.01
2462,control,0,0.0
2463,control,0,0.0
2464,control,0,0.0
2465,control,0,0.0
2466,control,0,0.0
2467,control,0,0.0
2468,control,0,0.0
2469,control,0,0.0
2470,control,0,0.0
2471,control,0,0.0
2472,control,0,0.0
2473,control,0,0.0
2474,control,0,0.0
2475,control,0,0.0
2476,control,0,0.0
2477,control,1,51.02
2478,control,0,0.0
2479,control,0,0.0
2480,control,0,0.0
2481,control,0,0.0
2482,control,0,0.0
2483,control,0,0.0
2484,control,0,0.0
2485,control,0,0.0
2486,control,0,0.0
2487,control,0,0.0
2488,control,0,0.0
2489,control,0,0.0
2490,control,0,0.0
2491,control,0,0.0
2492,control,1,43.77
2493,control,0,0.0
2494,control,0,0.0
2495,control,0,0.0
2496,control,1,53.53
2497,control,0,0.0
2498,control,0,0.0
2499,control,0,0.0
2500,control,0,0.0
2501,control,0,0.0
2502,control,0,0.0
2503,control,0,0.0
2504,control,0,0.0
2505,control,0,0.0
2506,control,0,0.0
2507,control,0,0.0
2508,control,0,0.0
2509,control,1,30.41
2510,control,1,57.76
2511,control,0,0.0
2512,control,0,0.0
2513,control,1,80.65
2514,control,0,0.0
2515,control,0,0.0
2516,control,0,0.0
2517,control,0,0.0
2518,control,0,0.0
2519,control,0,0.0
2520,control,0,0.0
2521,control,0,0.0
2522,control,1,48.73
2523,control,0,0.0
2524,control,0,0.0
2525,control,0,0.0
2526,control,0,0.0
2527,control,0,0.0
2528,control,0,0.0
2529,control,0,0.0
2530,control,0,0.0
2531,control,0,0.0
2532,control,0,0.0
2533,control,0,0.0
2534,control,1,53.78
2535,control,0,0.0
2536,control,1,35.08
2537,control,1,67.97
2538,control,0,0.0
2539,control,0,0.0
2540,control,0,0.0
2541,control,0,0.0
2542,control,0,0.0
2543,control,0,0.0
2544,control,0,0.0
2545,control,1,36.38
2546,control,0,0.0
2547,control,0,0.0
2548,control,0,0.0
2549,control,0,0.0
2550,control,0,0.0
2551,control,0,0.0
2552,control,0,0.0
2553,control,0,0.0
2554,control,0,0.0
2555,control,0,0.0
2556,control,0,0.0
2557,control,0,0.0
2558,control,0,0.0
2559,control,0,0.0
2560,control,0,0.0
2561,control,0,0.0
2562,control,0,0.0
2563,control,0,0.0
2564,control,0,0.0
2565,control,1,19.99
2566,control,0,0.0
2567,control,0,0.0
2568,control,0,0.0
2569,control,0,0.0
2570,control,0,0.0
2571,control,0,0.0
2572,control,0,0.0
2573,control,0,0.0
2574,control,0,0.0
2575,control,0,0.0
2576,control,0,0.0
2577,control,0,0.0
2578,control,0,0.0
2579,control,0,0.0
2580,control,0,0.0
2581,control,0,0.0
2582,control,0,0.0
2583,control,1,94.04
2584,control,0,0.0
2585,control,0,0.0
2586,control,0,0.0
2587,control,0,0.0
2588,control,0,0.0
2589,control,0,0.0
2590,control,0,0.0
2591,control,0,0.0
2592,control,0,0.0
2593,control,0,0.0
2594,control,0,0.0
2595,control,0,0.0
2596,control,0,0.0
2597,control,0,0.0
2598,control,0,0.0
2599,control,0,0.0
2600,control,0,0.0
2601,control,0,0.0
2602,control,0,0.0
2603,control,0,0.0
2604,control,1,65.91
2605,control,0,0.0
2606,control,0,0.0
2607,control,0,0.0
2608,control,0,0.0
2609,control,0,0.0
2610,control,0,0.0
2611,control,1,27.55
2612,control,0,0.0
2613,control,0,0.0
2614,control,0,0.0
2615,control,0,0.0
2616,control,0,0.0
2617,control,0,0.0
2618,control,0,0.0
2619,control,0,0.0
2620,control,0,0.0
2621,control,1,22.26
2622,control,0,0.0
2623,control,1,40.24
2624,control,0,0.0
2625,control,0,0.0
2626,control,0,0.0
2627,control,0,0.0
2628,control,0,0.0
2629,control,1,31.99
2630,control,0,0.0
2631,control,0,0.0
2632,control,0,0.0
2633,control,0,0.0
2634,control,1,52.25
2635,control,0,0.0
2636,control,0,0.0
2637,control,0,0.0
2638,control,0,0.0
2639,control,0,0.0
2640,control,0,0.0
2641,control,0,0.0
2642,control,0,0.0
2643,control,0,0.0
2644,control,0,0.0
2645,control,0,0.0
2646,control,0,0.0
2647,control,1,24.39
2648,control,0,0.0
2649,control,1,73.69
2650,control,0,0.0
2651,control,1,21.64
2652,control,0,0.0
2653,control,1,41.22
2654,control,0,0.0
2655,control,0,0.0
2656,control,0,0.0
2657,control,0,0.0
2658,control,0,0.0
2659,control,0,0.0
2660,control,0,0.0
2661,control,0,0.0
2662,control,0,0.0
2663,control,0,0.0
2664,control,0,0.0
2665,control,0,0.0
2666,control,0,0.0
2667,control,0,0.0
2668,control,0,0.0
2669,control,0,0.0
2670,control,0,0.0
2671,control,0,0.0
2672,control,0,0.0
2673,control,0,0.0
2674,control,0,0.0
2675,control,0,0.0
2676,control,0,0.0
2677,control,0,0.0
2678,control,0,0.0
2679,control,0,0.0
2680,control,0,0.0
2681,control,0,0.0
2682,control,0,0.0
2683,control,0,0.0
2684,control,0,0.0
2685,control,0,0.0
2686,control,0,0.0
2687,control,0,0.0
2688,control,1,88.27
2689,control,0,0.0
2690,control,0,0.0
2691,control,1,88.41
2692,control,0,0.0
2693,control,0,0.0
2694,control,0,0.0
2695,control,0,0.0
2696,control,0,0.0
2697,control,0,0.0
2698,control,1,35.28
2699,control,0,0.0
2700,control,0,0.0
2701,control,0,0.0
2702,control,0,0.0
2703,control,0,0.0
2704,control,0,0.0
2705,control,0,0.0
2706,control,0,0.0
2707,control,0,0.0
2708,control,0,0.0
2709,control,0,0.0
2710,control,0,0.0
2711,control,0,0.0
2712,control,0,0.0
2713,control,0,0.0
2714,control,0,0.0
2715,control,0,0.0
2716,control,0,0.0
2717,control,0,0.0
2718,control,0,0.0
2719,control,0,0.0
2720,control,0,0.0
2721,control,0,0.0
2722,control,0,0.0
2723,control,0,0.0
2724,control,0,0.0
2725,control,0,0.0
2726,control,1,8.29
2727,control,0,0.0
2728,control,0,0.0
2729,control,0,0.0
2730,control,0,0.0
2731,control,0,0.0
2732,control,0,0.0
2733,control,1,33.86
2734,control,0,0.0
2735,control,0,0.0
2736,control,0,0.0
2737,control,0,0.0
2738,control,0,0.0
2739,control,0,0.0
2740,control,0,0.0
2741,control,0,0.0
2742,control,0,0.0
2743,control,0,0.0
2744,control,0,0.0
2745,control,0,0.0
2746,control,0,0.0
2747,control,0,0.0
2748,control,0,0.0
2749,control,0,0.0
2750,control,0,0.0
2751,control,0,0.0
2752,control,0,0.0
2753,control,0,0.0
2754,control,0,0.0
2755,control,0,0.0
2756,control,0,0.0
2757,control,0,0.0
2758,control,0,0.0
2759,control,0,0.0
2760,control,0,0.0
2761,control,0,0.0
2762,control,1,29.8
2763,control,0,0.0
2764,control,0,0.0
2765,control,0,0.0
2766,control,0,0.0
2767,control,0,0.0
2768,control,0,0.0
2769,control,0,0.0
2770,control,0,0.0
2771,control,0,0.0
2772,control,0,0.0
2773,control,0,0.0
2774,control,0,0.0
2775,control,0,0.0
2776,control,0,0.0
2777,control,0,0.0
2778,control,0,0.0
2779,control,0,0.0
2780,control,0,0.0
2781,control,0,0.0
2782,control,0,0.0
2783,control,0,0.0
2784,control,0,0.0
2785,control,0,0.0
2786,control,0,0.0
2787,control,0,0.0
2788,control,0,0.0
2789,control,0,0.0
2790,control,0,0.0
2791,control,0,0.0
2792,control,0,0.0
2793,control,0,0.0
2794,control,0,0.0
2795,control,1,73.74
2796,control,0,0.0
2797,control,0,0.0
2798,control,0,0.0
2799,control,0,0.0
2800,control,0,0.0
2801,control,0,0.0
2802,control,0,0.0
2803,control,1,76.85
2804,control,0,0.0
2805,control,0,0.0
2806,control,0,0.0
2807,control,1,51.03
2808,control,0,0.0
2809,control,0,0.0
2810,control,1,49.57
2811,control,0,0.0
2812,control,0,0.0
2813,control,0,0.0
2814,control,0,0.0
2815,control,0,0.0
2816,control,0,0.0
2817,control,0,0.0
2818,control,1,78.42
2819,control,0,0.0
2820,control,0,0.0
2821,control,0,0.0
2822,control,0,0.0
2823,control,0,0.0
2824,control,0,0.0
2825,control,1,98.0
2826,control,0,0.0
2827,control,0,0.0
2828,control,1,44.42
2829,control,0,0.0
2830,control,0,0.0
2831,control,0,0.0
2832,control,0,0.0
2833,control,0,0.0
2834,control,1,40.56
2835,control,0,0.0
2836,control,0,0.0
2837,control,0,0.0
2838,control,0,0.0
2839,control,0,0.0
2840,control,0,0.0
2841,control,0,0.0
2842,control,0,0.0
2843,control,1,72.15
2844,control,0,0.0
2845,control,1,50.55
2846,control,0,0.0
2847,control,0,0.0
2848,control,0,0.0
2849,control,1,43.71
2850,control,0,0.0
2851,control,1,59.4
2852,control,0,0.0
2853,control,0,0.0
2854,control,1,37.14
2855,control,0,0.0
2856,control,1,103.39
2857,control,1,78.82
2858,control,0,0.0
2859,control,0,0.0
2860,control,0,0.0
2861,control,1,107.86
2862,control,0,0.0
2863,control,0,0.0
2864,control,0,0.0
2865,control,0,0.0
2866,control,0,0.0
2867,control,0,0.0
2868,control,0,0.0
2869,control,0,0.0
2870,control,0,0.0
2871,control,0,0.0
2872,control,1,52.84
2873,control,0,0.0
2874,control,0,0.0
2875,control,0,0.0
2876,control,0,0.0
2877,control,0,0.0
2878,control,0,0.0
2879,control,0,0.0
2880,control,0,0.0
2881,control,0,0.0
2882,control,0,0.0
2883,control,0,0.0
2884,control,0,0.0
2885,control,0,0.0
2886,control,0,0.0
2887,control,0,0.0
2888,control,0,0.0
2889,control,0,0.0
2890,control,0,0.0
2891,control,0,0.0
2892,control,0,0.0
2893,control,0,0.0
2894,control,1,52.46
2895,control,0,0.0
2896,control,0,0.0
2897,control,0,0.0
2898,control,0,0.0
2899,control,0,0.0
2900,control,0,0.0
2901,control,0,0.0
2902,control,0,0.0
2903,control,0,0.0
2904,control,0,0.0
2905,control,0,0.0
2906,control,0,0.0
2907,control,0,0.0
2908,control,1,25.2
2909,control,0,0.0
2910,control,0,0.0
2911,control,0,0.0
2912,control,0,0.0
2913,control,0,0.0
2914,control,0,0.0
2915,control,0,0.0
2916,control,1,64.0
2917,control,0,0.0
2918,control,0,0.0
2919,control,1,80.99
2920,control,0,0.0
2921,control,0,0.0
2922,control,0,0.0
2923,control,0,0.0
2924,control,1,50.12
2925,control,0,0.0
2926,control,0,0.0
2927,control,1,61.99
2928,control,1,47.67
2929,control,1,80.04
2930,control,0,0.0
2931,control,0,0.0
2932,control,0,0.0
2933,control,0,0.0
2934,control,1,32.33
2935,control,0,0.0
2936,control,0,0.0
2937,control,1,33.87
2938,control,1,94.08
2939,control,0,0.0
2940,control,1,50.5
2941,control,0,0.0
2942,control,0,0.0
2943,control,0,0.0
2944,control,0,0.0
2945,control,0,0.0
2946,control,0,0.0
2947,control,0,0.0
2948,control,0,0.0
2949,control,0,0.0
2950,control,0,0.0
2951,control,0,0.0
2952,control,0,0.0
2953,control,0,0.0
2954,control,0,0.0
2955,control,0,0.0
2956,control,0,0.0
2957,control,0,0.0
2958,control,0,0.0
2959,control,0,0.0
2960,control,0,0.0
2961,control,0,0.0
2962,control,0,0.0
2963,control,0,0.0
2964,control,1,74.96
2965,control,1,39.52
2966,control,0,0.0
2967,control,0,0.0
2968,control,1,44.87
2969,control,0,0.0
2970,control,0,0.0
2971,control,1,47.15
2972,control,0,0.0
2973,control,0,0.0
2974,control,0,0.0
2975,control,0,0.0
2976,control,0,0.0
2977,control,0,0.0
2978,control,0,0.0
2979,control,0,0.0
2980,control,0,0.0
2981,control,0,0.0
2982,control,0,0.0
2983,control,0,0.0
2984,control,1,37.86
2985,control,0,0.0
2986,control,0,0.0
2987,control,0,0.0
2988,control,0,0.0
2989,control,0,0.0
2990,control,0,0.0
2991,control,0,0.0
2992,control,0,0.0
2993,control,0,0.0
2994,control,0,0.0
2995,control,0,0.0
2996,control,0,0.0
2997,control,0,0.0
2998,control,0,0.0
2999,control,0,0.0
3000,control,0,0.0
3001,control,0,0.0
3002,control,0,0.0
3003,control,0,0.0
3004,control,1,39.66
3005,control,0,0.0
3006,control,0,0.0
3007,control,0,0.0
3008,control,0,0.0
3009,control,0,0.0
3010,control,0,0.0
3011,control,0,0.0
3012,control,0,0.0
3013,control,1,31.72
3014,control,0,0.0
3015,control,0,0.0
3016,control,0,0.0
3017,control,0,0.0
3018,control,0,0.0
3019,control,0,0.0
3020,control,0,0.0
3021,control,0,0.0
3022,control,0,0.0
3023,control,0,0.0
3024,control,0,0.0
3025,control,0,0.0
3026,control,0,0.0
3027,control,0,0.0
3028,control,0,0.0
3029,control,1,81.24
3030,control,1,60.67
3031,control,1,27.43
3032,control,0,0.0
3033,control,0,0.0
3034,control,0,0.0
3035,control,0,0.0
3036,control,0,0.0
3037,control,0,0.0
3038,control,0,0.0
3039,control,0,0.0
3040,control,0,0.0
3041,control,0,0.0
3042,control,0,0.0
3043,control,1,72.21
3044,control,0,0.0
3045,control,0,0.0
3046,control,0,0.0
3047,control,0,0.0
3048,control,0,0.0
3049,control,0,0.0
3050,control,1,103.45
3051,control,0,0.0
3052,control,0,0.0
3053,control,0,0.0
3054,control,0,0.0
3055,control,1,49.52
3056,control,0,0.0
3057,control,1,61.73
3058,control,0,0.0
3059,control,0,0.0
3060,control,0,0.0
3061,control,0,0.0
3062,control,0,0.0
3063,control,0,0.0
3064,control,0,0.0
3065,control,0,0.0
3066,control,0,0.0
3067,control,0,0.0
3068,control,0,0.0
3069,control,0,0.0
3070,control,0,0.0
3071,control,0,0.0
3072,control,0,0.0
3073,control,0,0.0
3074,control,0,0.0
3075,control,0,0.0
3076,control,0,0.0
3077,control,1,55.03
3078,control,0,0.0
3079,control,0,0.0
3080,control,0,0.0
3081,control,0,0.0
3082,control,0,0.0
3083,control,0,0.0
3084,control,0,0.0
3085,control,0,0.0
3086,control,0,0.0
3087,control,0,0.0
3088,control,0,0.0
3089,control,0,0.0
3090,control,1,64.95
3091,control,1,54.02
3092,control,0,0.0
3093,control,0,0.0
3094,control,0,0.0
3095,control,0,0.0
3096,control,0,0.0
3097,control,1,51.16
3098,control,0,0.0
3099,control,0,0.0
3100,control,0,0.0
3101,control,0,0.0
3102,control,0,0.0
3103,control,0,0.0
3104,control,0,0.0
3105,control,0,0.0
3106,control,0,0.0
3107,control,0,0.0
3108,control,1,93.23
3109,control,0,0.0
3110,control,0,0.0
3111,control,0,0.0
3112,control,0,0.0
3113,control,0,0.0
3114,control,0,0.0
3115,control,0,0.0
3116,control,0,0.0
3117,control,1,68.97
3118,control,0,0.0
3119,control,1,50.41
3120,control,0,0.0
3121,control,0,0.0
3122,control,0,0.0
3123,control,0,0.0
3124,control,0,0.0
3125,control,0,0.0
3126,control,0,0.0
3127,control,0,0.0
3128,control,0,0.0
3129,control,0,0.0
3130,control,0,0.0
3131,control,0,0.0
3132,control,0,0.0
3133,control,0,0.0
3134,control,0,0.0
3135,control,0,0.0
3136,control,0,0.0
3137,control,0,0.0
3138,control,0,0.0
3139,control,0,0.0
3140,control,0,0.0
3141,control,0,0.0
3142,control,0,0.0
3143,control,0,0.0
3144,control,0,0.0
3145,control,0,0.0
3146,control,0,0.0
3147,control,0,0.0
3148,control,1,20.5
3149,control,0,0.0
3150,control,0,0.0
3151,control,0,0.0
3152,control,0,0.0
3153,control,0,0.0
3154,control,0,0.0
3155,control,0,0.0
3156,control,0,0.0
3157,control,0,0.0
3158,control,0,0.0
3159,control,0,0.0
3160,control,1,120.46
3161,control,0,0.0
3162,control,0,0.0
3163,control,0,0.0
3164,control,0,0.0
3165,control,0,0.0
3166,control,1,31.51
3167,control,0,0.0
3168,control,0,0.0
3169,control,0,0.0
3170,control,0,0.0
3171,control,0,0.0
3172,control,0,0.0
3173,control,0,0.0
3174,control,0,0.0
3175,control,0,0.0
3176,control,0,0.0
3177,control,0,0.0
3178,control,0,0.0
3179,control,0,0.0
3180,control,0,0.0
3181,control,0,0.0
3182,control,0,0.0
3183,control,0,0.0
3184,control,0,0.0
3185,control,0,0.0
3186,control,0,0.0
3187,control,0,0.0
3188,control,0,0.0
3189,control,0,0.0
3190,control,0,0.0
3191,control,0,0.0
3192,control,0,0.0
3193,control,0,0.0
3194,control,1,66.29
3195,control,0,0.0
3196,control,0,0.0
3197,control,0,0.0
3198,control,0,0.0
3199,control,0,0.0
3200,control,0,0.0
3201,control,0,0.0
3202,control,0,0.0
3203,control,0,0.0
3204,control,0,0.0
3205,control,0,0.0
3206,control,0,0.0
3207,control,0,0.0
3208,control,0,0.0
3209,control,0,0.0
3210,control,0,0.0
3211,control,0,0.0
3212,control,0,0.0
3213,control,0,0.0
3214,control,0,0.0
3215,control,0,0.0
3216,control,0,0.0
3217,control,0,0.0
3218,control,0,0.0
3219,control,0,0.0
3220,control,0,0.0
3221,control,0,0.0
3222,control,0,0.0
3223,control,0,0.0
3224,control,0,0.0
3225,control,0,0.0
3226,control,0,0.0
3227,control,0,0.0
3228,control,0,0.0
3229,control,0,0.0
3230,control,0,0.0
3231,control,0,0.0
3232,control,0,0.0
3233,control,1,32.45
3234,control,0,0.0
3235,control,0,0.0
3236,control,0,0.0
3237,control,0,0.0
3238,control,0,0.0
3239,control,0,0.0
3240,control,0,0.0
3241,control,0,0.0
3242,control,0,0.0
3243,control,0,0.0
3244,control,0,0.0
3245,control,0,0.0
3246,control,0,0.0
3247,control,0,0.0
3248,control,0,0.0
3249,control,0,0.0
3250,control,0,0.0
3251,control,0,0.0
3252,control,0,0.0
3253,control,0,0.0
3254,control,0,0.0
3255,control,1,26.07
3256,control,0,0.0
3257,control,0,0.0
3258,control,1,55.44
3259,control,0,0.0
3260,control,0,0.0
3261,control,0,0.0
3262,control,0,0.0
3263,control,0,0.0
3264,control,0,0.0
3265,control,0,0.0
3266,control,0,0.0
3267,control,0,0.0
3268,control,0,0.0
3269,control,1,111.25
3270,control,0,0.0
3271,control,0,0.0
3272,control,0,0.0
3273,control,0,0.0
3274,control,1,76.33
3275,control,0,0.0
3276,control,0,0.0
3277,control,0,0.0
3278,control,0,0.0
3279,control,0,0.0
3280,control,0,0.0
3281,control,0,0.0
3282,control,0,0.0
3283,control,0,0.0
3284,control,0,0.0
3285,control,0,0.0
3286,control,0,0.0
3287,control,1,30.21
3288,control,0,0.0
3289,control,0,0.0
3290,control,1,84.21
3291,control,0,0.0
3292,control,0,0.0
3293,control,0,0.0
3294,control,0,0.0
3295,control,0,0.0
3296,control,0,0.0
3297,control,0,0.0
3298,control,0,0.0
3299,control,1,73.31
3300,control,0,0.0
3301,control,0,0.0
3302,control,0,0.0
3303,control,0,0.0
3304,control,0,0.0
3305,control,1,97.71
3306,control,0,0.0
3307,control,0,0.0
3308,control,0,0.0
3309,control,0,0.0
3310,control,0,0.0
3311,control,0,0.0
3312,control,0,0.0
3313,control,1,19.14
3314,control,0,0.0
3315,control,0,0.0
3316,control,0,0.0
3317,control,0,0.0
3318,control,0,0.0
3319,control,0,0.0
3320,control,1,59.2
3321,control,0,0.0
3322,control,0,0.0
3323,control,0,0.0
3324,control,0,0.0
3325,control,0,0.0
3326,control,0,0.0
3327,control,0,0.0
3328,control,0,0.0
3329,control,0,0.0
3330,control,0,0.0
3331,control,0,0.0
3332,control,0,0.0
3333,control,0,0.0
3334,control,1,71.73
3335,control,1,89.29
3336,control,0,0.0
3337,control,0,0.0
3338,control,0,0.0
3339,control,0,0.0
3340,control,0,0.0
3341,control,1,51.26
3342,control,0,0.0
3343,control,0,0.0
3344,control,0,0.0
3345,control,0,0.0
3346,control,0,0.0
3347,control,0,0.0
3348,control,0,0.0
3349,control,0,0.0
3350,control,0,0.0
3351,control,0,0.0
3352,control,0,0.0
3353,control,0,0.0
3354,control,0,0.0
3355,control,1,61.63
3356,control,1,51.22
3357,control,0,0.0
3358,control,0,0.0
3359,control,0,0.0
3360,control,0,0.0
3361,control,0,0.0
3362,control,0,0.0
3363,control,0,0.0
3364,control,1,46.64
3365,control,0,0.0
3366,control,0,0.0
3367,control,0,0.0
3368,control,0,0.0
3369,control,0,0.0
3370,control,0,0.0
3371,control,0,0.0
3372,control,0,0.0
3373,control,0,0.0
3374,control,0,0.0
3375,control,0,0.0
3376,control,0,0.0
3377,control,0,0.0
3378,control,0,0.0
3379,control,0,0.0
3380,control,0,0.0
3381,control,0,0.0
3382,control,0,0.0
3383,control,0,0.0
3384,control,0,0.0
3385,control,0,0.0
3386,control,0,0.0
3387,control,0,0.0
3388,control,0,0.0
3389,control,0,0.0
3390,control,0,0.0
3391,control,0,0.0
3392,control,0,0.0
3393,control,1,33.61
3394,control,0,0.0
3395,control,0,0.0
3396,control,0,0.0
3397,control,0,0.0
3398,control,0,0.0
3399,control,0,0.0
3400,control,0,0.0
3401,control,0,0.0
3402,control,1,60.67
3403,control,0,0.0
3404,control,0,0.0
3405,control,0,0.0
3406,control,1,44.32
3407,control,0,0.0
3408,control,1,48.53
3409,control,0,0.0
3410,control,0,0.0
3411,control,0,0.0
3412,control,0,0.0
3413,control,0,0.0
3414,control,0,0.0
3415,control,0,0.0
3416,control,0,0.0
3417,control,0,0.0
3418,control,0,0.0
3419,control,0,0.0
3420,control,1,35.71
3421,control,0,0.0
3422,control,0,0.0
3423,control,0,0.0
3424,control,0,0.0
3425,control,0,0.0
3426,control,0,0.0
3427,control,1,66.1
3428,control,0,0.0
3429,control,1,47.44
3430,control,0,0.0
3431,control,0,0.0
3432,control,0,0.0
3433,control,0,0.0
3434,control,0,0.0
3435,control,0,0.0
3436,control,0,0.0
3437,control,0,0.0
3438,control,0,0.0
3439,control,0,0.0
3440,control,0,0.0
3441,control,0,0.0
3442,control,0,0.0
3443,control,0,0.0
3444,control,0,0.0
3445,control,0,0.0
3446,control,0,0.0
3447,control,0,0.0
3448,control,0,0.0
3449,control,0,0.0
3450,control,0,0.0
3451,control,0,0.0
3452,control,0,0.0
3453,control,0,0.0
3454,control,1,116.96
3455,control,0,0.0
3456,control,0,0.0
3457,control,0,0.0
3458,control,0,0.0
3459,control,0,0.0
3460,control,0,0.0
3461,control,0,0.0
3462,control,0,0.0
3463,control,0,0.0
3464,control,0,0.0
3465,control,0,0.0
3466,control,0,0.0
3467,control,0,0.0
3468,control,0,0.0
3469,control,0,0.0
3470,control,0,0.0
3471,control,0,0.0
3472,control,0,0.0
3473,control,0,0.0
3474,control,0,0.0
3475,control,0,0.0
3476,control,0,0.0
3477,control,0,0.0
3478,control,0,0.0
3479,control,0,0.0
3480,control,0,0.0
3481,control,0,0.0
3482,control,0,0.0
3483,control,0,0.0
3484,control,0,0.0
3485,control,0,0.0
3486,control,0,0.0
3487,control,0,0.0
3488,control,1,74.69
3489,control,0,0.0
3490,control,0,0.0
3491,control,0,0.0
3492,control,0,0.0
3493,control,0,0.0
3494,control,0,0.0
3495,control,0,0.0
3496,control,0,0.0
3497,control,0,0.0
3498,control,1,43.0
3499,control,0,0.0
3500,control,0,0.0
3501,control,0,0.0
3502,control,0,0.0
3503,control,0,0.0
3504,control,0,0.0
3505,control,0,0.0
3506,control,0,0.0
3507,control,1,76.81
3508,control,0,0.0
3509,control,0,0.0
3510,control,0,0.0
3511,control,0,0.0
3512,control,1,50.16
3513,control,1,30.86
3514,control,1,120.97
3515,control,0,0.0
3516,control,0,0.0
3517,control,0,0.0
3518,control,0,0.0
3519,control,0,0.0
3520,control,0,0.0
3521,control,0,0.0
3522,control,0,0.0
3523,control,0,0.0
3524,control,0,0.0
3525,control,0,0.0
3526,control,0,0.0
3527,control,1,91.48
3528,control,0,0.0
3529,control,0,0.0
3530,control,0,0.0
3531,control,0,0.0
3532,control,0,0.0
3533,control,0,0.0
3534,control,0,0.0
3535,control,0,0.0
3536,control,0,0.0
3537,control,1,75.73
3538,control,1,90.27
3539,control,0,0.0
3540,control,1,88.79
3541,control,0,0.0
3542,control,0,0.0
3543,control,0,0.0
3544,control,0,0.0
3545,control,0,0.0
3546,control,1,63.36
3547,control,0,0.0
3548,control,1,41.62
3549,control,1,56.5
3550,control,0,0.0
3551,control,0,0.0
3552,control,0,0.0
3553,control,0,0.0
3554,control,0,0.0
3555,control,0,0.0
3556,control,0,0.0
3557,control,0,0.0
3558,control,1,66.21
3559,control,0,0.0
3560,control,0,0.0
3561,control,0,0.0
3562,control,0,0.0
3563,control,1,79.03
3564,control,0,0.0
3565,control,0,0.0
3566,control,1,64.32
3567,control,0,0.0
3568,control,0,0.0
3569,control,0,0.0
3570,control,0,0.0
3571,control,0,0.0
3572,control,0,0.0
3573,control,0,0.0
3574,control,0,0.0
3575,control,1,36.49
3576,control,0,0.0
3577,control,0,0.0
3578,control,1,52.49
3579,control,0,0.0
3580,control,0,0.0
3581,control,0,0.0
3582,control,0,0.0
3583,control,1,26.57
3584,control,0,0.0
3585,control,0,0.0
3586,control,0,0.0
3587,control,0,0.0
3588,control,0,0.0
3589,control,1,56.52
3590,control,0,0.0
3591,control,0,0.0
3592,control,0,0.0
3593,control,0,0.0
3594,control,0,0.0
3595,control,0,0.0
3596,control,0,0.0
3597,control,0,0.0
3598,control,0,0.0
3599,control,0,0.0
3600,control,0,0.0
3601,control,0,0.0
3602,control,0,0.0
3603,control,0,0.0
3604,control,1,64.66
3605,control,0,0.0
3606,control,0,0.0
3607,control,0,0.0
3608,control,0,0.0
3609,control,0,0.0
3610,control,0,0.0
3611,control,0,0.0
3612,control,0,0.0
3613,control,0,0.0
3614,control,0,0.0
3615,control,0,0.0
3616,control,0,0.0
3617,control,0,0.0
3618,control,0,0.0
3619,control,0,0.0
3620,control,0,0.0
3621,control,0,0.0
3622,control,0,0.0
3623,control,0,0.0
3624,control,0,0.0
3625,control,0,0.0
3626,control,0,0.0
3627,control,0,0.0
3628,control,1,37.8
3629,control,0,0.0
3630,control,0,0.0
3631,control,1,75.23
3632,control,0,0.0
3633,control,0,0.0
3634,control,1,64.62
3635,control,0,0.0
3636,control,0,0.0
3637,control,0,0.0
3638,control,0,0.0
3639,control,0,0.0
3640,control,0,0.0
3641,control,0,0.0
3642,control,0,0.0
3643,control,0,0.0
3644,control,0,0.0
3645,control,0,0.0
3646,control,0,0.0
3647,control,0,0.0
3648,control,0,0.0
3649,control,0,0.0
3650,control,0,0.0
3651,control,0,0.0
3652,control,0,0.0
3653,control,0,0.0
3654,control,0,0.0
3655,control,0,0.0
3656,control,0,0.0
3657,control,0,0.0
3658,control,0,0.0
3659,control,0,0.0
3660,control,0,0.0
3661,control,1,47.51
3662,control,0,0.0
3663,control,0,0.0
3664,control,0,0.0
3665,control,0,0.0
3666,control,1,63.18
3667,control,0,0.0
3668,control,0,0.0
3669,control,0,0.0
3670,control,0,0.0
3671,control,0,0.0
3672,control,0,0.0
3673,control,0,0.0
3674,control,0,0.0
3675,control,0,0.0
3676,control,0,0.0
3677,control,1,28.21
3678,control,0,0.0
3679,control,1,61.67
3680,control,0,0.0
3681,control,1,9.91
3682,control,0,0.0
3683,control,0,0.0
3684,control,0,0.0
3685,control,1,25.99
3686,control,0,0.0
3687,control,0,0.0
3688,control,0,0.0
3689,control,0,0.0
3690,control,0,0.0
3691,control,0,0.0
3692,control,1,121.59
3693,control,0,0.0
3694,control,0,0.0
3695,control,0,0.0
3696,control,0,0.0
3697,control,1,46.26
3698,control,0,0.0
3699,control,0,0.0
3700,control,0,0.0
3701,control,0,0.0
3702,control,0,0.0
3703,control,1,97.38
3704,control,0,0.0
3705,control,1,26.97
3706,control,0,0.0
3707,control,0,0.0
3708,control,0,0.0
3709,control,0,0.0
3710,control,0,0.0
3711,control,0,0.0
3712,control,0,0.0
3713,control,0,0.0
3714,control,0,0.0
3715,control,0,0.0
3716,control,1,39.37
3717,control,0,0.0
3718,control,0,0.0
3719,control,0,0.0
3720,control,0,0.0
3721,control,1,35.05
3722,control,0,0.0
3723,control,0,0.0
3724,control,0,0.0
3725,control,0,0.0
3726,control,0,0.0
3727,control,0,0.0
3728,control,1,141.4
3729,control,0,0.0
3730,control,0,0.0
3731,control,0,0.0
3732,control,0,0.0
3733,control,0,0.0
3734,control,0,0.0
3735,control,0,0.0
3736,control,1,57.03
3737,control,0,0.0
3738,control,0,0.0
3739,control,0,0.0
3740,control,0,0.0
3741,control,0,0.0
3742,control,0,0.0
3743,control,0,0.0
3744,control,0,0.0
3745,control,0,0.0
3746,control,0,0.0
3747,control,0,0.0
3748,control,0,0.0
3749,control,0,0.0
3750,control,0,0.0
3751,control,0,0.0
3752,control,1,29.58
3753,control,0,0.0
3754,control,0,0.0
3755,control,0,0.0
3756,control,0,0.0
3757,control,0,0.0
3758,control,0,0.0
3759,control,0,0.0
3760,control,1,66.01
3761,control,0,0.0
3762,control,0,0.0
3763,control,0,0.0
3764,control,0,0.0
3765,control,0,0.0
3766,control,0,0.0
3767,control,0,0.0
3768,control,0,0.0
3769,control,0,0.0
3770,control,0,0.0
3771,control,0,0.0
3772,control,0,0.0
3773,control,0,0.0
3774,control,0,0.0
3775,control,0,0.0
3776,control,0,0.0
3777,control,0,0.0
3778,control,1,19.22
3779,control,0,0.0
3780,control,0,0.0
3781,control,0,0.0
3782,control,0,0.0
3783,control,0,0.0
3784,control,0,0.0
3785,control,0,0.0
3786,control,0,0.0
3787,control,1,67.83
3788,control,0,0.0
3789,control,0,0.0
3790,control,0,0.0
3791,control,0,0.0
3792,control,0,0.0
3793,control,0,0.0
3794,control,0,0.0
3795,control,0,0.0
3796,control,0,0.0
3797,control,0,0.0
3798,control,0,0.0
3799,control,0,0.0
3800,control,0,0.0
3801,control,0,0.0
3802,control,0,0.0
3803,control,0,0.0
3804,control,0,0.0
3805,control,0,0.0
3806,control,0,0.0
3807,control,0,0.0
3808,control,0,0.0
3809,control,0,0.0
3810,control,0,0.0
3811,control,0,0.0
3812,control,0,0.0
3813,control,1,30.11
3814,control,0,0.0
3815,control,0,0.0
3816,control,0,0.0
3817,control,0,0.0
3818,control,0,0.0
3819,control,0,0.0
3820,control,0,0.0
3821,control,0,0.0
3822,control,0,0.0
3823,control,0,0.0
3824,control,0,0.0
3825,control,0,0.0
3826,control,0,0.0
3827,control,0,0.0
3828,control,0,0.0
3829,control,0,0.0
3830,control,0,0.0
3831,control,0,0.0
3832,control,0,0.0
3833,control,0,0.0
3834,control,0,0.0
3835,control,0,0.0
3836,control,0,0.0
3837,control,0,0.0
3838,control,0,0.0
3839,control,0,0.0
3840,control,0,0.0
3841,control,1,38.03
3842,control,1,67.25
3843,control,0,0.0
3844,control,0,0.0
3845,control,0,0.0
3846,control,0,0.0
3847,control,0,0.0
3848,control,0,0.0
3849,control,0,0.0
3850,control,0,0.0
3851,control,0,0.0
3852,control,0,0.0
3853,control,0,0.0
3854,control,0,0.0
3855,control,0,0.0
3856,control,0,0.0
3857,control,0,0.0
3858,control,1,87.43
3859,control,1,30.41
3860,control,0,0.0
3861,control,0,0.0
3862,control,0,0.0
3863,control,0,0.0
3864,control,0,0.0
3865,control,0,0.0
3866,control,0,0.0
3867,control,0,0.0
3868,control,0,0.0
3869,control,0,0.0
3870,control,0,0.0
3871,control,0,0.0
3872,control,0,0.0
3873,control,0,0.0
3874,control,0,0.0
3875,control,0,0.0
3876,control,0,0.0
3877,control,1,92.59
3878,control,0,0.0
3879,control,0,0.0
3880,control,0,0.0
3881,control,0,0.0
3882,control,0,0.0
3883,control,1,54.25
3884,control,0,0.0
3885,control,0,0.0
3886,control,0,0.0
3887,control,0,0.0
3888,control,0,0.0
3889,control,0,0.0
3890,control,1,59.49
3891,control,0,0.0
3892,control,0,0.0
3893,control,0,0.0
3894,control,0,0.0
3895,control,0,0.0
3896,control,0,0.0
3897,control,0,0.0
3898,control,0,0.0
3899,control,0,0.0
3900,control,0,0.0
3901,control,1,52.03
3902,control,0,0.0
3903,control,0,0.0
3904,control,0,0.0
3905,control,0,0.0
3906,control,0,0.0
3907,control,0,0.0
3908,control,1,26.15
3909,control,0,0.0
3910,control,0,0.0
3911,control,1,30.68
3912,control,0,0.0
3913,control,0,0.0
3914,control,0,0.0
3915,control,0,0.0
3916,control,0,0.0
3917,control,0,0.0
3918,control,1,64.17
3919,control,0,0.0
3920,control,1,20.76
3921,control,0,0.0
3922,control,0,0.0
3923,control,0,0.0
3924,control,0,0.0
3925,control,0,0.0
3926,control,0,0.0
3927,control,0,0.0
3928,control,0,0.0
3929,control,0,0.0
3930,control,0,0.0
3931,control,0,0.0
3932,control,0,0.0
3933,control,0,0.0
3934,control,0,0.0
3935,control,0,0.0
3936,control,0,0.0
3937,control,1,65.79
3938,control,0,0.0
3939,control,0,0.0
3940,control,1,59.92
3941,control,0,0.0
3942,control,0,0.0
3943,control,0,0.0
3944,control,0,0.0
3945,control,0,0.0
3946,control,0,0.0
3947,control,0,0.0
3948,control,0,0.0
3949,control,1,64.72
3950,control,0,0.0
3951,control,0,0.0
3952,control,1,27.49
3953,control,0,0.0
3954,control,0,0.0
3955,control,0,0.0
3956,control,1,40.84
3957,control,0,0.0
3958,control,0,0.0
3959,control,0,0.0
3960,control,0,0.0
3961,control,0,0.0
3962,control,0,0.0
3963,control,0,0.0
3964,control,0,0.0
3965,control,0,0.0
3966,control,0,0.0
3967,control,0,0.0
3968,control,1,66.9
3969,control,1,77.34
3970,control,0,0.0
3971,control,0,0.0
3972,control,0,0.0
3973,control,0,0.0
3974,control,0,0.0
3975,control,1,45.94
3976,control,0,0.0
3977,control,0,0.0
3978,control,0,0.0
3979,control,0,0.0
3980,control,0,0.0
3981,control,0,0.0
3982,control,0,0.0
3983,control,0,0.0
3984,control,0,0.0
3985,control,0,0.0
3986,control,0,0.0
3987,control,0,0.0
3988,control,0,0.0
3989,control,0,0.0
3990,control,0,0.0
3991,control,0,0.0
3992,control,0,0.0
3993,control,0,0.0
3994,control,0,0.0
3995,control,0,0.0
3996,control,1,69.59
3997,control,1,79.87
3998,control,0,0.0
3999,control,1,59.68
4000,control,0,0.0
4001,control,0,0.0
4002,control,1,26.82
4003,control,0,0.0
4004,control,0,0.0
4005,control,0,0.0
4006,control,0,0.0
4007,control,0,0.0
4008,control,0,0.0
4009,control,0,0.0
4010,control,0,0.0
4011,control,0,0.0
4012,control,0,0.0
4013,control,0,0.0
4014,control,0,0.0
4015,control,1,102.45
4016,control,1,36.4
4017,control,0,0.0
4018,control,0,0.0
4019,control,1,87.7
4020,control,1,68.49
4021,control,0,0.0
4022,control,1,58.82
4023,control,0,0.0
4024,control,0,0.0
4025,control,0,0.0
4026,control,0,0.0
4027,control,0,0.0
4028,control,0,0.0
4029,control,1,116.6
4030,control,1,64.74
4031,control,0,0.0
4032,control,0,0.0
4033,control,0,0.0
4034,control,1,73.24
4035,control,0,0.0
4036,control,0,0.0
4037,control,0,0.0
4038,control,0,0.0
4039,control,0,0.0
4040,control,0,0.0
4041,control,1,54.94
4042,control,0,0.0
4043,control,0,0.0
4044,control,0,0.0
4045,control,0,0.0
4046,control,0,0.0
4047,control,0,0.0
4048,control,0,0.0
4049,control,0,0.0
4050,control,0,0.0
4051,control,0,0.0
4052,control,0,0.0
4053,control,0,0.0
4054,control,0,0.0
4055,control,1,36.69
4056,control,0,0.0
4057,control,0,0.0
4058,control,0,0.0
4059,control,0,0.0
4060,control,0,0.0
4061,control,0,0.0
4062,control,0,0.0
4063,control,0,0.0
4064,control,1,58.35
4065,control,0,0.0
4066,control,0,0.0
4067,control,0,0.0
4068,control,1,100.43
4069,control,1,83.78
4070,control,0,0.0
4071,control,0,0.0
4072,control,1,20.03
4073,control,0,0.0
4074,control,0,0.0
4075,control,0,0.0
4076,control,0,0.0
4077,control,0,0.0
4078,control,0,0.0
4079,control,0,0.0
4080,control,0,0.0
4081,control,0,0.0
4082,control,0,0.0
4083,control,0,0.0
4084,control,1,32.31
4085,control,0,0.0
4086,control,0,0.0
4087,control,0,0.0
4088,control,0,0.0
4089,control,0,0.0
4090,control,0,0.0
4091,control,0,0.0
4092,control,0,0.0
4093,control,0,0.0
4094,control,0,0.0
4095,control,0,0.0
4096,control,0,0.0
4097,control,0,0.0
4098,control,0,0.0
4099,control,0,0.0
4100,control,0,0.0
4101,control,0,0.0
4102,control,0,0.0
4103,control,0,0.0
4104,control,1,37.15
4105,control,0,0.0
4106,control,0,0.0
4107,control,0,0.0
4108,control,0,0.0
4109,control,0,0.0
4110,control,0,0.0
4111,control,0,0.0
4112,control,0,0.0
4113,control,0,0.0
4114,control,0,0.0
4115,control,0,0.0
4116,control,0,0.0
4117,control,0,0.0
4118,control,0,0.0
4119,control,0,0.0
4120,control,0,0.0
4121,control,0,0.0
4122,control,0,0.0
4123,control,1,58.59
4124,control,1,53.41
4125,control,0,0.0
4126,control,0,0.0
4127,control,0,0.0
4128,control,0,0.0
4129,control,1,103.65
4130,control,0,0.0
4131,control,0,0.0
4132,control,0,0.0
4133,control,0,0.0
4134,control,0,0.0
4135,control,1,61.39
4136,control,0,0.0
4137,control,1,35.57
4138,control,1,38.68
4139,control,0,0.0
4140,control,0,0.0
4141,control,0,0.0
4142,control,0,0.0
4143,control,0,0.0
4144,control,0,0.0
4145,control,0,0.0
4146,control,0,0.0
4147,control,0,0.0
4148,control,0,0.0
4149,control,0,0.0
4150,control,0,0.0
4151,control,0,0.0
4152,control,0,0.0
4153,control,0,0.0
4154,control,0,0.0
4155,control,0,0.0
4156,control,1,106.85
4157,control,1,74.86
4158,control,0,0.0
4159,control,0,0.0
4160,control,0,0.0
4161,control,0,0.0
4162,control,0,0.0
4163,control,0,0.0
4164,control,0,0.0
4165,control,0,0.0
4166,control,0,0.0
4167,control,0,0.0
4168,control,0,0.0
4169,control,0,0.0
4170,control,0,0.0
4171,control,0,0.0
4172,control,1,62.6
4173,control,1,44.8
4174,control,0,0.0
4175,control,0,0.0
4176,control,0,0.0
4177,control,0,0.0
4178,control,0,0.0
4179,control,0,0.0
4180,control,0,0.0
4181,control,0,0.0
4182,control,0,0.0
4183,control,0,0.0
4184,control,0,0.0
4185,control,0,0.0
4186,control,0,0.0
4187,control,1,69.11
4188,control,0,0.0
4189,control,1,40.21
4190,control,0,0.0
4191,control,0,0.0
4192,control,0,0.0
4193,control,0,0.0
4194,control,0,0.0
4195,control,0,0.0
4196,control,0,0.0
4197,control,0,0.0
4198,control,0,0.0
4199,control,1,25.69
4200,control,0,0.0
4201,control,0,0.0
4202,control,0,0.0
4203,control,0,0.0
4204,control,0,0.0
4205,control,1,52.17
4206,control,0,0.0
4207,control,0,0.0
4208,control,0,0.0
4209,control,0,0.0
4210,control,0,0.0
4211,control,0,0.0
4212,control,0,0.0
4213,control,1,61.68
4214,control,0,0.0
4215,control,0,0.0
4216,control,0,0.0
4217,control,0,0.0
4218,control,0,0.0
4219,control,0,0.0
4220,control,0,0.0
4221,control,0,0.0
4222,control,1,46.84
4223,control,0,0.0
4224,control,0,0.0
4225,control,0,0.0
4226,control,0,0.0
4227,control,0,0.0
4228,control,0,0.0
4229,control,0,0.0
4230,control,0,0.0
4231,control,0,0.0
4232,control,0,0.0
4233,control,0,0.0
4234,control,0,0.0
4235,control,0,0.0
4236,control,0,0.0
4237,control,0,0.0
4238,control,0,0.0
4239,control,0,0.0
4240,control,0,0.0
4241,control,0,0.0
4242,control,0,0.0
4243,control,0,0.0
4244,control,0,0.0
4245,control,0,0.0
4246,control,0,0.0
4247,control,0,0.0
4248,control,0,0.0
4249,control,0,0.0
4250,control,0,0.0
4251,control,0,0.0
4252,control,0,0.0
4253,control,0,0.0
4254,control,0,0.0
4255,control,0,0.0
4256,control,0,0.0
4257,control,0,0.0
4258,control,0,0.0
4259,control,0,0.0
4260,control,0,0.0
4261,control,0,0.0
4262,control,0,0.0
4263,control,0,0.0
4264,control,0,0.0
4265,control,0,0.0
4266,control,0,0.0
4267,control,0,0.0
4268,control,0,0.0
4269,control,0,0.0
4270,control,0,0.0
4271,control,0,0.0
4272,control,1,87.37
4273,control,0,0.0
4274,control,0,0.0
4275,control,0,0.0
4276,control,0,0.0
4277,control,0,0.0
4278,control,0,0.0
4279,control,0,0.0
4280,control,0,0.0
4281,control,0,0.0
4282,control,0,0.0
4283,control,0,0.0
4284,control,0,0.0
4285,control,0,0.0
4286,control,1,39.66
4287,control,1,31.83
4288,control,0,0.0
4289,control,0,0.0
4290,control,0,0.0
4291,control,1,88.01
4292,control,0,0.0
4293,control,0,0.0
4294,control,0,0.0
4295,control,0,0.0
4296,control,0,0.0
4297,control,0,0.0
4298,control,0,0.0
4299,control,0,0.0
4300,control,0,0.0
4301,control,0,0.0
4302,control,0,0.0
4303,control,0,0.0
4304,control,0,0.0
4305,control,0,0.0
4306,control,0,0.0
4307,control,0,0.0
4308,control,0,0.0
4309,control,0,0.0
4310,control,0,0.0
4311,control,0,0.0
4312,control,0,0.0
4313,control,0,0.0
4314,control,0,0.0
4315,control,0,0.0
4316,control,0,0.0
4317,control,0,0.0
4318,control,0,0.0
4319,control,0,0.0
4320,control,0,0.0
4321,control,0,0.0
4322,control,0,0.0
4323,control,0,0.0
4324,control,0,0.0
4325,control,0,0.0
4326,control,0,0.0
4327,control,1,50.19
4328,control,1,58.85
4329,control,0,0.0
4330,control,0,0.0
4331,control,0,0.0
4332,control,0,0.0
4333,control,0,0.0
4334,control,0,0.0
4335,control,0,0.0
4336,control,0,0.0
4337,control,0,0.0
4338,control,1,52.04
4339,control,0,0.0
4340,control,0,0.0
4341,control,0,0.0
4342,control,0,0.0
4343,control,0,0.0
4344,control,0,0.0
4345,control,0,0.0
4346,control,0,0.0
4347,control,0,0.0
4348,control,0,0.0
4349,control,0,0.0
4350,control,0,0.0
4351,control,1,28.12
4352,control,0,0.0
4353,control,0,0.0
4354,control,0,0.0
4355,control,1,75.53
4356,control,1,65.91
4357,control,0,0.0
4358,control,0,0.0
4359,control,0,0.0
4360,control,1,35.52
4361,control,0,0.0
4362,control,0,0.0
4363,control,0,0.0
4364,control,0,0.0
4365,control,0,0.0
4366,control,0,0.0
4367,control,0,0.0
4368,control,0,0.0
4369,control,0,0.0
4370,control,0,0.0
4371,control,0,0.0
4372,control,0,0.0
4373,control,0,0.0
4374,control,0,0.0
4375,control,0,0.0
4376,control,0,0.0
4377,control,0,0.0
4378,control,1,112.22
4379,control,0,0.0
4380,control,1,79.69
4381,control,0,0.0
4382,control,0,0.0
4383,control,0,0.0
4384,control,0,0.0
4385,control,0,0.0
4386,control,0,0.0
4387,control,0,0.0
4388,control,1,69.57
4389,control,0,0.0
4390,control,0,0.0
4391,control,0,0.0
4392,control,0,0.0
4393,control,0,0.0
4394,control,1,47.46
4395,control,0,0.0
4396,control,0,0.0
4397,control,0,0.0
4398,control,0,0.0
4399,control,0,0.0
4400,control,0,0.0
4401,control,0,0.0
4402,control,0,0.0
4403,control,0,0.0
4404,control,0,0.0
4405,control,0,0.0
4406,control,0,0.0
4407,control,0,0.0
4408,control,0,0.0
4409,control,0,0.0
4410,control,1,51.5
4411,control,0,0.0
4412,control,0,0.0
4413,control,0,0.0
4414,control,0,0.0
4415,control,0,0.0
4416,control,1,43.47
4417,control,0,0.0
4418,control,0,0.0
4419,control,1,90.1
4420,control,1,100.28
4421,control,1,30.86
4422,control,0,0.0
4423,control,0,0.0
4424,control,1,45.52
4425,control,0,0.0
4426,control,1,77.61
4427,control,0,0.0
4428,control,1,48.17
4429,control,0,0.0
4430,control,1,92.91
4431,control,0,0.0
4432,control,0,0.0
4433,control,0,0.0
4434,control,0,0.0
4435,control,0,0.0
4436,control,0,0.0
4437,control,0,0.0
4438,control,0,0.0
4439,control,0,0.0
4440,control,0,0.0
4441,control,0,0.0
4442,control,0,0.0
4443,control,0,0.0
4444,control,0,0.0
4445,control,0,0.0
4446,control,0,0.0
4447,control,0,0.0
4448,control,1,44.96
4449,control,0,0.0
4450,control,0,0.0
4451,control,0,0.0
4452,control,0,0.0
4453,control,0,0.0
4454,control,0,0.0
4455,control,0,0.0
4456,control,0,0.0
4457,control,1,25.66
4458,control,0,0.0
4459,control,0,0.0
4460,control,0,0.0
4461,control,0,0.0
4462,control,0,0.0
4463,control,0,0.0
4464,control,0,0.0
4465,control,0,0.0
4466,control,0,0.0
4467,control,0,0.0
4468,control,1,37.8
4469,control,0,0.0
4470,control,0,0.0
4471,control,1,61.01
4472,control,0,0.0
4473,control,0,0.0
4474,control,0,0.0
4475,control,0,0.0
4476,control,0,0.0
4477,control,0,0.0
4478,control,0,0.0
4479,control,0,0.0
4480,control,0,0.0
4481,control,0,0.0
4482,control,0,0.0
4483,control,0,0.0
4484,control,0,0.0
4485,control,0,0.0
4486,control,1,48.51
4487,control,0,0.0
4488,control,0,0.0
4489,control,1,51.51
4490,control,0,0.0
4491,control,0,0.0
4492,control,0,0.0
4493,control,0,0.0
4494,control,0,0.0
4495,control,0,0.0
4496,control,0,0.0
4497,control,1,62.7
4498,control,0,0.0
4499,control,0,0.0
4500,control,0,0.0
4501,control,0,0.0
4502,control,0,0.0
4503,control,1,81.6
4504,control,0,0.0
4505,control,0,0.0
4506,control,0,0.0
4507,control,0,0.0
4508,control,0,0.0
4509,control,0,0.0
4510,control,0,0.0
4511,control,0,0.0
4512,control,0,0.0
4513,control,0,0.0
4514,control,1,62.51
4515,control,0,0.0
4516,control,0,0.0
4517,control,0,0.0
4518,control,0,0.0
4519,control,0,0.0
4520,control,0,0.0
4521,control,0,0.0
4522,control,0,0.0
4523,control,1,45.74
4524,control,1,196.68
4525,control,0,0.0
4526,control,0,0.0
4527,control,0,0.0
4528,control,0,0.0
4529,control,0,0.0
4530,control,0,0.0
4531,control,0,0.0
4532,control,0,0.0
4533,control,1,91.75
4534,control,0,0.0
4535,control,0,0.0
4536,control,1,59.19
4537,control,0,0.0
4538,control,1,27.45
4539,control,0,0.0
4540,control,0,0.0
4541,control,0,0.0
4542,control,0,0.0
4543,control,0,0.0
4544,control,0,0.0
4545,control,0,0.0
4546,control,0,0.0
4547,control,0,0.0
4548,control,0,0.0
4549,control,0,0.0
4550,control,0,0.0
4551,control,1,40.78
4552,control,1,65.71
4553,control,0,0.0
4554,control,0,0.0
4555,control,0,0.0
4556,control,1,57.19
4557,control,0,0.0
4558,control,0,0.0
4559,control,0,0.0
4560,control,0,0.0
4561,control,1,68.46
4562,control,1,123.08
4563,control,0,0.0
4564,control,0,0.0
4565,control,0,0.0
4566,control,0,0.0
4567,control,0,0.0
4568,control,0,0.0
4569,control,0,0.0
4570,control,0,0.0
4571,control,1,20.04
4572,control,0,0.0
4573,control,0,0.0
4574,control,0,0.0
4575,control,0,0.0
4576,control,0,0.0
4577,control,0,0.0
4578,control,0,0.0
4579,control,0,0.0
4580,control,0,0.0
4581,control,0,0.0
4582,control,0,0.0
4583,control,1,25.85
4584,control,1,30.17
4585,control,0,0.0
4586,control,0,0.0
4587,control,0,0.0
4588,control,0,0.0
4589,control,0,0.0
4590,control,0,0.0
4591,control,0,0.0
4592,control,0,0.0
4593,control,0,0.0
4594,control,1,81.41
4595,control,0,0.0
4596,control,0,0.0
4597,control,0,0.0
4598,control,0,0.0
4599,control,0,0.0
4600,control,0,0.0
4601,control,0,0.0
4602,control,0,0.0
4603,control,0,0.0
4604,control,0,0.0
4605,control,0,0.0
4606,control,0,0.0
4607,control,0,0.0
4608,control,0,0.0
4609,control,0,0.0
4610,control,0,0.0
4611,control,1,50.06
4612,control,0,0.0
4613,control,0,0.0
4614,control,0,0.0
4615,control,0,0.0
4616,control,0,0.0
4617,control,0,0.0
4618,control,0,0.0
4619,control,0,0.0
4620,control,0,0.0
4621,control,0,0.0
4622,control,0,0.0
4623,control,0,0.0
4624,control,0,0.0
4625,control,0,0.0
4626,control,0,0.0
4627,control,0,0.0
4628,control,0,0.0
4629,control,0,0.0
4630,control,0,0.0
4631,control,0,0.0
4632,control,0,0.0
4633,control,0,0.0
4634,control,0,0.0
4635,control,0,0.0
4636,control,1,45.2
4637,control,1,72.5
4638,control,1,28.97
4639,control,0,0.0
4640,control,0,0.0
4641,control,0,0.0
4642,control,0,0.0
4643,control,0,0.0
4644,control,0,0.0
4645,control,1,34.72
4646,control,1,63.95
4647,control,0,0.0
4648,control,0,0.0
4649,control,0,0.0
4650,control,0,0.0
4651,control,0,0.0
4652,control,0,0.0
4653,control,0,0.0
4654,control,0,0.0
4655,control,0,0.0
4656,control,0,0.0
4657,control,0,0.0
4658,control,1,62.29
4659,control,0,0.0
4660,control,0,0.0
4661,control,0,0.0
4662,control,0,0.0
4663,control,0,0.0
4664,control,0,0.0
4665,control,0,0.0
4666,control,0,0.0
4667,control,0,0.0
4668,control,0,0.0
4669,control,0,0.0
4670,control,0,0.0
4671,control,1,51.14
4672,control,0,0.0
4673,control,0,0.0
4674,control,0,0.0
4675,control,0,0.0
4676,control,0,0.0
4677,control,0,0.0
4678,control,0,0.0
4679,control,0,0.0
4680,control,0,0.0
4681,control,0,0.0
4682,control,0,0.0
4683,control,0,0.0
4684,control,0,0.0
4685,control,0,0.0
4686,control,0,0.0
4687,control,0,0.0
4688,control,0,0.0
4689,control,0,0.0
4690,control,0,0.0
4691,control,0,0.0
4692,control,0,0.0
4693,control,0,0.0
4694,control,1,41.35
4695,control,1,53.22
4696,control,0,0.0
4697,control,0,0.0
4698,control,1,94.94
4699,control,0,0.0
4700,control,0,0.0
4701,control,0,0.0
4702,control,0,0.0
4703,control,0,0.0
4704,control,0,0.0
4705,control,0,0.0
4706,control,0,0.0
4707,control,0,0.0
4708,control,0,0.0
4709,control,1,23.12
4710,control,1,41.16
4711,control,0,0.0
4712,control,0,0.0
4713,control,0,0.0
4714,control,0,0.0
4715,control,0,0.0
4716,control,0,0.0
4717,control,0,0.0
4718,control,0,0.0
4719,control,0,0.0
4720,control,0,0.0
4721,control,0,0.0
4722,control,0,0.0
4723,control,0,0.0
4724,control,1,136.2
4725,control,0,0.0
4726,control,0,0.0
4727,control,0,0.0
4728,control,0,0.0
4729,control,0,0.0
4730,control,0,0.0
4731,control,0,0.0
4732,control,0,0.0
4733,control,1,15.13
4734,control,1,47.13
4735,control,0,0.0
4736,control,0,0.0
4737,control,0,0.0
4738,control,0,0.0
4739,control,0,0.0
4740,control,0,0.0
4741,control,0,0.0
4742,control,0,0.0
4743,control,0,0.0
4744,control,0,0.0
4745,control,0,0.0
4746,control,1,70.05
4747,control,0,0.0
4748,control,0,0.0
4749,control,0,0.0
4750,control,0,0.0
4751,control,0,0.0
4752,control,1,82.93
4753,control,0,0.0
4754,control,0,0.0
4755,control,1,95.63
4756,control,0,0.0
4757,control,1,10.38
4758,control,0,0.0
4759,control,0,0.0
4760,control,0,0.0
4761,control,1,75.1
4762,control,0,0.0
4763,control,0,0.0
4764,control,0,0.0
4765,control,0,0.0
4766,control,0,0.0
4767,control,0,0.0
4768,control,0,0.0
4769,control,0,0.0
4770,control,0,0.0
4771,control,0,0.0
4772,control,0,0.0
4773,control,0,0.0
4774,control,1,15.28
4775,control,0,0.0
4776,control,0,0.0
4777,control,0,0.0
4778,control,0,0.0
4779,control,0,0.0
4780,control,0,0.0
4781,control,0,0.0
4782,control,0,0.0
4783,control,0,0.0
4784,control,0,0.0
4785,control,0,0.0
4786,control,0,0.0
4787,control,0,0.0
4788,control,0,0.0
4789,control,0,0.0
4790,control,1,49.19
4791,control,0,0.0
4792,control,0,0.0
4793,control,0,0.0
4794,control,0,0.0
4795,control,0,0.0
4796,control,0,0.0
4797,control,0,0.0
4798,control,0,0.0
4799,control,0,0.0
4800,control,1,54.27
4801,control,0,0.0
4802,control,0,0.0
4803,control,0,0.0
4804,control,0,0.0
4805,control,0,0.0
4806,control,0,0.0
4807,control,0,0.0
4808,control,0,0.0
4809,control,0,0.0
4810,control,0,0.0
4811,control,0,0.0
4812,control,0,0.0
4813,control,0,0.0
4814,control,0,0.0
4815,control,0,0.0
4816,control,0,0.0
4817,control,0,0.0
4818,control,0,0.0
4819,control,0,0.0
4820,control,1,31.07
4821,control,0,0.0
4822,control,0,0.0
4823,control,1,78.94
4824,control,0,0.0
4825,control,0,0.0
4826,control,0,0.0
4827,control,0,0.0
4828,control,0,0.0
4829,control,0,0.0
4830,control,0,0.0
4831,control,0,0.0
4832,control,0,0.0
4833,control,0,0.0
4834,control,0,0.0
4835,control,0,0.0
4836,control,0,0.0
4837,control,0,0.0
4838,control,0,0.0
4839,control,0,0.0
4840,control,0,0.0
4841,control,0,0.0
4842,control,1,85.93
4843,control,0,0.0
4844,control,0,0.0
4845,control,0,0.0
4846,control,0,0.0
4847,control,0,0.0
4848,control,0,0.0
4849,control,0,0.0
4850,control,0,0.0
4851,control,0,0.0
4852,control,0,0.0
4853,control,0,0.0
4854,control,0,0.0
4855,control,0,0.0
4856,control,0,0.0
4857,control,0,0.0
4858,control,0,0.0
4859,control,0,0.0
4860,control,0,0.0
4861,control,0,0.0
4862,control,0,0.0
4863,control,1,26.54
4864,control,0,0.0
4865,control,0,0.0
4866,control,0,0.0
4867,control,0,0.0
4868,control,0,0.0
4869,control,0,0.0
4870,control,0,0.0
4871,control,0,0.0
4872,control,0,0.0
4873,control,0,0.0
4874,control,0,0.0
4875,control,0,0.0
4876,control,0,0.0
4877,control,0,0.0
4878,control,0,0.0
4879,control,0,0.0
4880,control,0,0.0
4881,control,0,0.0
4882,control,1,22.87
4883,control,1,66.64
4884,control,0,0.0
4885,control,0,0.0
4886,control,0,0.0
4887,control,0,0.0
4888,control,0,0.0
4889,control,0,0.0
4890,control,0,0.0
4891,control,0,0.0
4892,control,1,79.83
4893,control,0,0.0
4894,control,0,0.0
4895,control,0,0.0
4896,control,0,0.0
4897,control,0,0.0
4898,control,0,0.0
4899,control,0,0.0
4900,control,0,0.0
4901,control,0,0.0
4902,control,1,48.31
4903,control,0,0.0
4904,control,0,0.0
4905,control,0,0.0
4906,control,0,0.0
4907,control,0,0.0
4908,control,0,0.0
4909,control,0,0.0
4910,control,0,0.0
4911,control,0,0.0
4912,control,0,0.0
4913,control,0,0.0
4914,control,0,0.0
4915,control,0,0.0
4916,control,0,0.0
4917,control,0,0.0
4918,control,0,0.0
4919,control,0,0.0
4920,control,0,0.0
4921,control,0,0.0
4922,control,0,0.0
4923,control,0,0.0
4924,control,1,83.06
4925,control,0,0.0
4926,control,0,0.0
4927,control,0,0.0
4928,control,0,0.0
4929,control,0,0.0
4930,control,0,0.0
4931,control,0,0.0
4932,control,0,0.0
4933,control,0,0.0
4934,control,0,0.0
4935,control,0,0.0
4936,control,0,0.0
4937,control,0,0.0
4938,control,0,0.0
4939,control,0,0.0
4940,control,0,0.0
4941,control,0,0.0
4942,control,1,36.14
4943,control,0,0.0
4944,control,0,0.0
4945,control,0,0.0
4946,control,0,0.0
4947,control,1,43.83
4948,control,0,0.0
4949,control,0,0.0
4950,control,0,0.0
4951,control,0,0.0
4952,control,0,0.0
4953,control,0,0.0
4954,control,0,0.0
4955,control,0,0.0
4956,control,0,0.0
4957,control,0,0.0
4958,control,0,0.0
4959,control,0,0.0
4960,control,0,0.0
4961,control,0,0.0
4962,control,0,0.0
4963,control,0,0.0
4964,control,0,0.0
4965,control,0,0.0
4966,control,0,0.0
4967,control,0,0.0
4968,control,0,0.0
4969,control,0,0.0
4970,control,0,0.0
4971,control,0,0.0
4972,control,0,0.0
4973,control,1,62.46
4974,control,0,0.0
4975,control,0,0.0
4976,control,0,0.0
4977,control,0,0.0
4978,control,0,0.0
4979,control,0,0.0
4980,control,0,0.0
4981,control,0,0.0
4982,control,0,0.0
4983,control,0,0.0
4984,control,0,0.0
4985,control,1,52.63
4986,control,0,0.0
4987,control,0,0.0
4988,control,0,0.0
4989,control,0,0.0
4990,control,0,0.0
4991,control,0,0.0
4992,control,0,0.0
4993,control,0,0.0
4994,control,0,0.0
4995,control,0,0.0
4996,control,1,22.83
4997,control,0,0.0
4998,control,0,0.0
4999,control,0,0.0
5000,control,0,0.0
5001,control,1,38.71
5002,control,0,0.0
5003,control,0,0.0
5004,control,0,0.0
5005,control,0,0.0
5006,control,0,0.0
5007,control,0,0.0
5008,control,0,0.0
5009,control,0,0.0
5010,control,0,0.0
5011,control,0,0.0
5012,control,0,0.0
5013,control,1,18.43
5014,control,0,0.0
5015,control,0,0.0
5016,control,0,0.0
5017,control,0,0.0
5018,control,0,0.0
5019,control,0,0.0
5020,control,0,0.0
5021,control,0,0.0
5022,control,0,0.0
5023,control,0,0.0
5024,control,1,61.67
5025,control,0,0.0
5026,control,0,0.0
5027,control,0,0.0
5028,control,0,0.0
5029,control,0,0.0
5030,control,1,27.37
5031,control,0,0.0
5032,control,0,0.0
5033,control,0,0.0
5034,control,0,0.0
5035,control,0,0.0
5036,control,1,50.73
5037,control,0,0.0
5038,control,0,0.0
5039,control,0,0.0
5040,control,0,0.0
5041,control,1,65.5
5042,control,0,0.0
5043,control,0,0.0
5044,control,0,0.0
5045,control,0,0.0
5046,control,1,21.05
5047,control,0,0.0
5048,control,0,0.0
5049,control,0,0.0
5050,control,1,40.39
5051,control,0,0.0
5052,control,0,0.0
5053,control,0,0.0
5054,control,0,0.0
5055,control,0,0.0
5056,control,0,0.0
5057,control,0,0.0
5058,control,0,0.0
5059,control,0,0.0
5060,control,0,0.0
5061,control,0,0.0
5062,control,0,0.0
5063,control,1,9.12
5064,control,0,0.0
5065,control,0,0.0
5066,control,0,0.0
5067,control,0,0.0
5068,control,0,0.0
5069,control,0,0.0
5070,control,0,0.0
5071,control,0,0.0
5072,control,0,0.0
5073,control,0,0.0
5074,control,0,0.0
5075,control,1,35.65
5076,control,0,0.0
5077,control,0,0.0
5078,control,0,0.0
5079,control,0,0.0
5080,control,0,0.0
5081,control,0,0.0
5082,control,0,0.0
5083,control,0,0.0
5084,control,0,0.0
5085,control,0,0.0
5086,control,0,0.0
5087,control,0,0.0
5088,control,0,0.0
5089,control,0,0.0
5090,control,0,0.0
5091,control,1,71.05
5092,control,0,0.0
5093,control,0,0.0
5094,control,1,82.08
5095,control,0,0.0
5096,control,0,0.0
5097,control,1,72.18
5098,control,0,0.0
5099,control,0,0.0
5100,control,0,0.0
5101,control,1,16.43
5102,control,0,0.0
5103,control,0,0.0
5104,control,0,0.0
5105,control,0,0.0
5106,control,0,0.0
5107,control,0,0.0
5108,control,0,0.0
5109,control,0,0.0
5110,control,0,0.0
5111,control,0,0.0
5112,control,0,0.0
5113,control,0,0.0
5114,control,0,0.0
5115,control,0,0.0
5116,control,0,0.0
5117,control,0,0.0
5118,control,0,0.0
5119,control,1,78.76
5120,control,0,0.0
5121,control,0,0.0
5122,control,1,40.96
5123,control,0,0.0
5124,control,0,0.0
5125,control,1,34.09
5126,control,0,0.0
5127,control,0,0.0
5128,control,0,0.0
5129,control,0,0.0
5130,control,0,0.0
5131,control,0,0.0
5132,control,0,0.0
5133,control,1,86.14
5134,control,0,0.0
5135,control,0,0.0
5136,control,0,0.0
5137,control,1,16.48
5138,control,0,0.0
5139,control,1,31.5
5140,control,1,49.42
5141,control,0,0.0
5142,control,0,0.0
5143,control,0,0.0
5144,control,0,0.0
5145,control,0,0.0
5146,control,0,0.0
5147,control,1,68.46
5148,control,0,0.0
5149,control,0,0.0
5150,control,0,0.0
5151,control,0,0.0
5152,control,0,0.0
5153,control,0,0.0
5154,control,0,0.0
5155,control,0,0.0
5156,control,1,88.39
5157,control,1,44.69
5158,control,0,0.0
5159,control,0,0.0
5160,control,0,0.0
5161,control,0,0.0
5162,control,0,0.0
5163,control,0,0.0
5164,control,0,0.0
5165,control,0,0.0
5166,control,0,0.0
5167,control,0,0.0
5168,control,0,0.0
5169,control,0,0.0
5170,control,0,0.0
5171,control,0,0.0
5172,control,0,0.0
5173,control,0,0.0
5174,control,0,0.0
5175,control,0,0.0
5176,control,0,0.0
5177,control,0,0.0
5178,control,0,0.0
5179,control,1,88.83
5180,control,0,0.0
5181,control,0,0.0
5182,control,1,38.05
5183,control,0,0.0
5184,control,0,0.0
5185,control,0,0.0
5186,control,0,0.0
5187,control,0,0.0
5188,control,0,0.0
5189,control,1,27.2
5190,control,0,0.0
5191,control,0,0.0
5192,control,0,0.0
5193,control,0,0.0
5194,control,0,0.0
5195,control,0,0.0
5196,control,0,0.0
5197,control,1,68.44
5198,control,0,0.0
5199,control,1,43.34
5200,control,0,0.0
5201,control,0,0.0
5202,control,0,0.0
5203,control,0,0.0
5204,control,0,0.0
5205,control,0,0.0
5206,control,0,0.0
5207,control,0,0.0
5208,control,0,0.0
5209,control,0,0.0
5210,control,0,0.0
5211,control,0,0.0
5212,control,0,0.0
5213,control,0,0.0
5214,control,0,0.0
5215,control,0,0.0
5216,control,0,0.0
5217,control,0,0.0
5218,control,0,0.0
5219,control,0,0.0
5220,control,0,0.0
5221,control,0,0.0
5222,control,0,0.0
5223,control,0,0.0
5224,control,1,11.45
5225,control,1,129.79
5226,control,0,0.0
5227,control,0,0.0
5228,control,0,0.0
5229,control,0,0.0
5230,control,0,0.0
5231,control,0,0.0
5232,control,0,0.0
5233,control,0,0.0
5234,control,1,34.11
5235,control,0,0.0
5236,control,0,0.0
5237,control,0,0.0
5238,control,1,90.17
5239,control,0,0.0
5240,control,0,0.0
5241,control,0,0.0
5242,control,0,0.0
5243,control,0,0.0
5244,control,0,0.0
5245,control,0,0.0
5246,control,0,0.0
5247,control,1,34.9
5248,control,0,0.0
5249,control,0,0.0
5250,control,0,0.0
5251,control,0,0.0
5252,control,0,0.0
5253,control,0,0.0
5254,control,0,0.0
5255,control,0,0.0
5256,control,0,0.0
5257,control,1,54.99
5258,control,0,0.0
5259,control,0,0.0
5260,control,1,58.3
5261,control,0,0.0
5262,control,0,0.0
5263,control,0,0.0
5264,control,0,0.0
5265,control,1,48.86
5266,control,0,0.0
5267,control,0,0.0
5268,control,0,0.0
5269,control,0,0.0
5270,control,0,0.0
5271,control,0,0.0
5272,control,0,0.0
5273,control,0,0.0
5274,control,0,0.0
5275,control,0,0.0
5276,control,0,0.0
5277,control,0,0.0
5278,control,0,0.0
5279,control,0,0.0
5280,control,0,0.0
5281,control,0,0.0
5282,control,0,0.0
5283,control,1,125.14
5284,control,1,114.08
5285,control,0,0.0
5286,control,0,0.0
5287,control,0,0.0
5288,control,0,0.0
5289,control,0,0.0
5290,control,0,0.0
5291,control,0,0.0
5292,control,1,23.92
5293,control,0,0.0
5294,control,0,0.0
5295,control,0,0.0
5296,control,0,0.0
5297,control,0,0.0
5298,control,0,0.0
5299,control,0,0.0
5300,control,0,0.0
5301,control,0,0.0
5302,control,0,0.0
5303,control,1,34.48
5304,control,0,0.0
5305,control,1,50.6
5306,control,0,0.0
5307,control,0,0.0
5308,control,0,0.0
5309,control,0,0.0
5310,control,0,0.0
5311,control,0,0.0
5312,control,0,0.0
5313,control,0,0.0
5314,control,0,0.0
5315,control,0,0.0
5316,control,0,0.0
5317,control,1,24.32
5318,control,0,0.0
5319,control,0,0.0
5320,control,0,0.0
5321,control,0,0.0
5322,control,0,0.0
5323,control,0,0.0
5324,control,0,0.0
5325,control,0,0.0
5326,control,0,0.0
5327,control,0,0.0
5328,control,0,0.0
5329,control,0,0.0
5330,control,0,0.0
5331,control,0,0.0
5332,control,0,0.0
5333,control,0,0.0
5334,control,0,0.0
5335,control,0,0.0
5336,control,1,52.71
5337,control,0,0.0
5338,control,1,53.46
5339,control,0,0.0
5340,control,0,0.0
5341,control,0,0.0
5342,control,0,0.0
5343,control,0,0.0
5344,control,0,0.0
5345,control,0,0.0
5346,control,0,0.0
5347,control,0,0.0
5348,control,0,0.0
5349,control,0,0.0
5350,control,0,0.0
5351,control,0,0.0
5352,control,0,0.0
5353,control,0,0.0
5354,control,0,0.0
5355,control,0,0.0
5356,control,0,0.0
5357,control,0,0.0
5358,control,0,0.0
5359,control,0,0.0
5360,control,0,0.0
5361,control,0,0.0
5362,control,0,0.0
5363,control,0,0.0
5364,control,0,0.0
5365,control,0,0.0
5366,control,0,0.0
5367,control,0,0.0
5368,control,0,0.0
5369,control,0,0.0
5370,control,0,0.0
5371,control,1,52.87
5372,control,0,0.0
5373,control,0,0.0
5374,control,0,0.0
5375,control,0,0.0
5376,control,0,0.0
5377,control,1,91.35
5378,control,0,0.0
5379,control,0,0.0
5380,control,0,0.0
5381,control,0,0.0
5382,control,0,0.0
5383,control,0,0.0
5384,control,0,0.0
5385,control,0,0.0
5386,control,0,0.0
5387,control,0,0.0
5388,control,0,0.0
5389,control,0,0.0
5390,control,0,0.0
5391,control,0,0.0
5392,control,0,0.0
5393,control,0,0.0
5394,control,0,0.0
5395,control,0,0.0
5396,control,0,0.0
5397,control,0,0.0
5398,control,0,0.0
5399,control,0,0.0
5400,control,0,0.0
5401,control,0,0.0
5402,control,0,0.0
5403,control,1,29.43
5404,control,0,0.0
5405,control,0,0.0
5406,control,1,101.86
5407,control,0,0.0
5408,control,0,0.0
5409,control,0,0.0
5410,control,0,0.0
5411,control,0,0.0
5412,control,0,0.0
5413,control,0,0.0
5414,control,0,0.0
5415,control,0,0.0
5416,control,0,0.0
5417,control,0,0.0
5418,control,0,0.0
5419,control,0,0.0
5420,control,0,0.0
5421,control,0,0.0
5422,control,0,0.0
5423,control,0,0.0
5424,control,0,0.0
5425,control,0,0.0
5426,control,0,0.0
5427,control,0,0.0
5428,control,0,0.0
5429,control,0,0.0
5430,control,0,0.0
5431,control,0,0.0
5432,control,0,0.0
5433,control,0,0.0
5434,control,0,0.0
5435,control,0,0.0
5436,control,0,0.0
5437,control,0,0.0
5438,control,0,0.0
5439,control,0,0.0
5440,control,0,0.0
5441,control,0,0.0
5442,control,0,0.0
5443,control,0,0.0
5444,control,0,0.0
5445,control,1,90.68
5446,control,0,0.0
5447,control,0,0.0
5448,control,0,0.0
5449,control,0,0.0
5450,control,0,0.0
5451,control,0,0.0
5452,control,0,0.0
5453,control,0,0.0
5454,control,0,0.0
5455,control,0,0.0
5456,control,1,79.96
5457,control,0,0.0
5458,control,0,0.0
5459,control,0,0.0
5460,control,0,0.0
5461,control,0,0.0
5462,control,0,0.0
5463,control,0,0.0
5464,control,0,0.0
5465,control,0,0.0
5466,control,0,0.0
5467,control,0,0.0
5468,control,0,0.0
5469,control,0,0.0
5470,control,0,0.0
5471,control,1,82.7
5472,control,0,0.0
5473,control,0,0.0
5474,control,0,0.0
5475,control,0,0.0
5476,control,1,73.5
5477,control,0,0.0
5478,control,0,0.0
5479,control,0,0.0
5480,control,0,0.0
5481,control,0,0.0
5482,control,0,0.0
5483,control,0,0.0
5484,control,0,0.0
5485,control,0,0.0
5486,control,0,0.0
5487,control,0,0.0
5488,control,0,0.0
5489,control,0,0.0
5490,control,0,0.0
5491,control,0,0.0
5492,control,0,0.0
5493,control,0,0.0
5494,control,0,0.0
5495,control,1,77.87
5496,control,0,0.0
5497,control,0,0.0
5498,control,0,0.0
5499,control,1,114.43
5500,control,0,0.0
5501,control,0,0.0
5502,control,0,0.0
5503,control,0,0.0
5504,control,0,0.0
5505,control,0,0.0
5506,control,0,0.0
5507,control,0,0.0
5508,control,0,0.0
5509,control,0,0.0
5510,control,0,0.0
5511,control,0,0.0
5512,control,0,0.0
5513,control,0,0.0
5514,control,0,0.0
5515,control,0,0.0
5516,control,0,0.0
5517,control,0,0.0
5518,control,1,46.74
5519,control,0,0.0
5520,control,0,0.0
5521,control,0,0.0
5522,control,0,0.0
5523,control,1,92.91
5524,control,0,0.0
5525,control,1,56.97
5526,control,1,28.86
5527,control,0,0.0
5528,control,0,0.0
5529,control,0,0.0
5530,control,0,0.0
5531,control,0,0.0
5532,control,0,0.0
5533,control,0,0.0
5534,control,0,0.0
5535,control,0,0.0
5536,control,0,0.0
5537,control,1,72.28
5538,control,0,0.0
5539,control,0,0.0
5540,control,1,56.73
5541,control,0,0.0
5542,control,0,0.0
5543,control,0,0.0
5544,control,0,0.0
5545,control,0,0.0
5546,control,0,0.0
5547,control,0,0.0
5548,control,1,32.01
5549,control,0,0.0
5550,control,0,0.0
5551,control,0,0.0
5552,control,0,0.0
5553,control,0,0.0
5554,control,1,60.02
5555,control,0,0.0
5556,control,0,0.0
5557,control,0,0.0
5558,control,1,70.03
5559,control,1,37.33
5560,control,0,0.0
5561,control,0,0.0
5562,control,0,0.0
5563,control,0,0.0
5564,control,0,0.0
5565,control,0,0.0
5566,control,1,19.53
5567,control,0,0.0
5568,control,1,26.92
5569,control,0,0.0
5570,control,0,0.0
5571,control,0,0.0
5572,control,0,0.0
5573,control,0,0.0
5574,control,0,0.0
5575,control,0,0.0
5576,control,0,0.0
5577,control,0,0.0
5578,control,0,0.0
5579,control,0,0.0
5580,control,0,0.0
5581,control,0,0.0
5582,control,0,0.0
5583,control,0,0.0
5584,control,0,0.0
5585,control,0,0.0
5586,control,0,0.0
5587,control,0,0.0
5588,control,0,0.0
5589,control,0,0.0
5590,control,0,0.0
5591,control,0,0.0
5592,control,0,0.0
5593,control,0,0.0
5594,control,0,0.0
5595,control,0,0.0
5596,control,0,0.0
5597,control,0,0.0
5598,control,1,99.34
5599,control,1,133.11
5600,control,0,0.0
5601,control,0,0.0
5602,control,0,0.0
5603,control,0,0.0
5604,control,0,0.0
5605,control,0,0.0
5606,control,0,0.0
5607,control,0,0.0
5608,control,1,60.83
5609,control,0,0.0
5610,control,0,0.0
5611,control,0,0.0
5612,control,1,94.41
5613,control,0,0.0
5614,control,0,0.0
5615,control,0,0.0
5616,control,0,0.0
5617,control,1,55.67
5618,control,0,0.0
5619,control,0,0.0
5620,control,0,0.0
5621,control,0,0.0
5622,control,0,0.0
5623,control,0,0.0
5624,control,0,0.0
5625,control,0,0.0
5626,control,0,0.0
5627,control,0,0.0
5628,control,0,0.0
5629,control,0,0.0
5630,control,0,0.0
5631,control,0,0.0
5632,control,0,0.0
5633,control,0,0.0
5634,control,0,0.0
5635,control,0,0.0
5636,control,0,0.0
5637,control,0,0.0
5638,control,0,0.0
5639,control,0,0.0
5640,control,0,0.0
5641,control,0,0.0
5642,control,0,0.0
5643,control,0,0.0
5644,control,0,0.0
5645,control,0,0.0
5646,control,0,0.0
5647,control,0,0.0
5648,control,0,0.0
5649,control,0,0.0
5650,control,0,0.0
5651,control,0,0.0
5652,control,0,0.0
5653,control,0,0.0
5654,control,1,25.23
5655,control,1,55.37
5656,control,1,61.33
5657,control,0,0.0
5658,control,0,0.0
5659,control,0,0.0
5660,control,0,0.0
5661,control,0,0.0
5662,control,0,0.0
5663,control,0,0.0
5664,control,0,0.0
5665,control,0,0.0
5666,control,0,0.0
5667,control,0,0.0
5668,control,0,0.0
5669,control,0,0.0
5670,control,0,0.0
5671,control,0,0.0
5672,control,0,0.0
5673,control,0,0.0
5674,control,0,0.0
5675,control,0,0.0
5676,control,0,0.0
5677,control,0,0.0
5678,control,0,0.0
5679,control,0,0.0
5680,control,0,0.0
5681,control,0,0.0
5682,control,0,0.0
5683,control,0,0.0
5684,control,0,0.0
5685,control,0,0.0
5686,control,0,0.0
5687,control,1,43.68
5688,control,0,0.0
5689,control,0,0.0
5690,control,0,0.0
5691,control,0,0.0
5692,control,0,0.0
5693,control,1,40.77
5694,control,0,0.0
5695,control,0,0.0
5696,control,0,0.0
5697,control,0,0.0
5698,control,0,0.0
5699,control,0,0.0
5700,control,1,32.83
5701,control,0,0.0
5702,control,1,65.42
5703,control,0,0.0
5704,control,0,0.0
5705,control,0,0.0
5706,control,0,0.0
5707,control,0,0.0
5708,control,0,0.0
5709,control,0,0.0
5710,control,1,28.61
5711,control,1,64.76
5712,control,0,0.0
5713,control,0,0.0
5714,control,1,116.84
5715,control,0,0.0
5716,control,0,0.0
5717,control,0,0.0
5718,control,0,0.0
5719,control,0,0.0
5720,control,0,0.0
5721,control,1,57.05
5722,control,0,0.0
5723,control,0,0.0
5724,control,0,0.0
5725,control,0,0.0
5726,control,0,0.0
5727,control,0,0.0
5728,control,0,0.0
5729,control,0,0.0
5730,control,0,0.0
5731,control,0,0.0
5732,control,0,0.0
5733,control,0,0.0
5734,control,0,0.0
5735,control,1,30.73
5736,control,0,0.0
5737,control,0,0.0
5738,control,0,0.0
5739,control,0,0.0
5740,control,0,0.0
5741,control,0,0.0
5742,control,0,0.0
5743,control,1,33.91
5744,control,0,0.0
5745,control,0,0.0
5746,control,0,0.0
5747,control,0,0.0
5748,control,0,0.0
5749,control,0,0.0
5750,control,0,0.0
5751,control,0,0.0
5752,control,0,0.0
5753,control,0,0.0
5754,control,0,0.0
5755,control,0,0.0
5756,control,1,69.59
5757,control,1,41.2
5758,control,0,0.0
5759,control,0,0.0
5760,control,0,0.0
5761,control,0,0.0
5762,control,0,0.0
5763,control,0,0.0
5764,control,0,0.0
5765,control,0,0.0
5766,control,0,0.0
5767,control,0,0.0
5768,control,0,0.0
5769,control,0,0.0
5770,control,0,0.0
5771,control,0,0.0
5772,control,0,0.0
5773,control,0,0.0
5774,control,0,0.0
5775,control,0,0.0
5776,control,0,0.0
5777,control,0,0.0
5778,control,0,0.0
5779,control,0,0.0
5780,control,0,0.0
5781,control,0,0.0
5782,control,0,0.0
5783,control,0,0.0
5784,control,0,0.0
5785,control,0,0.0
5786,control,1,35.66
5787,control,0,0.0
5788,control,0,0.0
5789,control,0,0.0
5790,control,0,0.0
5791,control,0,0.0
5792,control,0,0.0
5793,control,0,0.0
5794,control,0,0.0
5795,control,0,0.0
5796,control,0,0.0
5797,control,0,0.0
5798,control,0,0.0
5799,control,0,0.0
5800,control,0,0.0
5801,control,0,0.0
5802,control,0,0.0
5803,control,0,0.0
5804,control,0,0.0
5805,control,0,0.0
5806,control,0,0.0
5807,control,0,0.0
5808,control,0,0.0
5809,control,0,0.0
5810,control,0,0.0
5811,control,0,0.0
5812,control,0,0.0
5813,control,0,0.0
5814,control,1,61.13
5815,control,1,49.23
5816,control,1,100.6
5817,control,0,0.0
5818,control,0,0.0
5819,control,0,0.0
5820,control,0,0.0
5821,control,0,0.0
5822,control,0,0.0
5823,control,0,0.0
5824,control,0,0.0
5825,control,0,0.0
5826,control,0,0.0
5827,control,1,63.02
5828,control,0,0.0
5829,control,0,0.0
5830,control,0,0.0
5831,control,0,0.0
5832,control,0,0.0
5833,control,0,0.0
5834,control,0,0.0
5835,control,0,0.0
5836,control,0,0.0
5837,control,0,0.0
5838,control,0,0.0
5839,control,0,0.0
5840,control,0,0.0
5841,control,0,0.0
5842,control,0,0.0
5843,control,0,0.0
5844,control,0,0.0
5845,control,0,0.0
5846,control,0,0.0
5847,control,0,0.0
5848,control,0,0.0
5849,control,0,0.0
5850,control,0,0.0
5851,control,1,35.94
5852,control,0,0.0
5853,control,1,62.28
5854,control,0,0.0
5855,control,0,0.0
5856,control,0,0.0
5857,control,1,120.49
5858,control,0,0.0
5859,control,0,0.0
5860,control,0,0.0
5861,control,1,58.32
5862,control,1,32.78
5863,control,0,0.0
5864,control,0,0.0
5865,control,0,0.0
5866,control,0,0.0
5867,control,0,0.0
5868,control,0,0.0
5869,control,0,0.0
5870,control,0,0.0
5871,control,0,0.0
5872,control,0,0.0
5873,control,0,0.0
5874,control,0,0.0
5875,control,0,0.0
5876,control,0,0.0
5877,control,0,0.0
5878,control,0,0.0
5879,control,0,0.0
5880,control,0,0.0
5881,control,0,0.0
5882,control,0,0.0
5883,control,0,0.0
5884,control,0,0.0
5885,control,0,0.0
5886,control,0,0.0
5887,control,0,0.0
5888,control,1,41.67
5889,control,0,0.0
5890,control,0,0.0
5891,control,0,0.0
5892,control,0,0.0
5893,control,0,0.0
5894,control,0,0.0
5895,control,0,0.0
5896,control,1,50.64
5897,control,0,0.0
5898,control,0,0.0
5899,control,0,0.0
5900,control,0,0.0
5901,control,0,0.0
5902,control,0,0.0
5903,control,0,0.0
5904,control,0,0.0
5905,control,0,0.0
5906,control,0,0.0
5907,control,0,0.0
5908,control,0,0.0
5909,control,0,0.0
5910,control,0,0.0
5911,control,1,26.61
5912,control,1,86.21
5913,control,0,0.0
5914,control,0,0.0
5915,control,0,0.0
5916,control,0,0.0
5917,control,0,0.0
5918,control,0,0.0
5919,control,0,0.0
5920,control,0,0.0
5921,control,0,0.0
5922,control,0,0.0
5923,control,0,0.0
5924,control,0,0.0
5925,control,0,0.0
5926,control,0,0.0
5927,control,0,0.0
5928,control,0,0.0
5929,control,0,0.0
5930,control,0,0.0
5931,control,1,19.91
5932,control,1,45.84
5933,control,0,0.0
5934,control,0,0.0
5935,control,0,0.0
5936,control,0,0.0
5937,control,0,0.0
5938,control,0,0.0
5939,control,0,0.0
5940,control,0,0.0
5941,control,0,0.0
5942,control,0,0.0
5943,control,0,0.0
5944,control,0,0.0
5945,control,0,0.0
5946,control,0,0.0
5947,control,0,0.0
5948,control,1,34.3
5949,control,0,0.0
5950,control,0,0.0
5951,control,0,0.0
5952,control,0,0.0
5953,control,0,0.0
5954,control,0,0.0
5955,control,1,36.28
5956,control,0,0.0
5957,control,0,0.0
5958,control,0,0.0
5959,control,0,0.0
5960,control,0,0.0
5961,control,0,0.0
5962,control,0,0.0
5963,control,0,0.0
5964,control,0,0.0
5965,control,0,0.0
5966,control,0,0.0
5967,control,0,0.0
5968,control,0,0.0
5969,control,0,0.0
5970,control,0,0.0
5971,control,0,0.0
5972,control,0,0.0
5973,control,0,0.0
5974,control,0,0.0
5975,control,1,29.5
5976,control,0,0.0
5977,control,0,0.0
5978,control,0,0.0
5979,control,0,0.0
5980,control,0,0.0
5981,control,1,22.54
5982,control,1,18.35
5983,control,0,0.0
5984,control,0,0.0
5985,control,0,0.0
5986,control,0,0.0
5987,control,1,40.91
5988,control,0,0.0
5989,control,0,0.0
5990,control,0,0.0
5991,control,0,0.0
5992,control,0,0.0
5993,control,0,0.0
5994,control,0,0.0
5995,control,0,0.0
5996,control,0,0.0
5997,control,1,46.84
5998,control,1,23.79
5999,control,0,0.0
6000,control,1,65.38
6001,control,0,0.0
6002,control,0,0.0
6003,control,0,0.0
6004,control,0,0.0
6005,control,0,0.0
6006,control,0,0.0
6007,control,0,0.0
6008,control,0,0.0
6009,control,0,0.0
6010,control,0,0.0
6011,control,0,0.0
6012,control,0,0.0
6013,control,0,0.0
6014,control,0,0.0
6015,control,0,0.0
6016,control,0,0.0
6017,control,0,0.0
6018,control,0,0.0
6019,control,1,86.79
6020,control,0,0.0
6021,control,0,0.0
6022,control,0,0.0
6023,control,0,0.0
6024,control,0,0.0
6025,control,0,0.0
6026,control,1,17.23
6027,control,0,0.0
6028,control,0,0.0
6029,control,1,80.4
6030,control,0,0.0
6031,control,0,0.0
6032,control,1,47.65
6033,control,0,0.0
6034,control,0,0.0
6035,control,0,0.0
6036,control,0,0.0
6037,control,0,0.0
6038,control,0,0.0
6039,control,0,0.0
6040,control,0,0.0
6041,control,0,0.0
6042,control,0,0.0
6043,control,0,0.0
6044,control,0,0.0
6045,control,0,0.0
6046,control,0,0.0
6047,control,0,0.0
6048,control,0,0.0
6049,control,1,50.29
6050,control,0,0.0
6051,control,1,44.81
6052,control,0,0.0
6053,control,0,0.0
6054,control,1,77.58
6055,control,0,0.0
6056,control,0,0.0
6057,control,0,0.0
6058,control,0,0.0
6059,control,0,0.0
6060,control,0,0.0
6061,control,0,0.0
6062,control,0,0.0
6063,control,0,0.0
6064,control,1,63.88
6065,control,0,0.0
6066,control,0,0.0
6067,control,1,68.28
6068,control,0,0.0
6069,control,0,0.0
6070,control,0,0.0
6071,control,0,0.0
6072,control,0,0.0
6073,control,0,0.0
6074,control,1,59.52
6075,control,0,0.0
6076,control,0,0.0
6077,control,0,0.0
6078,control,0,0.0
6079,control,0,0.0
6080,control,0,0.0
6081,control,0,0.0
6082,control,0,0.0
6083,control,0,0.0
6084,control,1,45.99
6085,control,0,0.0
6086,control,0,0.0
6087,control,0,0.0
6088,control,0,0.0
6089,control,0,0.0
6090,control,0,0.0
6091,control,0,0.0
6092,control,1,45.63
6093,control,1,13.54
6094,control,0,0.0
6095,control,0,0.0
6096,control,0,0.0
6097,control,0,0.0
6098,control,0,0.0
6099,control,0,0.0
6100,control,0,0.0
6101,control,0,0.0
6102,control,0,0.0
6103,control,0,0.0
6104,control,0,0.0
6105,control,0,0.0
6106,control,0,0.0
6107,control,0,0.0
6108,control,0,0.0
6109,control,0,0.0
6110,control,0,0.0
6111,control,0,0.0
6112,control,0,0.0
6113,control,0,0.0
6114,control,0,0.0
6115,control,0,0.0
6116,control,0,0.0
6117,control,0,0.0
6118,control,0,0.0
6119,control,0,0.0
6120,control,0,0.0
6121,control,0,0.0
6122,control,1,69.49
6123,control,0,0.0
6124,control,1,77.79
6125,control,0,0.0
6126,control,0,0.0
6127,control,0,0.0
6128,control,1,28.04
6129,control,0,0.0
6130,control,0,0.0
6131,control,0,0.0
6132,control,0,0.0
6133,control,0,0.0
6134,control,0,0.0
6135,control,0,0.0
6136,control,0,0.0
6137,control,0,0.0
6138,control,1,106.52
6139,control,0,0.0
6140,control,0,0.0
6141,control,0,0.0
6142,control,1,37.48
6143,control,0,0.0
6144,control,0,0.0
6145,control,0,0.0
6146,control,0,0.0
6147,control,0,0.0
6148,control,0,0.0
6149,control,0,0.0
6150,control,0,0.0
6151,control,0,0.0
6152,control,0,0.0
6153,control,0,0.0
6154,control,0,0.0
6155,control,0,0.0
6156,control,0,0.0
6157,control,0,0.0
6158,control,0,0.0
6159,control,0,0.0
6160,control,0,0.0
6161,control,0,0.0
6162,control,0,0.0
6163,control,0,0.0
6164,control,0,0.0
6165,control,0,0.0
6166,control,0,0.0
6167,control,0,0.0
6168,control,0,0.0
6169,control,0,0.0
6170,control,0,0.0
6171,control,0,0.0
6172,control,0,0.0
6173,control,0,0.0
6174,control,0,0.0
6175,control,0,0.0
6176,control,0,0.0
6177,control,0,0.0
6178,control,0,0.0
6179,control,0,0.0
6180,control,0,0.0
6181,control,0,0.0
6182,control,0,0.0
6183,control,0,0.0
6184,control,0,0.0
6185,control,0,0.0
6186,control,0,0.0
6187,control,0,0.0
6188,control,0,0.0
6189,control,0,0.0
6190,control,0,0.0
6191,control,0,0.0
6192,control,0,0.0
6193,control,0,0.0
6194,control,0,0.0
6195,control,0,0.0
6196,control,0,0.0
6197,control,1,43.41
6198,control,0,0.0
6199,control,0,0.0
6200,control,0,0.0
6201,control,0,0.0
6202,control,0,0.0
6203,control,1,8.85
6204,control,0,0.0
6205,control,0,0.0
6206,control,0,0.0
6207,control,0,0.0
6208,control,0,0.0
6209,control,0,0.0
6210,control,0,0.0
6211,control,0,0.0
6212,control,0,0.0
6213,control,0,0.0
6214,control,0,0.0
6215,control,0,0.0
6216,control,0,0.0
6217,control,0,0.0
6218,control,1,44.6
6219,control,0,0.0
6220,control,0,0.0
6221,control,0,0.0
6222,control,0,0.0
6223,control,0,0.0
6224,control,0,0.0
6225,control,0,0.0
6226,control,0,0.0
6227,control,0,0.0
6228,control,0,0.0
6229,control,0,0.0
6230,control,0,0.0
6231,control,0,0.0
6232,control,0,0.0
6233,control,0,0.0
6234,control,0,0.0
6235,control,0,0.0
6236,control,1,70.33
6237,control,0,0.0
6238,control,0,0.0
6239,control,1,59.18
6240,control,0,0.0
6241,control,0,0.0
6242,control,0,0.0
6243,control,0,0.0
6244,control,0,0.0
6245,control,0,0.0
6246,control,0,0.0
6247,control,0,0.0
6248,control,0,0.0
6249,control,0,0.0
6250,control,0,0.0
6251,control,0,0.0
6252,control,0,0.0
6253,control,0,0.0
6254,control,0,0.0
6255,control,0,0.0
6256,control,0,0.0
6257,control,0,0.0
6258,control,0,0.0
6259,control,0,0.0
6260,control,1,42.97
6261,control,0,0.0
6262,control,0,0.0
6263,control,0,0.0
6264,control,0,0.0
6265,control,0,0.0
6266,control,0,0.0
6267,control,0,0.0
6268,control,0,0.0
6269,control,0,0.0
6270,control,1,6.22
6271,control,0,0.0
6272,control,0,0.0
6273,control,1,83.89
6274,control,0,0.0
6275,control,0,0.0
6276,control,0,0.0
6277,control,0,0.0
6278,control,0,0.0
6279,control,0,0.0
6280,control,0,0.0
6281,control,0,0.0
6282,control,0,0.0
6283,control,0,0.0
6284,control,0,0.0
6285,control,0,0.0
6286,control,0,0.0
6287,control,0,0.0
6288,control,0,0.0
6289,control,0,0.0
6290,control,0,0.0
6291,control,0,0.0
6292,control,0,0.0
6293,control,0,0.0
6294,control,0,0.0
6295,control,0,0.0
6296,control,0,0.0
6297,control,0,0.0
6298,control,0,0.0
6299,control,0,0.0
6300,control,0,0.0
6301,control,0,0.0
6302,control,0,0.0
6303,control,0,0.0
6304,control,0,0.0
6305,control,0,0.0
6306,control,0,0.0
6307,control,0,0.0
6308,control,0,0.0
6309,control,0,0.0
6310,control,0,0.0
6311,control,1,40.86
6312,control,0,0.0
6313,control,0,0.0
6314,control,0,0.0
6315,control,1,50.26
6316,control,0,0.0
6317,control,0,0.0
6318,control,0,0.0
6319,control,0,0.0
6320,control,0,0.0
6321,control,0,0.0
6322,control,0,0.0
6323,control,0,0.0
6324,control,0,0.0
6325,control,0,0.0
6326,control,1,58.6
6327,control,0,0.0
6328,control,0,0.0
6329,control,0,0.0
6330,control,1,33.24
6331,control,0,0.0
6332,control,0,0.0
6333,control,0,0.0
6334,control,0,0.0
6335,control,0,0.0
6336,control,0,0.0
6337,control,0,0.0
6338,control,0,0.0
6339,control,0,0.0
6340,control,1,57.51
6341,control,0,0.0
6342,control,0,0.0
6343,control,1,46.5
6344,control,0,0.0
6345,control,1,41.76
6346,control,1,74.23
6347,control,0,0.0
6348,control,0,0.0
6349,control,0,0.0
6350,control,0,0.0
6351,control,0,0.0
6352,control,1,20.84
6353,control,0,0.0
6354,control,0,0.0
6355,control,0,0.0
6356,control,0,0.0
6357,control,0,0.0
6358,control,0,0.0
6359,control,0,0.0
6360,control,0,0.0
6361,control,0,0.0
6362,control,0,0.0
6363,control,0,0.0
6364,control,0,0.0
6365,control,0,0.0
6366,control,0,0.0
6367,control,0,0.0
6368,control,0,0.0
6369,control,0,0.0
6370,control,1,21.53
6371,control,0,0.0
6372,control,0,0.0
6373,control,0,0.0
6374,control,0,0.0
6375,control,0,0.0
6376,control,0,0.0
6377,control,0,0.0
6378,control,0,0.0
6379,control,0,0.0
6380,control,0,0.0
6381,control,0,0.0
6382,control,0,0.0
6383,control,1,53.34
6384,control,0,0.0
6385,control,0,0.0
6386,control,0,0.0
6387,control,0,0.0
6388,control,0,0.0
6389,control,0,0.0
6390,control,0,0.0
6391,control,0,0.0
6392,control,0,0.0
6393,control,0,0.0
6394,control,0,0.0
6395,control,0,0.0
6396,control,1,47.65
6397,control,0,0.0
6398,control,0,0.0
6399,control,1,46.46
6400,control,0,0.0
6401,control,0,0.0
6402,control,0,0.0
6403,control,0,0.0
6404,control,0,0.0
6405,control,0,0.0
6406,control,0,0.0
6407,control,1,13.72
6408,control,1,120.45
6409,control,0,0.0
6410,control,0,0.0
6411,control,0,0.0
6412,control,0,0.0
6413,control,0,0.0
6414,control,0,0.0
6415,control,1,34.32
6416,control,0,0.0
6417,control,0,0.0
6418,control,0,0.0
6419,control,0,0.0
6420,control,0,0.0
6421,control,0,0.0
6422,control,0,0.0
6423,control,0,0.0
6424,control,0,0.0
6425,control,0,0.0
6426,control,0,0.0
6427,control,1,65.05
6428,control,1,29.68
6429,control,0,0.0
6430,control,0,0.0
6431,control,0,0.0
6432,control,0,0.0
6433,control,0,0.0
6434,control,0,0.0
6435,control,0,0.0
6436,control,0,0.0
6437,control,0,0.0
6438,control,0,0.0
6439,control,0,0.0
6440,control,0,0.0
6441,control,0,0.0
6442,control,0,0.0
6443,control,0,0.0
6444,control,0,0.0
6445,control,0,0.0
6446,control,0,0.0
6447,control,0,0.0
6448,control,0,0.0
6449,control,0,0.0
6450,control,0,0.0
6451,control,0,0.0
6452,control,0,0.0
6453,control,0,0.0
6454,control,0,0.0
6455,control,0,0.0
6456,control,0,0.0
6457,control,0,0.0
6458,control,0,0.0
6459,control,0,0.0
6460,control,0,0.0
6461,control,0,0.0
6462,control,0,0.0
6463,control,0,0.0
6464,control,0,0.0
6465,control,0,0.0
6466,control,1,81.45
6467,control,0,0.0
6468,control,0,0.0
6469,control,1,13.33
6470,control,1,32.75
6471,control,0,0.0
6472,control,1,53.43
6473,control,1,47.11
6474,control,0,0.0
6475,control,0,0.0
6476,control,0,0.0
6477,control,0,0.0
6478,control,0,0.0
6479,control,0,0.0
6480,control,0,0.0
6481,control,0,0.0
6482,control,0,0.0
6483,control,0,0.0
6484,control,0,0.0
6485,control,0,0.0
6486,control,0,0.0
6487,control,0,0.0
6488,control,0,0.0
6489,control,1,24.16
6490,control,0,0.0
6491,control,0,0.0
6492,control,0,0.0
6493,control,0,0.0
6494,control,0,0.0
6495,control,0,0.0
6496,control,0,0.0
6497,control,0,0.0
6498,control,0,0.0
6499,control,0,0.0
6500,control,0,0.0
6501,control,1,78.55
6502,control,0,0.0
6503,control,0,0.0
6504,control,0,0.0
6505,control,0,0.0
6506,control,0,0.0
6507,control,0,0.0
6508,control,0,0.0
6509,control,0,0.0
6510,control,0,0.0
6511,control,0,0.0
6512,control,0,0.0
6513,control,0,0.0
6514,control,0,0.0
6515,control,0,0.0
6516,control,0,0.0
6517,control,0,0.0
6518,control,0,0.0
6519,control,0,0.0
6520,control,0,0.0
6521,control,0,0.0
6522,control,0,0.0
6523,control,0,0.0
6524,control,0,0.0
6525,control,1,86.05
6526,control,0,0.0
6527,control,1,32.96
6528,control,0,0.0
6529,control,0,0.0
6530,control,0,0.0
6531,control,0,0.0
6532,control,0,0.0
6533,control,0,0.0
6534,control,0,0.0
6535,control,0,0.0
6536,control,0,0.0
6537,control,0,0.0
6538,control,0,0.0
6539,control,0,0.0
6540,control,0,0.0
6541,control,0,0.0
6542,control,0,0.0
6543,control,0,0.0
6544,control,0,0.0
6545,control,0,0.0
6546,control,0,0.0
6547,control,0,0.0
6548,control,0,0.0
6549,control,0,0.0
6550,control,0,0.0
6551,control,0,0.0
6552,control,0,0.0
6553,control,0,0.0
6554,control,0,0.0
6555,control,0,0.0
6556,control,0,0.0
6557,control,0,0.0
6558,control,0,0.0
6559,control,1,69.46
6560,control,0,0.0
6561,control,0,0.0
6562,control,0,0.0
6563,control,0,0.0
6564,control,0,0.0
6565,control,0,0.0
6566,control,0,0.0
6567,control,0,0.0
6568,control,0,0.0
6569,control,0,0.0
6570,control,0,0.0
6571,control,1,114.88
6572,control,0,0.0
6573,control,0,0.0
6574,control,0,0.0
6575,control,0,0.0
6576,control,0,0.0
6577,control,0,0.0
6578,control,0,0.0
6579,control,0,0.0
6580,control,0,0.0
6581,control,1,83.83
6582,control,0,0.0
6583,control,1,60.59
6584,control,0,0.0
6585,control,0,0.0
6586,control,0,0.0
6587,control,1,83.31
6588,control,0,0.0
6589,control,0,0.0
6590,control,0,0.0
6591,control,0,0.0
6592,control,1,68.03
6593,control,0,0.0
6594,control,0,0.0
6595,control,0,0.0
6596,control,0,0.0
6597,control,1,93.03
6598,control,0,0.0
6599,control,0,0.0
6600,control,0,0.0
6601,control,0,0.0
6602,control,0,0.0
6603,control,0,0.0
6604,control,0,0.0
6605,control,0,0.0
6606,control,0,0.0
6607,control,0,0.0
6608,control,1,72.84
6609,control,0,0.0
6610,control,0,0.0
6611,control,0,0.0
6612,control,0,0.0
6613,control,0,0.0
6614,control,0,0.0
6615,control,1,94.68
6616,control,0,0.0
6617,control,0,0.0
6618,control,0,0.0
6619,control,1,33.73
6620,control,0,0.0
6621,control,0,0.0
6622,control,0,0.0
6623,control,1,44.75
6624,control,0,0.0
6625,control,0,0.0
6626,control,0,0.0
6627,control,0,0.0
6628,control,0,0.0
6629,control,0,0.0
6630,control,0,0.0
6631,control,0,0.0
6632,control,1,53.72
6633,control,0,0.0
6634,control,0,0.0
6635,control,0,0.0
6636,control,0,0.0
6637,control,0,0.0
6638,control,1,54.45
6639,control,0,0.0
6640,control,0,0.0
6641,control,0,0.0
6642,control,0,0.0
6643,control,1,76.47
6644,control,1,77.54
6645,control,0,0.0
6646,control,0,0.0
6647,control,0,0.0
6648,control,0,0.0
6649,control,0,0.0
6650,control,0,0.0
6651,control,0,0.0
6652,control,0,0.0
6653,control,0,0.0
6654,control,0,0.0
6655,control,0,0.0
6656,control,0,0.0
6657,control,0,0.0
6658,control,0,0.0
6659,control,0,0.0
6660,control,0,0.0
6661,control,0,0.0
6662,control,0,0.0
6663,control,0,0.0
6664,control,0,0.0
6665,control,0,0.0
6666,control,0,0.0
6667,control,0,0.0
6668,control,0,0.0
6669,control,0,0.0
6670,control,0,0.0
6671,control,0,0.0
6672,control,0,0.0
6673,control,0,0.0
6674,control,0,0.0
6675,control,0,0.0
6676,control,0,0.0
6677,control,0,0.0
6678,control,0,0.0
6679,control,0,0.0
6680,control,0,0.0
6681,control,0,0.0
6682,control,0,0.0
6683,control,0,0.0
6684,control,0,0.0
6685,control,1,35.99
6686,control,0,0.0
6687,control,0,0.0
6688,control,0,0.0
6689,control,0,0.0
6690,control,1,21.09
6691,control,0,0.0
6692,control,0,0.0
6693,control,0,0.0
6694,control,0,0.0
6695,control,0,0.0
6696,control,0,0.0
6697,control,0,0.0
6698,control,0,0.0
6699,control,0,0.0
6700,control,0,0.0
6701,control,1,30.71
6702,control,0,0.0
6703,control,0,0.0
6704,control,0,0.0
6705,control,0,0.0
6706,control,0,0.0
6707,control,0,0.0
6708,control,0,0.0
6709,control,0,0.0
6710,control,0,0.0
6711,control,0,0.0
6712,control,0,0.0
6713,control,0,0.0
6714,control,0,0.0
6715,control,0,0.0
6716,control,0,0.0
6717,control,0,0.0
6718,control,0,0.0
6719,control,1,46.2
6720,control,1,61.22
6721,control,0,0.0
6722,control,0,0.0
6723,control,0,0.0
6724,control,0,0.0
6725,control,0,0.0
6726,control,0,0.0
6727,control,0,0.0
6728,control,0,0.0
6729,control,0,0.0
6730,control,0,0.0
6731,control,0,0.0
6732,control,1,9.3
6733,control,0,0.0
6734,control,0,0.0
6735,control,0,0.0
6736,control,0,0.0
6737,control,0,0.0
6738,control,0,0.0
6739,control,1,66.64
6740,control,0,0.0
6741,control,0,0.0
6742,control,0,0.0
6743,control,0,0.0
6744,control,0,0.0
6745,control,0,0.0
6746,control,0,0.0
6747,control,1,68.41
6748,control,0,0.0
6749,control,0,0.0
6750,control,0,0.0
6751,control,0,0.0
6752,control,0,0.0
6753,control,0,0.0
6754,control,0,0.0
6755,control,0,0.0
6756,control,0,0.0
6757,control,0,0.0
6758,control,0,0.0
6759,control,0,0.0
6760,control,0,0.0
6761,control,0,0.0
6762,control,0,0.0
6763,control,0,0.0
6764,control,0,0.0
6765,control,0,0.0
6766,control,0,0.0
6767,control,0,0.0
6768,control,0,0.0
6769,control,0,0.0
6770,control,0,0.0
6771,control,0,0.0
6772,control,0,0.0
6773,control,0,0.0
6774,control,0,0.0
6775,control,0,0.0
6776,control,0,0.0
6777,control,0,0.0
6778,control,0,0.0
6779,control,0,0.0
6780,control,0,0.0
6781,control,0,0.0
6782,control,0,0.0
6783,control,1,45.1
6784,control,0,0.0
6785,control,0,0.0
6786,control,0,0.0
6787,control,0,0.0
6788,control,0,0.0
6789,control,0,0.0
6790,control,0,0.0
6791,control,0,0.0
6792,control,0,0.0
6793,control,0,0.0
6794,control,0,0.0
6795,control,0,0.0
6796,control,0,0.0
6797,control,0,0.0
6798,control,0,0.0
6799,control,0,0.0
6800,control,0,0.0
6801,control,0,0.0
6802,control,0,0.0
6803,control,0,0.0
6804,control,0,0.0
6805,control,0,0.0
6806,control,0,0.0
6807,control,0,0.0
6808,control,0,0.0
6809,control,0,0.0
6810,control,0,0.0
6811,control,0,0.0
6812,control,0,0.0
6813,control,0,0.0
6814,control,0,0.0
6815,control,0,0.0
6816,control,0,0.0
6817,control,0,0.0
6818,control,0,0.0
6819,control,0,0.0
6820,control,0,0.0
6821,control,0,0.0
6822,control,0,0.0
6823,control,0,0.0
6824,control,0,0.0
6825,control,0,0.0
6826,control,1,28.53
6827,control,0,0.0
6828,control,0,0.0
6829,control,0,0.0
6830,control,0,0.0
6831,control,0,0.0
6832,control,0,0.0
6833,control,0,0.0
6834,control,0,0.0
6835,control,0,0.0
6836,control,0,0.0
6837,control,0,0.0
6838,control,0,0.0
6839,control,0,0.0
6840,control,0,0.0
6841,control,0,0.0
6842,control,0,0.0
6843,control,0,0.0
6844,control,0,0.0
6845,control,1,56.15
6846,control,0,0.0
6847,control,0,0.0
6848,control,0,0.0
6849,control,0,0.0
6850,control,0,0.0
6851,control,0,0.0
6852,control,0,0.0
6853,control,1,48.88
6854,control,0,0.0
6855,control,0,0.0
6856,control,0,0.0
6857,control,0,0.0
6858,control,0,0.0
6859,control,0,0.0
6860,control,0,0.0
6861,control,0,0.0
6862,control,0,0.0
6863,control,0,0.0
6864,control,0,0.0
6865,control,0,0.0
6866,control,0,0.0
6867,control,0,0.0
6868,control,0,0.0
6869,control,0,0.0
6870,control,0,0.0
6871,control,0,0.0
6872,control,0,0.0
6873,control,0,0.0
6874,control,0,0.0
6875,control,0,0.0
6876,control,0,0.0
6877,control,0,0.0
6878,control,0,0.0
6879,control,0,0.0
6880,control,0,0.0
6881,control,0,0.0
6882,control,0,0.0
6883,control,0,0.0
6884,control,0,0.0
6885,control,0,0.0
6886,control,0,0.0
6887,control,0,0.0
6888,control,0,0.0
6889,control,0,0.0
6890,control,0,0.0
6891,control,0,0.0
6892,control,1,29.88
6893,control,0,0.0
6894,control,0,0.0
6895,control,0,0.0
6896,control,0,0.0
6897,control,0,0.0
6898,control,0,0.0
6899,control,0,0.0
6900,control,0,0.0
6901,control,0,0.0
6902,control,0,0.0
6903,control,0,0.0
6904,control,0,0.0
6905,control,0,0.0
6906,control,0,0.0
6907,control,0,0.0
6908,control,0,0.0
6909,control,0,0.0
6910,control,0,0.0
6911,control,0,0.0
6912,control,0,0.0
6913,control,0,0.0
6914,control,0,0.0
6915,control,0,0.0
6916,control,0,0.0
6917,control,0,0.0
6918,control,1,53.58
6919,control,0,0.0
6920,control,0,0.0
6921,control,0,0.0
6922,control,0,0.0
6923,control,0,0.0
6924,control,0,0.0
6925,control,0,0.0
6926,control,1,55.65
6927,control,0,0.0
6928,control,0,0.0
6929,control,1,77.19
6930,control,0,0.0
6931,control,1,38.84
6932,control,0,0.0
6933,control,0,0.0
6934,control,1,61.85
6935,control,0,0.0
6936,control,0,0.0
6937,control,0,0.0
6938,control,0,0.0
6939,control,0,0.0
6940,control,0,0.0
6941,control,0,0.0
6942,control,0,0.0
6943,control,1,35.92
6944,control,0,0.0
6945,control,0,0.0
6946,control,0,0.0
6947,control,0,0.0
6948,control,0,0.0
6949,control,0,0.0
6950,control,0,0.0
6951,control,0,0.0
6952,control,0,0.0
6953,control,0,0.0
6954,control,0,0.0
6955,control,0,0.0
6956,control,0,0.0
6957,control,0,0.0
6958,control,0,0.0
6959,control,0,0.0
6960,control,1,57.56
6961,control,1,117.74
6962,control,0,0.0
6963,control,0,0.0
6964,control,1,47.05
6965,control,0,0.0
6966,control,0,0.0
6967,control,0,0.0
6968,control,0,0.0
6969,control,1,63.63
6970,control,0,0.0
6971,control,0,0.0
6972,control,0,0.0
6973,control,0,0.0
6974,control,0,0.0
6975,control,0,0.0
6976,control,0,0.0
6977,control,0,0.0
6978,control,0,0.0
6979,control,0,0.0
6980,control,0,0.0
6981,control,0,0.0
6982,control,0,0.0
6983,control,0,0.0
6984,control,0,0.0
6985,control,1,15.2
6986,control,0,0.0
6987,control,0,0.0
6988,control,0,0.0
6989,control,0,0.0
6990,control,1,42.24
6991,control,0,0.0
6992,control,0,0.0
6993,control,0,0.0
6994,control,0,0.0
6995,control,0,0.0
6996,control,0,0.0
6997,control,0,0.0
6998,control,0,0.0
6999,control,0,0.0
7000,control,0,0.0
7001,control,0,0.0
7002,control,0,0.0
7003,control,0,0.0
7004,control,0,0.0
7005,control,0,0.0
7006,control,0,0.0
7007,control,0,0.0
7008,control,0,0.0
7009,control,0,0.0
7010,control,0,0.0
7011,control,0,0.0
7012,control,0,0.0
7013,control,0,0.0
7014,control,0,0.0
7015,control,0,0.0
7016,control,0,0.0
7017,control,0,0.0
7018,control,0,0.0
7019,control,0,0.0
7020,control,0,0.0
7021,control,1,54.02
7022,control,0,0.0
7023,control,0,0.0
7024,control,0,0.0
7025,control,0,0.0
7026,control,0,0.0
7027,control,0,0.0
7028,control,1,37.04
7029,control,0,0.0
7030,control,0,0.0
7031,control,0,0.0
7032,control,0,0.0
7033,control,1,48.59
7034,control,0,0.0
7035,control,0,0.0
7036,control,0,0.0
7037,control,0,0.0
7038,control,0,0.0
7039,control,0,0.0
7040,control,0,0.0
7041,control,1,21.62
7042,control,0,0.0
7043,control,0,0.0
7044,control,0,0.0
7045,control,0,0.0
7046,control,0,0.0
7047,control,0,0.0
7048,control,0,0.0
7049,control,0,0.0
7050,control,0,0.0
7051,control,0,0.0
7052,control,0,0.0
7053,control,0,0.0
7054,control,0,0.0
7055,control,0,0.0
7056,control,0,0.0
7057,control,0,0.0
7058,control,0,0.0
7059,control,0,0.0
7060,control,0,0.0
7061,control,1,9.11
7062,control,0,0.0
7063,control,0,0.0
7064,control,0,0.0
7065,control,0,0.0
7066,control,0,0.0
7067,control,0,0.0
7068,control,0,0.0
7069,control,1,47.82
7070,control,0,0.0
7071,control,0,0.0
7072,control,0,0.0
7073,control,0,0.0
7074,control,0,0.0
7075,control,0,0.0
7076,control,0,0.0
7077,control,0,0.0
7078,control,0,0.0
7079,control,1,48.22
7080,control,0,0.0
7081,control,0,0.0
7082,control,1,57.59
7083,control,0,0.0
7084,control,0,0.0
7085,control,0,0.0
7086,control,0,0.0
7087,control,0,0.0
7088,control,0,0.0
7089,control,0,0.0
7090,control,0,0.0
7091,control,0,0.0
7092,control,0,0.0
7093,control,0,0.0
7094,control,1,25.36
7095,control,0,0.0
7096,control,0,0.0
7097,control,0,0.0
7098,control,0,0.0
7099,control,1,36.94
7100,control,0,0.0
7101,control,0,0.0
7102,control,0,0.0
7103,control,0,0.0
7104,control,0,0.0
7105,control,0,0.0
7106,control,0,0.0
7107,control,1,51.77
7108,control,0,0.0
7109,control,0,0.0
7110,control,0,0.0
7111,control,0,0.0
7112,control,0,0.0
7113,control,0,0.0
7114,control,0,0.0
7115,control,0,0.0
7116,control,0,0.0
7117,control,0,0.0
7118,control,0,0.0
7119,control,0,0.0
7120,control,0,0.0
7121,control,0,0.0
7122,control,1,115.43
7123,control,0,0.0
7124,control,0,0.0
7125,control,0,0.0
7126,control,0,0.0
7127,control,0,0.0
7128,control,0,0.0
7129,control,0,0.0
7130,control,0,0.0
7131,control,0,0.0
7132,control,0,0.0
7133,control,0,0.0
7134,control,0,0.0
7135,control,0,0.0
7136,control,0,0.0
7137,control,0,0.0
7138,control,1,39.57
7139,control,0,0.0
7140,control,0,0.0
7141,control,0,0.0
7142,control,0,0.0
7143,control,0,0.0
7144,control,0,0.0
7145,control,0,0.0
7146,control,1,70.58
7147,control,0,0.0
7148,control,0,0.0
7149,control,0,0.0
7150,control,0,0.0
7151,control,0,0.0
7152,control,0,0.0
7153,control,0,0.0
7154,control,1,28.32
7155,control,0,0.0
7156,control,1,76.31
7157,control,0,0.0
7158,control,0,0.0
7159,control,0,0.0
7160,control,0,0.0
7161,control,0,0.0
7162,control,1,67.36
7163,control,0,0.0
7164,control,0,0.0
7165,control,0,0.0
7166,control,0,0.0
7167,control,0,0.0
7168,control,0,0.0
7169,control,0,0.0
7170,control,0,0.0
7171,control,1,81.52
7172,control,1,52.24
7173,control,1,53.21
7174,control,0,0.0
7175,control,0,0.0
7176,control,0,0.0
7177,control,0,0.0
7178,control,0,0.0
7179,control,0,0.0
7180,control,0,0.0
7181,control,0,0.0
7182,control,0,0.0
7183,control,0,0.0
7184,control,0,0.0
7185,control,0,0.0
7186,control,0,0.0
7187,control,0,0.0
7188,control,0,0.0
7189,control,0,0.0
7190,control,0,0.0
7191,control,0,0.0
7192,control,0,0.0
7193,control,0,0.0
7194,control,0,0.0
7195,control,0,0.0
7196,control,0,0.0
7197,control,0,0.0
7198,control,0,0.0
7199,control,0,0.0
7200,control,0,0.0
7201,control,0,0.0
7202,control,0,0.0
7203,control,0,0.0
7204,control,0,0.0
7205,control,0,0.0
7206,control,0,0.0
7207,control,0,0.0
7208,control,0,0.0
7209,control,0,0.0
7210,control,0,0.0
7211,control,0,0.0
7212,control,0,0.0
7213,control,0,0.0
7214,control,0,0.0
7215,control,1,45.73
7216,control,0,0.0
7217,control,0,0.0
7218,control,1,43.59
7219,control,0,0.0
7220,control,0,0.0
7221,control,0,0.0
7222,control,0,0.0
7223,control,0,0.0
7224,control,0,0.0
7225,control,0,0.0
7226,control,0,0.0
7227,control,0,0.0
7228,control,0,0.0
7229,control,0,0.0
7230,control,0,0.0
7231,control,0,0.0
7232,control,0,0.0
7233,control,0,0.0
7234,control,0,0.0
7235,control,0,0.0
7236,control,0,0.0
7237,control,0,0.0
7238,control,0,0.0
7239,control,0,0.0
7240,control,1,121.39
7241,control,0,0.0
7242,control,0,0.0
7243,control,1,100.85
7244,control,0,0.0
7245,control,0,0.0
7246,control,0,0.0
7247,control,0,0.0
7248,control,0,0.0
7249,control,0,0.0
7250,control,0,0.0
7251,control,0,0.0
7252,control,0,0.0
7253,control,0,0.0
7254,control,1,20.65
7255,control,1,48.33
7256,control,0,0.0
7257,control,0,0.0
7258,control,0,0.0
7259,control,1,33.25
7260,control,0,0.0
7261,control,0,0.0
7262,control,1,32.72
7263,control,0,0.0
7264,control,0,0.0
7265,control,0,0.0
7266,control,0,0.0
7267,control,0,0.0
7268,control,0,0.0
7269,control,0,0.0
7270,control,0,0.0
7271,control,1,86.78
7272,control,0,0.0
7273,control,0,0.0
7274,control,0,0.0
7275,control,1,26.81
7276,control,0,0.0
7277,control,0,0.0
7278,control,0,0.0
7279,control,0,0.0
7280,control,0,0.0
7281,control,0,0.0
7282,control,0,0.0
7283,control,0,0.0
7284,control,0,0.0
7285,control,0,0.0
7286,control,0,0.0
7287,control,1,39.46
7288,control,0,0.0
7289,control,0,0.0
7290,control,0,0.0
7291,control,0,0.0
7292,control,1,60.55
7293,control,0,0.0
7294,control,0,0.0
7295,control,0,0.0
7296,control,0,0.0
7297,control,0,0.0
7298,control,0,0.0
7299,control,0,0.0
7300,control,0,0.0
7301,control,0,0.0
7302,control,0,0.0
7303,control,0,0.0
7304,control,0,0.0
7305,control,0,0.0
7306,control,0,0.0
7307,control,0,0.0
7308,control,0,0.0
7309,control,0,0.0
7310,control,0,0.0
7311,control,0,0.0
7312,control,1,64.4
7313,control,0,0.0
7314,control,0,0.0
7315,control,1,65.02
7316,control,0,0.0
7317,control,0,0.0
7318,control,0,0.0
7319,control,0,0.0
7320,control,0,0.0
7321,control,0,0.0
7322,control,0,0.0
7323,control,0,0.0
7324,control,0,0.0
7325,control,0,0.0
7326,control,0,0.0
7327,control,1,51.81
7328,control,0,0.0
7329,control,0,0.0
7330,control,0,0.0
7331,control,0,0.0
7332,control,0,0.0
7333,control,0,0.0
7334,control,0,0.0
7335,control,0,0.0
7336,control,0,0.0
7337,control,0,0.0
7338,control,0,0.0
7339,control,0,0.0
7340,control,0,0.0
7341,control,0,0.0
7342,control,0,0.0
7343,control,0,0.0
7344,control,0,0.0
7345,control,1,59.65
7346,control,1,40.33
7347,control,0,0.0
7348,control,1,43.13
7349,control,0,0.0
7350,control,0,0.0
7351,control,0,0.0
7352,control,0,0.0
7353,control,0,0.0
7354,control,0,0.0
7355,control,0,0.0
7356,control,0,0.0
7357,control,0,0.0
7358,control,0,0.0
7359,control,0,0.0
7360,control,0,0.0
7361,control,0,0.0
7362,control,0,0.0
7363,control,0,0.0
7364,control,0,0.0
7365,control,0,0.0
7366,control,1,22.39
7367,control,0,0.0
7368,control,0,0.0
7369,control,0,0.0
7370,control,0,0.0
7371,control,0,0.0
7372,control,0,0.0
7373,control,0,0.0
7374,control,0,0.0
7375,control,1,85.0
7376,control,0,0.0
7377,control,1,22.82
7378,control,0,0.0
7379,control,0,0.0
7380,control,0,0.0
7381,control,0,0.0
7382,control,0,0.0
7383,control,0,0.0
7384,control,1,19.47
7385,control,0,0.0
7386,control,0,0.0
7387,control,0,0.0
7388,control,0,0.0
7389,control,0,0.0
7390,control,0,0.0
7391,control,0,0.0
7392,control,0,0.0
7393,control,0,0.0
7394,control,1,30.49
7395,control,0,0.0
7396,control,0,0.0
7397,control,0,0.0
7398,control,0,0.0
7399,control,1,39.97
7400,control,0,0.0
7401,control,0,0.0
7402,control,0,0.0
7403,control,0,0.0
7404,control,0,0.0
7405,control,0,0.0
7406,control,0,0.0
7407,control,0,0.0
7408,control,0,0.0
7409,control,0,0.0
7410,control,0,0.0
7411,control,1,31.1
7412,control,0,0.0
7413,control,0,0.0
7414,control,0,0.0
7415,control,0,0.0
7416,control,0,0.0
7417,control,0,0.0
7418,control,0,0.0
7419,control,0,0.0
7420,control,0,0.0
7421,control,0,0.0
7422,control,0,0.0
7423,control,0,0.0
7424,control,0,0.0
7425,control,0,0.0
7426,control,0,0.0
7427,control,0,0.0
7428,control,0,0.0
7429,control,0,0.0
7430,control,0,0.0
7431,control,0,0.0
7432,control,0,0.0
7433,control,0,0.0
7434,control,0,0.0
7435,control,0,0.0
7436,control,0,0.0
7437,control,0,0.0
7438,control,0,0.0
7439,control,0,0.0
7440,control,0,0.0
7441,control,1,50.04
7442,control,0,0.0
7443,control,0,0.0
7444,control,0,0.0
7445,control,0,0.0
7446,control,0,0.0
7447,control,0,0.0
7448,control,0,0.0
7449,control,0,0.0
7450,control,1,77.78
7451,control,0,0.0
7452,control,0,0.0
7453,control,0,0.0
7454,control,0,0.0
7455,control,0,0.0
7456,control,0,0.0
7457,control,0,0.0
7458,control,1,48.77
7459,control,0,0.0
7460,control,0,0.0
7461,control,1,26.65
7462,control,0,0.0
7463,control,0,0.0
7464,control,0,0.0
7465,control,0,0.0
7466,control,0,0.0
7467,control,0,0.0
7468,control,0,0.0
7469,control,0,0.0
7470,control,0,0.0
7471,control,0,0.0
7472,control,1,79.24
7473,control,0,0.0
7474,control,0,0.0
7475,control,0,0.0
7476,control,0,0.0
7477,control,0,0.0
7478,control,1,32.56
7479,control,0,0.0
7480,control,0,0.0
7481,control,1,41.72
7482,control,0,0.0
7483,control,0,0.0
7484,control,1,57.42
7485,control,0,0.0
7486,control,0,0.0
7487,control,0,0.0
7488,control,0,0.0
7489,control,0,0.0
7490,control,0,0.0
7491,control,1,70.24
7492,control,0,0.0
7493,control,0,0.0
7494,control,0,0.0
7495,control,0,0.0
7496,control,0,0.0
7497,control,0,0.0
7498,control,1,73.58
7499,control,0,0.0
7500,control,0,0.0
7501,control,0,0.0
7502,control,0,0.0
7503,control,0,0.0
7504,control,0,0.0
7505,control,0,0.0
7506,control,0,0.0
7507,control,0,0.0
7508,control,0,0.0
7509,control,1,42.87
7510,control,0,0.0
7511,control,0,0.0
7512,control,0,0.0
7513,control,0,0.0
7514,control,0,0.0
7515,control,0,0.0
7516,control,1,83.17
7517,control,0,0.0
7518,control,0,0.0
7519,control,0,0.0
7520,control,0,0.0
7521,control,0,0.0
7522,control,0,0.0
7523,control,0,0.0
7524,control,0,0.0
7525,control,0,0.0
7526,control,0,0.0
7527,control,0,0.0
7528,control,0,0.0
7529,control,0,0.0
7530,control,0,0.0
7531,control,0,0.0
7532,control,0,0.0
7533,control,0,0.0
7534,control,0,0.0
7535,control,0,0.0
7536,control,0,0.0
7537,control,0,0.0
7538,control,0,0.0
7539,control,0,0.0
7540,control,1,38.65
7541,control,0,0.0
7542,control,0,0.0
7543,control,0,0.0
7544,control,0,0.0
7545,control,0,0.0
7546,control,0,0.0
7547,control,1,55.57
7548,control,0,0.0
7549,control,0,0.0
7550,control,0,0.0
7551,control,0,0.0
7552,control,0,0.0
7553,control,0,0.0
7554,control,0,0.0
7555,control,0,0.0
7556,control,0,0.0
7557,control,0,0.0
7558,control,0,0.0
7559,control,0,0.0
7560,control,0,0.0
7561,control,1,86.38
7562,control,0,0.0
7563,control,0,0.0
7564,control,0,0.0
7565,control,0,0.0
7566,control,0,0.0
7567,control,0,0.0
7568,control,0,0.0
7569,control,0,0.0
7570,control,0,0.0
7571,control,1,39.57
7572,control,1,92.45
7573,control,0,0.0
7574,control,0,0.0
7575,control,0,0.0
7576,control,1,32.03
7577,control,1,75.54
7578,control,0,0.0
7579,control,0,0.0
7580,control,0,0.0
7581,control,0,0.0
7582,control,0,0.0
7583,control,0,0.0
7584,control,0,0.0
7585,control,0,0.0
7586,control,0,0.0
7587,control,0,0.0
7588,control,1,15.55
7589,control,0,0.0
7590,control,0,0.0
7591,control,0,0.0
7592,control,0,0.0
7593,control,0,0.0
7594,control,0,0.0
7595,control,1,74.19
7596,control,0,0.0
7597,control,1,124.03
7598,control,0,0.0
7599,control,0,0.0
7600,control,0,0.0
7601,control,0,0.0
7602,control,0,0.0
7603,control,0,0.0
7604,control,0,0.0
7605,control,0,0.0
7606,control,0,0.0
7607,control,0,0.0
7608,control,0,0.0
7609,control,0,0.0
7610,control,0,0.0
7611,control,1,39.48
7612,control,1,48.11
7613,control,1,44.7
7614,control,0,0.0
7615,control,0,0.0
7616,control,1,25.74
7617,control,0,0.0
7618,control,0,0.0
7619,control,0,0.0
7620,control,1,100.53
7621,control,0,0.0
7622,control,0,0.0
7623,control,0,0.0
7624,control,0,0.0
7625,control,0,0.0
7626,control,0,0.0
7627,control,0,0.0
7628,control,0,0.0
7629,control,0,0.0
7630,control,0,0.0
7631,control,1,77.52
7632,control,1,45.23
7633,control,0,0.0
7634,control,0,0.0
7635,control,0,0.0
7636,control,0,0.0
7637,control,1,66.59
7638,control,0,0.0
7639,control,1,57.36
7640,control,0,0.0
7641,control,0,0.0
7642,control,0,0.0
7643,control,0,0.0
7644,control,0,0.0
7645,control,0,0.0
7646,control,1,50.44
7647,control,0,0.0
7648,control,1,35.54
7649,control,1,59.68
7650,control,0,0.0
7651,control,0,0.0
7652,control,0,0.0
7653,control,0,0.0
7654,control,0,0.0
7655,control,0,0.0
7656,control,0,0.0
7657,control,0,0.0
7658,control,1,88.75
7659,control,0,0.0
7660,control,0,0.0
7661,control,0,0.0
7662,control,0,0.0
7663,control,0,0.0
7664,control,0,0.0
7665,control,1,53.56
7666,control,0,0.0
7667,control,0,0.0
7668,control,0,0.0
7669,control,0,0.0
7670,control,0,0.0
7671,control,0,0.0
7672,control,1,22.3
7673,control,1,29.27
7674,control,1,57.1
7675,control,1,59.83
7676,control,0,0.0
7677,control,0,0.0
7678,control,0,0.0
7679,control,0,0.0
7680,control,0,0.0
7681,control,0,0.0
7682,control,0,0.0
7683,control,0,0.0
7684,control,0,0.0
7685,control,0,0.0
7686,control,0,0.0
7687,control,0,0.0
7688,control,0,0.0
7689,control,0,0.0
7690,control,0,0.0
7691,control,0,0.0
7692,control,0,0.0
7693,control,0,0.0
7694,control,0,0.0
7695,control,0,0.0
7696,control,0,0.0
7697,control,0,0.0
7698,control,0,0.0
7699,control,0,0.0
7700,control,0,0.0
7701,control,0,0.0
7702,control,1,101.69
7703,control,0,0.0
7704,control,0,0.0
7705,control,0,0.0
7706,control,0,0.0
7707,control,0,0.0
7708,control,0,0.0
7709,control,0,0.0
7710,control,0,0.0
7711,control,0,0.0
7712,control,0,0.0
7713,control,0,0.0
7714,control,0,0.0
7715,control,0,0.0
7716,control,0,0.0
7717,control,0,0.0
7718,control,0,0.0
7719,control,0,0.0
7720,control,0,0.0
7721,control,0,0.0
7722,control,0,0.0
7723,control,0,0.0
7724,control,0,0.0
7725,control,0,0.0
7726,control,1,26.49
7727,control,0,0.0
7728,control,0,0.0
7729,control,0,0.0
7730,control,0,0.0
7731,control,1,48.14
7732,control,1,70.33
7733,control,0,0.0
7734,control,0,0.0
7735,control,0,0.0
7736,control,0,0.0
7737,control,0,0.0
7738,control,1,29.76
7739,control,0,0.0
7740,control,0,0.0
7741,control,0,0.0
7742,control,1,25.43
7743,control,0,0.0
7744,control,0,0.0
7745,control,0,0.0
7746,control,0,0.0
7747,control,0,0.0
7748,control,1,50.25
7749,control,0,0.0
7750,control,0,0.0
7751,control,1,68.77
7752,control,0,0.0
7753,control,0,0.0
7754,control,1,70.66
7755,control,0,0.0
7756,control,0,0.0
7757,control,0,0.0
7758,control,0,0.0
7759,control,0,0.0
7760,control,0,0.0
7761,control,0,0.0
7762,control,0,0.0
7763,control,0,0.0
7764,control,0,0.0
7765,control,0,0.0
7766,control,0,0.0
7767,control,0,0.0
7768,control,0,0.0
7769,control,0,0.0
7770,control,0,0.0
7771,control,0,0.0
7772,control,0,0.0
7773,control,0,0.0
7774,control,0,0.0
7775,control,0,0.0
7776,control,0,0.0
7777,control,0,0.0
7778,control,0,0.0
7779,control,0,0.0
7780,control,0,0.0
7781,control,0,0.0
7782,control,1,67.03
7783,control,0,0.0
7784,control,1,79.63
7785,control,0,0.0
7786,control,0,0.0
7787,control,0,0.0
7788,control,0,0.0
7789,control,0,0.0
7790,control,1,34.29
7791,control,0,0.0
7792,control,0,0.0
7793,control,0,0.0
7794,control,0,0.0
7795,control,0,0.0
7796,control,0,0.0
7797,control,0,0.0
7798,control,0,0.0
7799,control,0,0.0
7800,control,1,19.4
7801,control,0,0.0
7802,control,1,73.9
7803,control,0,0.0
7804,control,0,0.0
7805,control,0,0.0
7806,control,0,0.0
7807,control,0,0.0
7808,control,0,0.0
7809,control,0,0.0
7810,control,0,0.0
7811,control,0,0.0
7812,control,1,130.1
7813,control,0,0.0
7814,control,0,0.0
7815,control,0,0.0
7816,control,0,0.0
7817,control,0,0.0
7818,control,0,0.0
7819,control,0,0.0
7820,control,0,0.0
7821,control,0,0.0
7822,control,0,0.0
7823,control,0,0.0
7824,control,0,0.0
7825,control,1,40.21
7826,control,0,0.0
7827,control,0,0.0
7828,control,0,0.0
7829,control,0,0.0
7830,control,0,0.0
7831,control,1,27.66
7832,control,0,0.0
7833,control,0,0.0
7834,control,0,0.0
7835,control,0,0.0
7836,control,0,0.0
7837,control,0,0.0
7838,control,0,0.0
7839,control,0,0.0
7840,control,0,0.0
7841,control,0,0.0
7842,control,0,0.0
7843,control,0,0.0
7844,control,0,0.0
7845,control,0,0.0
7846,control,0,0.0
7847,control,0,0.0
7848,control,0,0.0
7849,control,0,0.0
7850,control,0,0.0
7851,control,0,0.0
7852,control,0,0.0
7853,control,0,0.0
7854,control,0,0.0
7855,control,0,0.0
7856,control,0,0.0
7857,control,0,0.0
7858,control,0,0.0
7859,control,0,0.0
7860,control,0,0.0
7861,control,0,0.0
7862,control,0,0.0
7863,control,1,56.58
7864,control,0,0.0
7865,control,0,0.0
7866,control,0,0.0
7867,control,0,0.0
7868,control,0,0.0
7869,control,1,38.44
7870,control,0,0.0
7871,control,0,0.0
7872,control,0,0.0
7873,control,0,0.0
7874,control,0,0.0
7875,control,0,0.0
7876,control,0,0.0
7877,control,0,0.0
7878,control,0,0.0
7879,control,1,35.32
7880,control,0,0.0
7881,control,0,0.0
7882,control,0,0.0
7883,control,0,0.0
7884,control,0,0.0
7885,control,0,0.0
7886,control,0,0.0
7887,control,0,0.0
7888,control,1,48.66
7889,control,1,33.73
7890,control,0,0.0
7891,control,0,0.0
7892,control,1,50.29
7893,control,0,0.0
7894,control,0,0.0
7895,control,0,0.0
7896,control,0,0.0
7897,control,1,51.04
7898,control,0,0.0
7899,control,0,0.0
7900,control,0,0.0
7901,control,1,29.89
7902,control,0,0.0
7903,control,0,0.0
7904,control,0,0.0
7905,control,0,0.0
7906,control,0,0.0
7907,control,0,0.0
7908,control,0,0.0
7909,control,1,75.89
7910,control,0,0.0
7911,control,0,0.0
7912,control,0,0.0
7913,control,0,0.0
7914,control,0,0.0
7915,control,1,110.76
7916,control,0,0.0
7917,control,0,0.0
7918,control,0,0.0
7919,control,0,0.0
7920,control,0,0.0
7921,control,0,0.0
7922,control,0,0.0
7923,control,0,0.0
7924,control,0,0.0
7925,control,1,68.09
7926,control,0,0.0
7927,control,0,0.0
7928,control,0,0.0
7929,control,0,0.0
7930,control,0,0.0
7931,control,0,0.0
7932,control,0,0.0
7933,control,0,0.0
7934,control,0,0.0
7935,control,0,0.0
7936,control,0,0.0
7937,control,1,59.99
7938,control,0,0.0
7939,control,0,0.0
7940,control,0,0.0
7941,control,0,0.0
7942,control,0,0.0
7943,control,1,47.11
7944,control,0,0.0
7945,control,0,0.0
7946,control,0,0.0
7947,control,0,0.0
7948,control,0,0.0
7949,control,0,0.0
7950,control,0,0.0
7951,control,0,0.0
7952,control,0,0.0
7953,control,1,34.15
7954,control,0,0.0
7955,control,0,0.0
7956,control,0,0.0
7957,control,1,52.22
7958,control,0,0.0
7959,control,0,0.0
7960,control,0,0.0
7961,control,0,0.0
7962,control,0,0.0
7963,control,0,0.0
7964,control,1,27.78
7965,control,0,0.0
7966,control,0,0.0
7967,control,0,0.0
7968,control,0,0.0
7969,control,0,0.0
7970,control,0,0.0
7971,control,0,0.0
7972,control,0,0.0
7973,control,1,64.86
7974,control,0,0.0
7975,control,0,0.0
7976,control,0,0.0
7977,control,0,0.0
7978,control,1,59.07
7979,control,0,0.0
7980,control,0,0.0
7981,control,1,9.24
7982,control,0,0.0
7983,control,0,0.0
7984,control,0,0.0
7985,control,0,0.0
7986,control,0,0.0
7987,control,0,0.0
7988,control,0,0.0
7989,control,0,0.0
7990,control,0,0.0
7991,control,0,0.0
7992,control,0,0.0
7993,control,0,0.0
7994,control,0,0.0
7995,control,0,0.0
7996,control,0,0.0
7997,control,0,0.0
7998,control,0,0.0
7999,control,0,0.0
8000,treatment,1,28.26
8001,treatment,0,0.0
8002,treatment,0,0.0
8003,treatment,0,0.0
8004,treatment,1,57.13
8005,treatment,0,0.0
8006,treatment,0,0.0
8007,treatment,0,0.0
8008,treatment,0,0.0
8009,treatment,1,47.94
8010,treatment,0,0.0
8011,treatment,0,0.0
8012,treatment,0,0.0
8013,treatment,0,0.0
8014,treatment,0,0.0
8015,treatment,0,0.0
8016,treatment,0,0.0
8017,treatment,0,0.0
8018,treatment,0,0.0
8019,treatment,0,0.0
8020,treatment,0,0.0
8021,treatment,0,0.0
8022,treatment,0,0.0
8023,treatment,0,0.0
8024,treatment,1,49.96
8025,treatment,0,0.0
8026,treatment,0,0.0
8027,treatment,0,0.0
8028,treatment,0,0.0
8029,treatment,1,81.29
8030,treatment,0,0.0
8031,treatment,0,0.0
8032,treatment,1,41.83
8033,treatment,0,0.0
8034,treatment,0,0.0
8035,treatment,0,0.0
8036,treatment,0,0.0
8037,treatment,0,0.0
8038,treatment,0,0.0
8039,treatment,0,0.0
8040,treatment,1,54.27
8041,treatment,1,72.18
8042,treatment,0,0.0
8043,treatment,0,0.0
8044,treatment,0,0.0
8045,treatment,0,0.0
8046,treatment,0,0.0
8047,treatment,0,0.0
8048,treatment,1,13.37
8049,treatment,0,0.0
8050,treatment,0,0.0
8051,treatment,0,0.0
8052,treatment,0,0.0
8053,treatment,0,0.0
8054,treatment,0,0.0
8055,treatment,0,0.0
8056,treatment,0,0.0
8057,treatment,0,0.0
8058,treatment,0,0.0
8059,treatment,0,0.0
8060,treatment,0,0.0
8061,treatment,0,0.0
8062,treatment,0,0.0
8063,treatment,0,0.0
8064,treatment,0,0.0
8065,treatment,0,0.0
8066,treatment,0,0.0
8067,treatment,0,0.0
8068,treatment,0,0.0
8069,treatment,0,0.0
8070,treatment,0,0.0
8071,treatment,0,0.0
8072,treatment,0,0.0
8073,treatment,0,0.0
8074,treatment,1,45.83
8075,treatment,0,0.0
8076,treatment,0,0.0
8077,treatment,1,68.93
8078,treatment,0,0.0
8079,treatment,0,0.0
8080,treatment,0,0.0
8081,treatment,0,0.0
8082,treatment,0,0.0
8083,treatment,0,0.0
8084,treatment,0,0.0
8085,treatment,0,0.0
8086,treatment,0,0.0
8087,treatment,0,0.0
8088,treatment,0,0.0
8089,treatment,0,0.0
8090,treatment,0,0.0
8091,treatment,0,0.0
8092,treatment,0,0.0
8093,treatment,0,0.0
8094,treatment,0,0.0
8095,treatment,0,0.0
8096,treatment,0,0.0
8097,treatment,1,42.57
8098,treatment,0,0.0
8099,treatment,1,72.28
8100,treatment,0,0.0
8101,treatment,0,0.0
8102,treatment,0,0.0
8103,treatment,0,0.0
8104,treatment,0,0.0
8105,treatment,0,0.0
8106,treatment,0,0.0
8107,treatment,0,0.0
8108,treatment,0,0.0
8109,treatment,0,0.0
8110,treatment,0,0.0
8111,treatment,1,61.47
8112,treatment,0,0.0
8113,treatment,0,0.0
8114,treatment,0,0.0
8115,treatment,0,0.0
8116,treatment,0,0.0
8117,treatment,0,0.0
8118,treatment,0,0.0
8119,treatment,0,0.0
8120,treatment,0,0.0
8121,treatment,1,47.35
8122,treatment,0,0.0
8123,treatment,0,0.0
8124,treatment,0,0.0
8125,treatment,0,0.0
8126,treatment,0,0.0
8127,treatment,0,0.0
8128,treatment,0,0.0
8129,treatment,0,0.0
8130,treatment,0,0.0
8131,treatment,0,0.0
8132,treatment,1,82.45
8133,treatment,0,0.0
8134,treatment,0,0.0
8135,treatment,0,0.0
8136,treatment,0,0.0
8137,treatment,0,0.0
8138,treatment,0,0.0
8139,treatment,0,0.0
8140,treatment,0,0.0
8141,treatment,0,0.0
8142,treatment,0,0.0
8143,treatment,0,0.0
8144,treatment,0,0.0
8145,treatment,0,0.0
8146,treatment,0,0.0
8147,treatment,0,0.0
8148,treatment,0,0.0
8149,treatment,0,0.0
8150,treatment,0,0.0
8151,treatment,0,0.0
8152,treatment,0,0.0
8153,treatment,0,0.0
8154,treatment,0,0.0
8155,treatment,0,0.0
8156,treatment,0,0.0
8157,treatment,0,0.0
8158,treatment,0,0.0
8159,treatment,0,0.0
8160,treatment,0,0.0
8161,treatment,0,0.0
8162,treatment,0,0.0
8163,treatment,0,0.0
8164,treatment,1,41.79
8165,treatment,0,0.0
8166,treatment,0,0.0
8167,treatment,0,0.0
8168,treatment,0,0.0
8169,treatment,1,41.31
8170,treatment,0,0.0
8171,treatment,0,0.0
8172,treatment,0,0.0
8173,treatment,0,0.0
8174,treatment,0,0.0
8175,treatment,0,0.0
8176,treatment,1,25.66
8177,treatment,0,0.0
8178,treatment,0,0.0
8179,treatment,1,36.13
8180,treatment,0,0.0
8181,treatment,0,0.0
8182,treatment,0,0.0
8183,treatment,1,50.52
8184,treatment,0,0.0
8185,treatment,0,0.0
8186,treatment,0,0.0
8187,treatment,1,53.04
8188,treatment,0,0.0
8189,treatment,0,0.0
8190,treatment,0,0.0
8191,treatment,0,0.0
8192,treatment,0,0.0
8193,treatment,0,0.0
8194,treatment,0,0.0
8195,treatment,0,0.0
8196,treatment,0,0.0
8197,treatment,0,0.0
8198,treatment,0,0.0
8199,treatment,0,0.0
8200,treatment,0,0.0
8201,treatment,0,0.0
8202,treatment,0,0.0
8203,treatment,0,0.0
8204,treatment,1,99.22
8205,treatment,1,114.03
8206,treatment,0,0.0
8207,treatment,0,0.0
8208,treatment,0,0.0
8209,treatment,0,0.0
8210,treatment,0,0.0
8211,treatment,0,0.0
8212,treatment,0,0.0
8213,treatment,0,0.0
8214,treatment,0,0.0
8215,treatment,1,56.45
8216,treatment,0,0.0
8217,treatment,0,0.0
8218,treatment,1,48.72
8219,treatment,0,0.0
8220,treatment,1,43.9
8221,treatment,0,0.0
8222,treatment,0,0.0
8223,treatment,1,79.67
8224,treatment,0,0.0
8225,treatment,0,0.0
8226,treatment,0,0.0
8227,treatment,0,0.0
8228,treatment,0,0.0
8229,treatment,0,0.0
8230,treatment,0,0.0
8231,treatment,0,0.0
8232,treatment,0,0.0
8233,treatment,0,0.0
8234,treatment,0,0.0
8235,treatment,0,0.0
8236,treatment,0,0.0
8237,treatment,0,0.0
8238,treatment,0,0.0
8239,treatment,0,0.0
8240,treatment,0,0.0
8241,treatment,0,0.0
8242,treatment,0,0.0
8243,treatment,0,0.0
8244,treatment,1,43.47
8245,treatment,0,0.0
8246,treatment,0,0.0
8247,treatment,0,0.0
8248,treatment,0,0.0
8249,treatment,1,58.98
8250,treatment,0,0.0
8251,treatment,0,0.0
8252,treatment,0,0.0
8253,treatment,0,0.0
8254,treatment,1,21.7
8255,treatment,0,0.0
8256,treatment,0,0.0
8257,treatment,0,0.0
8258,treatment,0,0.0
8259,treatment,0,0.0
8260,treatment,0,0.0
8261,treatment,1,22.39
8262,treatment,0,0.0
8263,treatment,0,0.0
8264,treatment,0,0.0
8265,treatment,0,0.0
8266,treatment,0,0.0
8267,treatment,0,0.0
8268,treatment,0,0.0
8269,treatment,0,0.0
8270,treatment,0,0.0
8271,treatment,0,0.0
8272,treatment,1,36.49
8273,treatment,0,0.0
8274,treatment,0,0.0
8275,treatment,0,0.0
8276,treatment,0,0.0
8277,treatment,0,0.0
8278,treatment,0,0.0
8279,treatment,0,0.0
8280,treatment,0,0.0
8281,treatment,0,0.0
8282,treatment,0,0.0
8283,treatment,0,0.0
8284,treatment,0,0.0
8285,treatment,1,35.45
8286,treatment,0,0.0
8287,treatment,0,0.0
8288,treatment,0,0.0
8289,treatment,0,0.0
8290,treatment,0,0.0
8291,treatment,0,0.0
8292,treatment,0,0.0
8293,treatment,0,0.0
8294,treatment,0,0.0
8295,treatment,1,84.05
8296,treatment,0,0.0
8297,treatment,0,0.0
8298,treatment,0,0.0
8299,treatment,0,0.0
8300,treatment,0,0.0
8301,treatment,0,0.0
8302,treatment,0,0.0
8303,treatment,0,0.0
8304,treatment,0,0.0
8305,treatment,0,0.0
8306,treatment,0,0.0
8307,treatment,1,48.06
8308,treatment,0,0.0
8309,treatment,0,0.0
8310,treatment,0,0.0
8311,treatment,0,0.0
8312,treatment,0,0.0
8313,treatment,1,30.78
8314,treatment,0,0.0
8315,treatment,0,0.0
8316,treatment,0,0.0
8317,treatment,0,0.0
8318,treatment,0,0.0
8319,treatment,0,0.0
8320,treatment,0,0.0
8321,treatment,0,0.0
8322,treatment,1,33.43
8323,treatment,0,0.0
8324,treatment,0,0.0
8325,treatment,0,0.0
8326,treatment,0,0.0
8327,treatment,0,0.0
8328,treatment,0,0.0
8329,treatment,0,0.0
8330,treatment,0,0.0
8331,treatment,0,0.0
8332,treatment,0,0.0
8333,treatment,0,0.0
8334,treatment,0,0.0
8335,treatment,0,0.0
8336,treatment,0,0.0
8337,treatment,0,0.0
8338,treatment,0,0.0
8339,treatment,0,0.0
8340,treatment,0,0.0
8341,treatment,0,0.0
8342,treatment,0,0.0
8343,treatment,0,0.0
8344,treatment,0,0.0
8345,treatment,0,0.0
8346,treatment,0,0.0
8347,treatment,1,66.06
8348,treatment,1,105.35
8349,treatment,0,0.0
8350,treatment,0,0.0
8351,treatment,0,0.0
8352,treatment,0,0.0
8353,treatment,0,0.0
8354,treatment,0,0.0
8355,treatment,0,0.0
8356,treatment,0,0.0
8357,treatment,0,0.0
8358,treatment,0,0.0
8359,treatment,0,0.0
8360,treatment,0,0.0
8361,treatment,0,0.0
8362,treatment,0,0.0
8363,treatment,0,0.0
8364,treatment,0,0.0
8365,treatment,0,0.0
8366,treatment,1,71.14
8367,treatment,0,0.0
8368,treatment,0,0.0
8369,treatment,0,0.0
8370,treatment,0,0.0
8371,treatment,0,0.0
8372,treatment,0,0.0
8373,treatment,1,60.38
8374,treatment,0,0.0
8375,treatment,0,0.0
8376,treatment,1,109.7
8377,treatment,0,0.0
8378,treatment,1,80.91
8379,treatment,0,0.0
8380,treatment,0,0.0
8381,treatment,0,0.0
8382,treatment,0,0.0
8383,treatment,0,0.0
8384,treatment,0,0.0
8385,treatment,0,0.0
8386,treatment,0,0.0
8387,treatment,0,0.0
8388,treatment,0,0.0
8389,treatment,0,0.0
8390,treatment,0,0.0
8391,treatment,0,0.0
8392,treatment,0,0.0
8393,treatment,0,0.0
8394,treatment,0,0.0
8395,treatment,0,0.0
8396,treatment,0,0.0
8397,treatment,0,0.0
8398,treatment,0,0.0
8399,treatment,0,0.0
8400,treatment,0,0.0
8401,treatment,0,0.0
8402,treatment,0,0.0
8403,treatment,0,0.0
8404,treatment,0,0.0
8405,treatment,0,0.0
8406,treatment,0,0.0
8407,treatment,0,0.0
8408,treatment,0,0.0
8409,treatment,0,0.0
8410,treatment,0,0.0
8411,treatment,0,0.0
8412,treatment,1,62.76
8413,treatment,0,0.0
8414,treatment,0,0.0
8415,treatment,0,0.0
8416,treatment,0,0.0
8417,treatment,0,0.0
8418,treatment,0,0.0
8419,treatment,0,0.0
8420,treatment,0,0.0
8421,treatment,0,0.0
8422,treatment,0,0.0
8423,treatment,0,0.0
8424,treatment,0,0.0
8425,treatment,0,0.0
8426,treatment,1,40.35
8427,treatment,0,0.0
8428,treatment,0,0.0
8429,treatment,0,0.0
8430,treatment,0,0.0
8431,treatment,0,0.0
8432,treatment,0,0.0
8433,treatment,0,0.0
8434,treatment,0,0.0
8435,treatment,1,32.05
8436,treatment,0,0.0
8437,treatment,0,0.0
8438,treatment,0,0.0
8439,treatment,0,0.0
8440,treatment,1,29.33
8441,treatment,1,65.78
8442,treatment,0,0.0
8443,treatment,0,0.0
8444,treatment,0,0.0
8445,treatment,0,0.0
8446,treatment,0,0.0
8447,treatment,1,51.16
8448,treatment,0,0.0
8449,treatment,0,0.0
8450,treatment,0,0.0
8451,treatment,0,0.0
8452,treatment,0,0.0
8453,treatment,0,0.0
8454,treatment,0,0.0
8455,treatment,0,0.0
8456,treatment,0,0.0
8457,treatment,0,0.0
8458,treatment,1,55.73
8459,treatment,0,0.0
8460,treatment,0,0.0
8461,treatment,0,0.0
8462,treatment,1,85.53
8463,treatment,0,0.0
8464,treatment,0,0.0
8465,treatment,0,0.0
8466,treatment,0,0.0
8467,treatment,0,0.0
8468,treatment,0,0.0
8469,treatment,1,34.67
8470,treatment,0,0.0
8471,treatment,0,0.0
8472,treatment,0,0.0
8473,treatment,0,0.0
8474,treatment,0,0.0
8475,treatment,0,0.0
8476,treatment,0,0.0
8477,treatment,0,0.0
8478,treatment,0,0.0
8479,treatment,0,0.0
8480,treatment,0,0.0
8481,treatment,1,73.97
8482,treatment,0,0.0
8483,treatment,0,0.0
8484,treatment,0,0.0
8485,treatment,0,0.0
8486,treatment,0,0.0
8487,treatment,0,0.0
8488,treatment,0,0.0
8489,treatment,0,0.0
8490,treatment,0,0.0
8491,treatment,0,0.0
8492,treatment,0,0.0
8493,treatment,0,0.0
8494,treatment,0,0.0
8495,treatment,0,0.0
8496,treatment,0,0.0
8497,treatment,0,0.0
8498,treatment,0,0.0
8499,treatment,0,0.0
8500,treatment,0,0.0
8501,treatment,0,0.0
8502,treatment,0,0.0
8503,treatment,0,0.0
8504,treatment,0,0.0
8505,treatment,1,43.41
8506,treatment,0,0.0
8507,treatment,0,0.0
8508,treatment,0,0.0
8509,treatment,0,0.0
8510,treatment,0,0.0
8511,treatment,0,0.0
8512,treatment,0,0.0
8513,treatment,0,0.0
8514,treatment,0,0.0
8515,treatment,0,0.0
8516,treatment,0,0.0
8517,treatment,0,0.0
8518,treatment,0,0.0
8519,treatment,0,0.0
8520,treatment,0,0.0
8521,treatment,0,0.0
8522,treatment,0,0.0
8523,treatment,0,0.0
8524,treatment,1,41.25
8525,treatment,0,0.0
8526,treatment,0,0.0
8527,treatment,0,0.0
8528,treatment,0,0.0
8529,treatment,0,0.0
8530,treatment,0,0.0
8531,treatment,1,110.67
8532,treatment,0,0.0
8533,treatment,0,0.0
8534,treatment,0,0.0
8535,treatment,0,0.0
8536,treatment,0,0.0
8537,treatment,0,0.0
8538,treatment,0,0.0
8539,treatment,0,0.0
8540,treatment,0,0.0
8541,treatment,0,0.0
8542,treatment,1,39.62
8543,treatment,0,0.0
8544,treatment,0,0.0
8545,treatment,0,0.0
8546,treatment,0,0.0
8547,treatment,0,0.0
8548,treatment,0,0.0
8549,treatment,0,0.0
8550,treatment,0,0.0
8551,treatment,0,0.0
8552,treatment,0,0.0
8553,treatment,1,58.17
8554,treatment,0,0.0
8555,treatment,0,0.0
8556,treatment,0,0.0
8557,treatment,0,0.0
8558,treatment,1,98.64
8559,treatment,0,0.0
8560,treatment,0,0.0
8561,treatment,0,0.0
8562,treatment,0,0.0
8563,treatment,1,84.36
8564,treatment,0,0.0
8565,treatment,0,0.0
8566,treatment,0,0.0
8567,treatment,0,0.0
8568,treatment,0,0.0
8569,treatment,0,0.0
8570,treatment,0,0.0
8571,treatment,0,0.0
8572,treatment,0,0.0
8573,treatment,0,0.0
8574,treatment,0,0.0
8575,treatment,0,0.0
8576,treatment,0,0.0
8577,treatment,0,0.0
8578,treatment,0,0.0
8579,treatment,1,138.5
8580,treatment,0,0.0
8581,treatment,1,65.29
8582,treatment,0,0.0
8583,treatment,0,0.0
8584,treatment,0,0.0
8585,treatment,0,0.0
8586,treatment,0,0.0
8587,treatment,0,0.0
8588,treatment,0,0.0
8589,treatment,0,0.0
8590,treatment,0,0.0
8591,treatment,0,0.0
8592,treatment,0,0.0
8593,treatment,0,0.0
8594,treatment,0,0.0
8595,treatment,0,0.0
8596,treatment,0,0.0
8597,treatment,0,0.0
8598,treatment,0,0.0
8599,treatment,0,0.0
8600,treatment,0,0.0
8601,treatment,0,0.0
8602,treatment,0,0.0
8603,treatment,0,0.0
8604,treatment,0,0.0
8605,treatment,1,65.49
8606,treatment,0,0.0
8607,treatment,1,18.09
8608,treatment,0,0.0
8609,treatment,0,0.0
8610,treatment,0,0.0
8611,treatment,0,0.0
8612,treatment,0,0.0
8613,treatment,0,0.0
8614,treatment,1,57.27
8615,treatment,0,0.0
8616,treatment,0,0.0
8617,treatment,0,0.0
8618,treatment,0,0.0
8619,treatment,0,0.0
8620,treatment,0,0.0
8621,treatment,0,0.0
8622,treatment,0,0.0
8623,treatment,0,0.0
8624,treatment,1,28.68
8625,treatment,0,0.0
8626,treatment,0,0.0
8627,treatment,0,0.0
8628,treatment,0,0.0
8629,treatment,0,0.0
8630,treatment,1,49.25
8631,treatment,1,34.56
8632,treatment,0,0.0
8633,treatment,0,0.0
8634,treatment,0,0.0
8635,treatment,0,0.0
8636,treatment,0,0.0
8637,treatment,0,0.0
8638,treatment,0,0.0
8639,treatment,0,0.0
8640,treatment,0,0.0
8641,treatment,1,29.24
8642,treatment,0,0.0
8643,treatment,0,0.0
8644,treatment,0,0.0
8645,treatment,0,0.0
8646,treatment,1,32.22
8647,treatment,0,0.0
8648,treatment,0,0.0
8649,treatment,0,0.0
8650,treatment,0,0.0
8651,treatment,0,0.0
8652,treatment,0,0.0
8653,treatment,0,0.0
8654,treatment,0,0.0
8655,treatment,0,0.0
8656,treatment,0,0.0
8657,treatment,0,0.0
8658,treatment,1,61.15
8659,treatment,0,0.0
8660,treatment,0,0.0
8661,treatment,0,0.0
8662,treatment,1,32.76
8663,treatment,0,0.0
8664,treatment,0,0.0
8665,treatment,0,0.0
8666,treatment,0,0.0
8667,treatment,1,43.77
8668,treatment,0,0.0
8669,treatment,0,0.0
8670,treatment,0,0.0
8671,treatment,0,0.0
8672,treatment,1,51.76
8673,treatment,0,0.0
8674,treatment,1,40.73
8675,treatment,0,0.0
8676,treatment,0,0.0
8677,treatment,0,0.0
8678,treatment,0,0.0
8679,treatment,1,108.29
8680,treatment,0,0.0
8681,treatment,0,0.0
8682,treatment,0,0.0
8683,treatment,0,0.0
8684,treatment,0,0.0
8685,treatment,0,0.0
8686,treatment,0,0.0
8687,treatment,0,0.0
8688,treatment,0,0.0
8689,treatment,0,0.0
8690,treatment,0,0.0
8691,treatment,0,0.0
8692,treatment,0,0.0
8693,treatment,0,0.0
8694,treatment,0,0.0
8695,treatment,0,0.0
8696,treatment,0,0.0
8697,treatment,0,0.0
8698,treatment,0,0.0
8699,treatment,0,0.0
8700,treatment,0,0.0
8701,treatment,0,0.0
8702,treatment,0,0.0
8703,treatment,0,0.0
8704,treatment,0,0.0
8705,treatment,1,36.56
8706,treatment,0,0.0
8707,treatment,0,0.0
8708,treatment,1,65.03
8709,treatment,0,0.0
8710,treatment,0,0.0
8711,treatment,0,0.0
8712,treatment,0,0.0
8713,treatment,0,0.0
8714,treatment,0,0.0
8715,treatment,0,0.0
8716,treatment,0,0.0
8717,treatment,1,37.75
8718,treatment,0,0.0
8719,treatment,0,0.0
8720,treatment,0,0.0
8721,treatment,1,79.39
8722,treatment,0,0.0
8723,treatment,0,0.0
8724,treatment,0,0.0
8725,treatment,0,0.0
8726,treatment,0,0.0
8727,treatment,0,0.0
8728,treatment,0,0.0
8729,treatment,0,0.0
8730,treatment,1,37.43
8731,treatment,0,0.0
8732,treatment,0,0.0
8733,treatment,0,0.0
8734,treatment,0,0.0
8735,treatment,0,0.0
8736,treatment,1,53.93
8737,treatment,0,0.0
8738,treatment,1,73.94
8739,treatment,0,0.0
8740,treatment,0,0.0
8741,treatment,0,0.0
8742,treatment,0,0.0
8743,treatment,0,0.0
8744,treatment,0,0.0
8745,treatment,0,0.0
8746,treatment,0,0.0
8747,treatment,0,0.0
8748,treatment,1,54.75
8749,treatment,0,0.0
8750,treatment,0,0.0
8751,treatment,0,0.0
8752,treatment,0,0.0
8753,treatment,0,0.0
8754,treatment,0,0.0
8755,treatment,0,0.0
8756,treatment,0,0.0
8757,treatment,0,0.0
8758,treatment,0,0.0
8759,treatment,0,0.0
8760,treatment,0,0.0
8761,treatment,0,0.0
8762,treatment,0,0.0
8763,treatment,0,0.0
8764,treatment,0,0.0
8765,treatment,0,0.0
8766,treatment,0,0.0
8767,treatment,0,0.0
8768,treatment,0,0.0
8769,treatment,0,0.0
8770,treatment,1,74.74
8771,treatment,0,0.0
8772,treatment,0,0.0
8773,treatment,0,0.0
8774,treatment,1,17.59
8775,treatment,0,0.0
8776,treatment,0,0.0
8777,treatment,0,0.0
8778,treatment,0,0.0
8779,treatment,0,0.0
8780,treatment,0,0.0
8781,treatment,0,0.0
8782,treatment,0,0.0
8783,treatment,0,0.0
8784,treatment,0,0.0
8785,treatment,0,0.0
8786,treatment,0,0.0
8787,treatment,0,0.0
8788,treatment,0,0.0
8789,treatment,0,0.0
8790,treatment,0,0.0
8791,treatment,0,0.0
8792,treatment,0,0.0
8793,treatment,0,0.0
8794,treatment,0,0.0
8795,treatment,0,0.0
8796,treatment,0,0.0
8797,treatment,0,0.0
8798,treatment,0,0.0
8799,treatment,0,0.0
8800,treatment,0,0.0
8801,treatment,0,0.0
8802,treatment,0,0.0
8803,treatment,0,0.0
8804,treatment,0,0.0
8805,treatment,0,0.0
8806,treatment,0,0.0
8807,treatment,0,0.0
8808,treatment,0,0.0
8809,treatment,0,0.0
8810,treatment,0,0.0
8811,treatment,0,0.0
8812,treatment,1,53.03
8813,treatment,0,0.0
8814,treatment,1,59.82
8815,treatment,1,107.63
8816,treatment,0,0.0
8817,treatment,0,0.0
8818,treatment,0,0.0
8819,treatment,0,0.0
8820,treatment,0,0.0
8821,treatment,0,0.0
8822,treatment,0,0.0
8823,treatment,0,0.0
8824,treatment,0,0.0
8825,treatment,0,0.0
8826,treatment,0,0.0
8827,treatment,0,0.0
8828,treatment,0,0.0
8829,treatment,0,0.0
8830,treatment,0,0.0
8831,treatment,0,0.0
8832,treatment,0,0.0
8833,treatment,0,0.0
8834,treatment,0,0.0
8835,treatment,0,0.0
8836,treatment,1,80.55
8837,treatment,0,0.0
8838,treatment,0,0.0
8839,treatment,0,0.0
8840,treatment,0,0.0
8841,treatment,0,0.0
8842,treatment,0,0.0
8843,treatment,0,0.0
8844,treatment,0,0.0
8845,treatment,0,0.0
8846,treatment,0,0.0
8847,treatment,0,0.0
8848,treatment,1,38.16
8849,treatment,0,0.0
8850,treatment,0,0.0
8851,treatment,0,0.0
8852,treatment,1,111.53
8853,treatment,1,34.84
8854,treatment,1,37.23
8855,treatment,0,0.0
8856,treatment,0,0.0
8857,treatment,1,17.5
8858,treatment,0,0.0
8859,treatment,0,0.0
8860,treatment,0,0.0
8861,treatment,0,0.0
8862,treatment,0,0.0
8863,treatment,1,46.75
8864,treatment,0,0.0
8865,treatment,0,0.0
8866,treatment,1,63.35
8867,treatment,0,0.0
8868,treatment,0,0.0
8869,treatment,0,0.0
8870,treatment,1,39.33
8871,treatment,0,0.0
8872,treatment,1,47.51
8873,treatment,0,0.0
8874,treatment,0,0.0
8875,treatment,1,77.92
8876,treatment,0,0.0
8877,treatment,0,0.0
8878,treatment,0,0.0
8879,treatment,0,0.0
8880,treatment,0,0.0
8881,treatment,0,0.0
8882,treatment,0,0.0
8883,treatment,0,0.0
8884,treatment,0,0.0
8885,treatment,0,0.0
8886,treatment,0,0.0
8887,treatment,1,69.09
8888,treatment,0,0.0
8889,treatment,0,0.0
8890,treatment,0,0.0
8891,treatment,0,0.0
8892,treatment,1,64.09
8893,treatment,0,0.0
8894,treatment,0,0.0
8895,treatment,0,0.0
8896,treatment,0,0.0
8897,treatment,0,0.0
8898,treatment,0,0.0
8899,treatment,0,0.0
8900,treatment,0,0.0
8901,treatment,0,0.0
8902,treatment,0,0.0
8903,treatment,1,62.56
8904,treatment,1,92.45
8905,treatment,0,0.0
8906,treatment,0,0.0
8907,treatment,0,0.0
8908,treatment,1,110.22
8909,treatment,0,0.0
8910,treatment,0,0.0
8911,treatment,0,0.0
8912,treatment,0,0.0
8913,treatment,0,0.0
8914,treatment,0,0.0
8915,treatment,0,0.0
8916,treatment,0,0.0
8917,treatment,0,0.0
8918,treatment,0,0.0
8919,treatment,0,0.0
8920,treatment,0,0.0
8921,treatment,0,0.0
8922,treatment,1,42.07
8923,treatment,0,0.0
8924,treatment,0,0.0
8925,treatment,1,118.13
8926,treatment,0,0.0
8927,treatment,0,0.0
8928,treatment,0,0.0
8929,treatment,0,0.0
8930,treatment,0,0.0
8931,treatment,1,101.04
8932,treatment,0,0.0
8933,treatment,0,0.0
8934,treatment,1,45.21
8935,treatment,0,0.0
8936,treatment,0,0.0
8937,treatment,1,91.26
8938,treatment,0,0.0
8939,treatment,0,0.0
8940,treatment,1,25.64
8941,treatment,0,0.0
8942,treatment,0,0.0
8943,treatment,0,0.0
8944,treatment,1,69.91
8945,treatment,0,0.0
8946,treatment,0,0.0
8947,treatment,0,0.0
8948,treatment,1,65.94
8949,treatment,0,0.0
8950,treatment,0,0.0
8951,treatment,0,0.0
8952,treatment,0,0.0
8953,treatment,0,0.0
8954,treatment,0,0.0
8955,treatment,0,0.0
8956,treatment,1,34.85
8957,treatment,0,0.0
8958,treatment,0,0.0
8959,treatment,0,0.0
8960,treatment,0,0.0
8961,treatment,0,0.0
8962,treatment,0,0.0
8963,treatment,0,0.0
8964,treatment,0,0.0
8965,treatment,1,55.59
8966,treatment,0,0.0
8967,treatment,0,0.0
8968,treatment,0,0.0
8969,treatment,0,0.0
8970,treatment,0,0.0
8971,treatment,0,0.0
8972,treatment,0,0.0
8973,treatment,0,0.0
8974,treatment,0,0.0
8975,treatment,0,0.0
8976,treatment,0,0.0
8977,treatment,0,0.0
8978,treatment,0,0.0
8979,treatment,0,0.0
8980,treatment,0,0.0
8981,treatment,0,0.0
8982,treatment,1,109.28
8983,treatment,0,0.0
8984,treatment,0,0.0
8985,treatment,0,0.0
8986,treatment,0,0.0
8987,treatment,0,0.0
8988,treatment,0,0.0
8989,treatment,0,0.0
8990,treatment,0,0.0
8991,treatment,0,0.0
8992,treatment,0,0.0
8993,treatment,1,88.79
8994,treatment,0,0.0
8995,treatment,0,0.0
8996,treatment,0,0.0
8997,treatment,0,0.0
8998,treatment,0,0.0
8999,treatment,0,0.0
9000,treatment,0,0.0
9001,treatment,0,0.0
9002,treatment,0,0.0
9003,treatment,0,0.0
9004,treatment,0,0.0
9005,treatment,0,0.0
9006,treatment,0,0.0
9007,treatment,0,0.0
9008,treatment,0,0.0
9009,treatment,0,0.0
9010,treatment,0,0.0
9011,treatment,0,0.0
9012,treatment,0,0.0
9013,treatment,1,36.68
9014,treatment,0,0.0
9015,treatment,1,23.59
9016,treatment,0,0.0
9017,treatment,0,0.0
9018,treatment,0,0.0
9019,treatment,0,0.0
9020,treatment,0,0.0
9021,treatment,0,0.0
9022,treatment,0,0.0
9023,treatment,0,0.0
9024,treatment,0,0.0
9025,treatment,0,0.0
9026,treatment,0,0.0
9027,treatment,0,0.0
9028,treatment,0,0.0
9029,treatment,0,0.0
9030,treatment,0,0.0
9031,treatment,0,0.0
9032,treatment,0,0.0
9033,treatment,0,0.0
9034,treatment,0,0.0
9035,treatment,0,0.0
9036,treatment,0,0.0
9037,treatment,0,0.0
9038,treatment,1,76.81
9039,treatment,0,0.0
9040,treatment,0,0.0
9041,treatment,1,37.91
9042,treatment,0,0.0
9043,treatment,0,0.0
9044,treatment,0,0.0
9045,treatment,0,0.0
9046,treatment,1,79.61
9047,treatment,0,0.0
9048,treatment,0,0.0
9049,treatment,0,0.0
9050,treatment,0,0.0
9051,treatment,0,0.0
9052,treatment,0,0.0
9053,treatment,0,0.0
9054,treatment,0,0.0
9055,treatment,0,0.0
9056,treatment,0,0.0
9057,treatment,0,0.0
9058,treatment,0,0.0
9059,treatment,1,83.16
9060,treatment,0,0.0
9061,treatment,1,99.02
9062,treatment,0,0.0
9063,treatment,0,0.0
9064,treatment,1,163.43
9065,treatment,0,0.0
9066,treatment,0,0.0
9067,treatment,0,0.0
9068,treatment,0,0.0
9069,treatment,0,0.0
9070,treatment,1,58.18
9071,treatment,0,0.0
9072,treatment,1,62.54
9073,treatment,0,0.0
9074,treatment,0,0.0
9075,treatment,0,0.0
9076,treatment,0,0.0
9077,treatment,0,0.0
9078,treatment,1,47.74
9079,treatment,0,0.0
9080,treatment,0,0.0
9081,treatment,0,0.0
9082,treatment,0,0.0
9083,treatment,0,0.0
9084,treatment,1,38.01
9085,treatment,0,0.0
9086,treatment,0,0.0
9087,treatment,1,54.95
9088,treatment,0,0.0
9089,treatment,0,0.0
9090,treatment,1,56.32
9091,treatment,1,76.0
9092,treatment,0,0.0
9093,treatment,0,0.0
9094,treatment,0,0.0
9095,treatment,0,0.0
9096,treatment,0,0.0
9097,treatment,1,60.9
9098,treatment,0,0.0
9099,treatment,0,0.0
9100,treatment,0,0.0
9101,treatment,0,0.0
9102,treatment,0,0.0
9103,treatment,0,0.0
9104,treatment,0,0.0
9105,treatment,0,0.0
9106,treatment,0,0.0
9107,treatment,0,0.0
9108,treatment,0,0.0
9109,treatment,0,0.0
9110,treatment,0,0.0
9111,treatment,0,0.0
9112,treatment,0,0.0
9113,treatment,0,0.0
9114,treatment,0,0.0
9115,treatment,0,0.0
9116,treatment,0,0.0
9117,treatment,1,83.25
9118,treatment,0,0.0
9119,treatment,0,0.0
9120,treatment,0,0.0
9121,treatment,0,0.0
9122,treatment,0,0.0
9123,treatment,1,77.09
9124,treatment,0,0.0
9125,treatment,0,0.0
9126,treatment,0,0.0
9127,treatment,0,0.0
9128,treatment,0,0.0
9129,treatment,0,0.0
9130,treatment,0,0.0
9131,treatment,0,0.0
9132,treatment,0,0.0
9133,treatment,0,0.0
9134,treatment,0,0.0
9135,treatment,0,0.0
9136,treatment,0,0.0
9137,treatment,0,0.0
9138,treatment,0,0.0
9139,treatment,0,0.0
9140,treatment,1,41.18
9141,treatment,0,0.0
9142,treatment,0,0.0
9143,treatment,0,0.0
9144,treatment,0,0.0
9145,treatment,0,0.0
9146,treatment,0,0.0
9147,treatment,0,0.0
9148,treatment,0,0.0
9149,treatment,0,0.0
9150,treatment,0,0.0
9151,treatment,0,0.0
9152,treatment,0,0.0
9153,treatment,1,62.79
9154,treatment,0,0.0
9155,treatment,0,0.0
9156,treatment,0,0.0
9157,treatment,0,0.0
9158,treatment,0,0.0
9159,treatment,0,0.0
9160,treatment,0,0.0
9161,treatment,0,0.0
9162,treatment,0,0.0
9163,treatment,0,0.0
9164,treatment,0,0.0
9165,treatment,0,0.0
9166,treatment,0,0.0
9167,treatment,0,0.0
9168,treatment,0,0.0
9169,treatment,0,0.0
9170,treatment,0,0.0
9171,treatment,0,0.0
9172,treatment,1,42.7
9173,treatment,1,21.69
9174,treatment,0,0.0
9175,treatment,0,0.0
9176,treatment,0,0.0
9177,treatment,0,0.0
9178,treatment,1,37.43
9179,treatment,0,0.0
9180,treatment,0,0.0
9181,treatment,0,0.0
9182,treatment,1,15.36
9183,treatment,0,0.0
9184,treatment,0,0.0
9185,treatment,0,0.0
9186,treatment,0,0.0
9187,treatment,0,0.0
9188,treatment,0,0.0
9189,treatment,0,0.0
9190,treatment,0,0.0
9191,treatment,0,0.0
9192,treatment,0,0.0
9193,treatment,0,0.0
9194,treatment,1,43.85
9195,treatment,0,0.0
9196,treatment,0,0.0
9197,treatment,0,0.0
9198,treatment,0,0.0
9199,treatment,1,60.36
9200,treatment,0,0.0
9201,treatment,0,0.0
9202,treatment,0,0.0
9203,treatment,0,0.0
9204,treatment,0,0.0
9205,treatment,0,0.0
9206,treatment,0,0.0
9207,treatment,0,0.0
9208,treatment,0,0.0
9209,treatment,0,0.0
9210,treatment,0,0.0
9211,treatment,0,0.0
9212,treatment,0,0.0
9213,treatment,0,0.0
9214,treatment,0,0.0
9215,treatment,1,51.34
9216,treatment,0,0.0
9217,treatment,0,0.0
9218,treatment,0,0.0
9219,treatment,0,0.0
9220,treatment,0,0.0
9221,treatment,0,0.0
9222,treatment,0,0.0
9223,treatment,0,0.0
9224,treatment,0,0.0
9225,treatment,0,0.0
9226,treatment,0,0.0
9227,treatment,0,0.0
9228,treatment,0,0.0
9229,treatment,0,0.0
9230,treatment,0,0.0
9231,treatment,0,0.0
9232,treatment,0,0.0
9233,treatment,0,0.0
9234,treatment,0,0.0
9235,treatment,0,0.0
9236,treatment,0,0.0
9237,treatment,0,0.0
9238,treatment,0,0.0
9239,treatment,0,0.0
9240,treatment,1,81.24
9241,treatment,0,0.0
9242,treatment,0,0.0
9243,treatment,0,0.0
9244,treatment,0,0.0
9245,treatment,0,0.0
9246,treatment,0,0.0
9247,treatment,0,0.0
9248,treatment,0,0.0
9249,treatment,0,0.0
9250,treatment,0,0.0
9251,treatment,0,0.0
9252,treatment,0,0.0
9253,treatment,1,58.43
9254,treatment,0,0.0
9255,treatment,0,0.0
9256,treatment,0,0.0
9257,treatment,0,0.0
9258,treatment,1,48.62
9259,treatment,0,0.0
9260,treatment,0,0.0
9261,treatment,0,0.0
9262,treatment,0,0.0
9263,treatment,0,0.0
9264,treatment,0,0.0
9265,treatment,0,0.0
9266,treatment,0,0.0
9267,treatment,0,0.0
9268,treatment,0,0.0
9269,treatment,0,0.0
9270,treatment,1,37.98
9271,treatment,0,0.0
9272,treatment,0,0.0
9273,treatment,0,0.0
9274,treatment,0,0.0
9275,treatment,0,0.0
9276,treatment,0,0.0
9277,treatment,0,0.0
9278,treatment,0,0.0
9279,treatment,0,0.0
9280,treatment,0,0.0
9281,treatment,0,0.0
9282,treatment,0,0.0
9283,treatment,0,0.0
9284,treatment,0,0.0
9285,treatment,0,0.0
9286,treatment,0,0.0
9287,treatment,0,0.0
9288,treatment,0,0.0
9289,treatment,0,0.0
9290,treatment,0,0.0
9291,treatment,0,0.0
9292,treatment,0,0.0
9293,treatment,0,0.0
9294,treatment,0,0.0
9295,treatment,0,0.0
9296,treatment,0,0.0
9297,treatment,0,0.0
9298,treatment,0,0.0
9299,treatment,0,0.0
9300,treatment,0,0.0
9301,treatment,0,0.0
9302,treatment,0,0.0
9303,treatment,1,98.09
9304,treatment,0,0.0
9305,treatment,0,0.0
9306,treatment,1,95.69
9307,treatment,0,0.0
9308,treatment,0,0.0
9309,treatment,0,0.0
9310,treatment,1,28.69
9311,treatment,0,0.0
9312,treatment,0,0.0
9313,treatment,0,0.0
9314,treatment,0,0.0
9315,treatment,0,0.0
9316,treatment,0,0.0
9317,treatment,0,0.0
9318,treatment,0,0.0
9319,treatment,1,34.05
9320,treatment,0,0.0
9321,treatment,0,0.0
9322,treatment,0,0.0
9323,treatment,0,0.0
9324,treatment,0,0.0
9325,treatment,0,0.0
9326,treatment,1,35.64
9327,treatment,0,0.0
9328,treatment,0,0.0
9329,treatment,0,0.0
9330,treatment,0,0.0
9331,treatment,0,0.0
9332,treatment,0,0.0
9333,treatment,0,0.0
9334,treatment,0,0.0
9335,treatment,0,0.0
9336,treatment,0,0.0
9337,treatment,0,0.0
9338,treatment,0,0.0
9339,treatment,0,0.0
9340,treatment,0,0.0
9341,treatment,0,0.0
9342,treatment,0,0.0
9343,treatment,0,0.0
9344,treatment,0,0.0
9345,treatment,0,0.0
9346,treatment,1,92.28
9347,treatment,0,0.0
9348,treatment,0,0.0
9349,treatment,1,52.76
9350,treatment,0,0.0
9351,treatment,0,0.0
9352,treatment,0,0.0
9353,treatment,0,0.0
9354,treatment,0,0.0
9355,treatment,0,0.0
9356,treatment,0,0.0
9357,treatment,0,0.0
9358,treatment,1,49.75
9359,treatment,0,0.0
9360,treatment,0,0.0
9361,treatment,0,0.0
9362,treatment,0,0.0
9363,treatment,0,0.0
9364,treatment,0,0.0
9365,treatment,1,59.36
9366,treatment,0,0.0
9367,treatment,0,0.0
9368,treatment,0,0.0
9369,treatment,0,0.0
9370,treatment,0,0.0
9371,treatment,0,0.0
9372,treatment,1,60.65
9373,treatment,0,0.0
9374,treatment,0,0.0
9375,treatment,0,0.0
9376,treatment,1,45.52
9377,treatment,0,0.0
9378,treatment,0,0.0
9379,treatment,0,0.0
9380,treatment,1,78.58
9381,treatment,0,0.0
9382,treatment,0,0.0
9383,treatment,0,0.0
9384,treatment,0,0.0
9385,treatment,0,0.0
9386,treatment,0,0.0
9387,treatment,1,31.35
9388,treatment,0,0.0
9389,treatment,0,0.0
9390,treatment,0,0.0
9391,treatment,0,0.0
9392,treatment,0,0.0
9393,treatment,0,0.0
9394,treatment,0,0.0
9395,treatment,0,0.0
9396,treatment,1,39.11
9397,treatment,0,0.0
9398,treatment,0,0.0
9399,treatment,0,0.0
9400,treatment,0,0.0
9401,treatment,0,0.0
9402,treatment,0,0.0
9403,treatment,0,0.0
9404,treatment,0,0.0
9405,treatment,1,51.43
9406,treatment,0,0.0
9407,treatment,0,0.0
9408,treatment,0,0.0
9409,treatment,0,0.0
9410,treatment,0,0.0
9411,treatment,0,0.0
9412,treatment,0,0.0
9413,treatment,0,0.0
9414,treatment,0,0.0
9415,treatment,0,0.0
9416,treatment,0,0.0
9417,treatment,0,0.0
9418,treatment,0,0.0
9419,treatment,0,0.0
9420,treatment,1,47.56
9421,treatment,0,0.0
9422,treatment,1,74.09
9423,treatment,0,0.0
9424,treatment,0,0.0
9425,treatment,0,0.0
9426,treatment,0,0.0
9427,treatment,0,0.0
9428,treatment,0,0.0
9429,treatment,0,0.0
9430,treatment,1,79.49
9431,treatment,0,0.0
9432,treatment,0,0.0
9433,treatment,0,0.0
9434,treatment,0,0.0
9435,treatment,1,54.49
9436,treatment,0,0.0
9437,treatment,0,0.0
9438,treatment,0,0.0
9439,treatment,0,0.0
9440,treatment,0,0.0
9441,treatment,0,0.0
9442,treatment,0,0.0
9443,treatment,0,0.0
9444,treatment,0,0.0
9445,treatment,0,0.0
9446,treatment,0,0.0
9447,treatment,0,0.0
9448,treatment,0,0.0
9449,treatment,0,0.0
9450,treatment,1,60.07
9451,treatment,0,0.0
9452,treatment,0,0.0
9453,treatment,0,0.0
9454,treatment,0,0.0
9455,treatment,1,65.48
9456,treatment,0,0.0
9457,treatment,0,0.0
9458,treatment,0,0.0
9459,treatment,1,19.51
9460,treatment,0,0.0
9461,treatment,0,0.0
9462,treatment,1,58.37
9463,treatment,0,0.0
9464,treatment,0,0.0
9465,treatment,0,0.0
9466,treatment,0,0.0
9467,treatment,0,0.0
9468,treatment,1,55.07
9469,treatment,0,0.0
9470,treatment,0,0.0
9471,treatment,1,29.22
9472,treatment,0,0.0
9473,treatment,0,0.0
9474,treatment,0,0.0
9475,treatment,0,0.0
9476,treatment,1,84.92
9477,treatment,0,0.0
9478,treatment,0,0.0
9479,treatment,0,0.0
9480,treatment,0,0.0
9481,treatment,0,0.0
9482,treatment,0,0.0
9483,treatment,0,0.0
9484,treatment,0,0.0
9485,treatment,0,0.0
9486,treatment,0,0.0
9487,treatment,0,0.0
9488,treatment,1,65.54
9489,treatment,0,0.0
9490,treatment,0,0.0
9491,treatment,0,0.0
9492,treatment,0,0.0
9493,treatment,0,0.0
9494,treatment,0,0.0
9495,treatment,0,0.0
9496,treatment,0,0.0
9497,treatment,0,0.0
9498,treatment,0,0.0
9499,treatment,0,0.0
9500,treatment,0,0.0
9501,treatment,0,0.0
9502,treatment,0,0.0
9503,treatment,1,21.66
9504,treatment,0,0.0
9505,treatment,0,0.0
9506,treatment,0,0.0
9507,treatment,0,0.0
9508,treatment,0,0.0
9509,treatment,0,0.0
9510,treatment,0,0.0
9511,treatment,0,0.0
9512,treatment,1,114.45
9513,treatment,0,0.0
9514,treatment,0,0.0
9515,treatment,0,0.0
9516,treatment,1,33.95
9517,treatment,0,0.0
9518,treatment,0,0.0
9519,treatment,0,0.0
9520,treatment,1,54.9
9521,treatment,0,0.0
9522,treatment,0,0.0
9523,treatment,0,0.0
9524,treatment,0,0.0
9525,treatment,0,0.0
9526,treatment,0,0.0
9527,treatment,0,0.0
9528,treatment,0,0.0
9529,treatment,0,0.0
9530,treatment,0,0.0
9531,treatment,0,0.0
9532,treatment,0,0.0
9533,treatment,0,0.0
9534,treatment,0,0.0
9535,treatment,0,0.0
9536,treatment,0,0.0
9537,treatment,0,0.0
9538,treatment,0,0.0
9539,treatment,0,0.0
9540,treatment,0,0.0
9541,treatment,1,32.64
9542,treatment,0,0.0
9543,treatment,0,0.0
9544,treatment,0,0.0
9545,treatment,0,0.0
9546,treatment,0,0.0
9547,treatment,0,0.0
9548,treatment,0,0.0
9549,treatment,0,0.0
9550,treatment,1,97.21
9551,treatment,0,0.0
9552,treatment,0,0.0
9553,treatment,0,0.0
9554,treatment,0,0.0
9555,treatment,0,0.0
9556,treatment,1,85.06
9557,treatment,0,0.0
9558,treatment,0,0.0
9559,treatment,0,0.0
9560,treatment,0,0.0
9561,treatment,0,0.0
9562,treatment,0,0.0
9563,treatment,0,0.0
9564,treatment,0,0.0
9565,treatment,0,0.0
9566,treatment,0,0.0
9567,treatment,0,0.0
9568,treatment,0,0.0
9569,treatment,0,0.0
9570,treatment,0,0.0
9571,treatment,0,0.0
9572,treatment,0,0.0
9573,treatment,0,0.0
9574,treatment,0,0.0
9575,treatment,0,0.0
9576,treatment,0,0.0
9577,treatment,0,0.0
9578,treatment,1,77.63
9579,treatment,0,0.0
9580,treatment,0,0.0
9581,treatment,0,0.0
9582,treatment,0,0.0
9583,treatment,1,71.15
9584,treatment,0,0.0
9585,treatment,1,84.32
9586,treatment,0,0.0
9587,treatment,0,0.0
9588,treatment,0,0.0
9589,treatment,0,0.0
9590,treatment,0,0.0
9591,treatment,0,0.0
9592,treatment,0,0.0
9593,treatment,0,0.0
9594,treatment,0,0.0
9595,treatment,0,0.0
9596,treatment,0,0.0
9597,treatment,0,0.0
9598,treatment,0,0.0
9599,treatment,0,0.0
9600,treatment,0,0.0
9601,treatment,0,0.0
9602,treatment,0,0.0
9603,treatment,0,0.0
9604,treatment,0,0.0
9605,treatment,0,0.0
9606,treatment,0,0.0
9607,treatment,0,0.0
9608,treatment,0,0.0
9609,treatment,0,0.0
9610,treatment,0,0.0
9611,treatment,1,111.76
9612,treatment,0,0.0
9613,treatment,0,0.0
9614,treatment,0,0.0
9615,treatment,0,0.0
9616,treatment,0,0.0
9617,treatment,0,0.0
9618,treatment,0,0.0
9619,treatment,0,0.0
9620,treatment,1,66.75
9621,treatment,0,0.0
9622,treatment,0,0.0
9623,treatment,0,0.0
9624,treatment,1,39.57
9625,treatment,0,0.0
9626,treatment,1,67.13
9627,treatment,1,75.95
9628,treatment,0,0.0
9629,treatment,1,38.49
9630,treatment,0,0.0
9631,treatment,0,0.0
9632,treatment,0,0.0
9633,treatment,0,0.0
9634,treatment,0,0.0
9635,treatment,0,0.0
9636,treatment,0,0.0
9637,treatment,0,0.0
9638,treatment,0,0.0
9639,treatment,0,0.0
9640,treatment,1,34.98
9641,treatment,0,0.0
9642,treatment,0,0.0
9643,treatment,0,0.0
9644,treatment,0,0.0
9645,treatment,0,0.0
9646,treatment,0,0.0
9647,treatment,1,59.52
9648,treatment,0,0.0
9649,treatment,1,41.24
9650,treatment,1,48.93
9651,treatment,1,16.62
9652,treatment,0,0.0
9653,treatment,0,0.0
9654,treatment,0,0.0
9655,treatment,0,0.0
9656,treatment,0,0.0
9657,treatment,0,0.0
9658,treatment,0,0.0
9659,treatment,1,33.33
9660,treatment,0,0.0
9661,treatment,0,0.0
9662,treatment,1,18.28
9663,treatment,0,0.0
9664,treatment,0,0.0
9665,treatment,0,0.0
9666,treatment,0,0.0
9667,treatment,0,0.0
9668,treatment,0,0.0
9669,treatment,0,0.0
9670,treatment,0,0.0
9671,treatment,0,0.0
9672,treatment,0,0.0
9673,treatment,0,0.0
9674,treatment,0,0.0
9675,treatment,0,0.0
9676,treatment,0,0.0
9677,treatment,1,72.51
9678,treatment,0,0.0
9679,treatment,0,0.0
9680,treatment,0,0.0
9681,treatment,0,0.0
9682,treatment,0,0.0
9683,treatment,0,0.0
9684,treatment,0,0.0
9685,treatment,0,0.0
9686,treatment,0,0.0
9687,treatment,1,147.83
9688,treatment,0,0.0
9689,treatment,0,0.0
9690,treatment,0,0.0
9691,treatment,0,0.0
9692,treatment,0,0.0
9693,treatment,0,0.0
9694,treatment,0,0.0
9695,treatment,0,0.0
9696,treatment,1,93.3
9697,treatment,0,0.0
9698,treatment,0,0.0
9699,treatment,0,0.0
9700,treatment,0,0.0
9701,treatment,0,0.0
9702,treatment,0,0.0
9703,treatment,0,0.0
9704,treatment,0,0.0
9705,treatment,0,0.0
9706,treatment,0,0.0
9707,treatment,0,0.0
9708,treatment,0,0.0
9709,treatment,0,0.0
9710,treatment,0,0.0
9711,treatment,0,0.0
9712,treatment,0,0.0
9713,treatment,0,0.0
9714,treatment,0,0.0
9715,treatment,0,0.0
9716,treatment,0,0.0
9717,treatment,0,0.0
9718,treatment,0,0.0
9719,treatment,0,0.0
9720,treatment,0,0.0
9721,treatment,0,0.0
9722,treatment,0,0.0
9723,treatment,0,0.0
9724,treatment,0,0.0
9725,treatment,0,0.0
9726,treatment,0,0.0
9727,treatment,1,46.48
9728,treatment,1,64.88
9729,treatment,0,0.0
9730,treatment,0,0.0
9731,treatment,0,0.0
9732,treatment,0,0.0
9733,treatment,1,63.73
9734,treatment,0,0.0
9735,treatment,0,0.0
9736,treatment,0,0.0
9737,treatment,0,0.0
9738,treatment,0,0.0
9739,treatment,0,0.0
9740,treatment,0,0.0
9741,treatment,0,0.0
9742,treatment,1,19.26
9743,treatment,0,0.0
9744,treatment,0,0.0
9745,treatment,0,0.0
9746,treatment,0,0.0
9747,treatment,0,0.0
9748,treatment,0,0.0
9749,treatment,0,0.0
9750,treatment,0,0.0
9751,treatment,0,0.0
9752,treatment,0,0.0
9753,treatment,1,42.35
9754,treatment,1,52.21
9755,treatment,0,0.0
9756,treatment,0,0.0
9757,treatment,0,0.0
9758,treatment,0,0.0
9759,treatment,0,0.0
9760,treatment,0,0.0
9761,treatment,0,0.0
9762,treatment,0,0.0
9763,treatment,0,0.0
9764,treatment,0,0.0
9765,treatment,0,0.0
9766,treatment,0,0.0
9767,treatment,0,0.0
9768,treatment,1,39.76
9769,treatment,0,0.0
9770,treatment,0,0.0
9771,treatment,0,0.0
9772,treatment,1,76.55
9773,treatment,0,0.0
9774,treatment,0,0.0
9775,treatment,0,0.0
9776,treatment,0,0.0
9777,treatment,0,0.0
9778,treatment,1,75.58
9779,treatment,0,0.0
9780,treatment,0,0.0
9781,treatment,0,0.0
9782,treatment,0,0.0
9783,treatment,0,0.0
9784,treatment,0,0.0
9785,treatment,0,0.0
9786,treatment,0,0.0
9787,treatment,0,0.0
9788,treatment,0,0.0
9789,treatment,0,0.0
9790,treatment,1,22.23
9791,treatment,0,0.0
9792,treatment,0,0.0
9793,treatment,1,26.16
9794,treatment,0,0.0
9795,treatment,0,0.0
9796,treatment,0,0.0
9797,treatment,0,0.0
9798,treatment,0,0.0
9799,treatment,1,81.31
9800,treatment,1,28.39
9801,treatment,0,0.0
9802,treatment,0,0.0
9803,treatment,0,0.0
9804,treatment,0,0.0
9805,treatment,1,86.39
9806,treatment,0,0.0
9807,treatment,0,0.0
9808,treatment,0,0.0
9809,treatment,0,0.0
9810,treatment,0,0.0
9811,treatment,0,0.0
9812,treatment,0,0.0
9813,treatment,0,0.0
9814,treatment,0,0.0
9815,treatment,1,32.63
9816,treatment,1,44.18
9817,treatment,0,0.0
9818,treatment,0,0.0
9819,treatment,0,0.0
9820,treatment,0,0.0
9821,treatment,0,0.0
9822,treatment,0,0.0
9823,treatment,0,0.0
9824,treatment,0,0.0
9825,treatment,1,142.36
9826,treatment,0,0.0
9827,treatment,0,0.0
9828,treatment,0,0.0
9829,treatment,0,0.0
9830,treatment,0,0.0
9831,treatment,1,45.2
9832,treatment,0,0.0
9833,treatment,0,0.0
9834,treatment,0,0.0
9835,treatment,0,0.0
9836,treatment,0,0.0
9837,treatment,1,45.6
9838,treatment,0,0.0
9839,treatment,0,0.0
9840,treatment,0,0.0
9841,treatment,0,0.0
9842,treatment,0,0.0
9843,treatment,0,0.0
9844,treatment,0,0.0
9845,treatment,0,0.0
9846,treatment,1,49.48
9847,treatment,0,0.0
9848,treatment,0,0.0
9849,treatment,0,0.0
9850,treatment,1,57.03
9851,treatment,0,0.0
9852,treatment,0,0.0
9853,treatment,0,0.0
9854,treatment,1,88.1
9855,treatment,0,0.0
9856,treatment,1,71.63
9857,treatment,0,0.0
9858,treatment,0,0.0
9859,treatment,0,0.0
9860,treatment,0,0.0
9861,treatment,0,0.0
9862,treatment,0,0.0
9863,treatment,1,62.8
9864,treatment,0,0.0
9865,treatment,0,0.0
9866,treatment,0,0.0
9867,treatment,1,23.04
9868,treatment,1,45.54
9869,treatment,0,0.0
9870,treatment,0,0.0
9871,treatment,0,0.0
9872,treatment,1,41.4
9873,treatment,0,0.0
9874,treatment,0,0.0
9875,treatment,0,0.0
9876,treatment,0,0.0
9877,treatment,0,0.0
9878,treatment,0,0.0
9879,treatment,0,0.0
9880,treatment,0,0.0
9881,treatment,1,98.05
9882,treatment,0,0.0
9883,treatment,0,0.0
9884,treatment,0,0.0
9885,treatment,0,0.0
9886,treatment,0,0.0
9887,treatment,0,0.0
9888,treatment,0,0.0
9889,treatment,0,0.0
9890,treatment,0,0.0
9891,treatment,0,0.0
9892,treatment,1,55.85
9893,treatment,0,0.0
9894,treatment,1,79.75
9895,treatment,0,0.0
9896,treatment,0,0.0
9897,treatment,0,0.0
9898,treatment,0,0.0
9899,treatment,0,0.0
9900,treatment,0,0.0
9901,treatment,0,0.0
9902,treatment,0,0.0
9903,treatment,0,0.0
9904,treatment,0,0.0
9905,treatment,1,32.67
9906,treatment,0,0.0
9907,treatment,0,0.0
9908,treatment,1,132.63
9909,treatment,0,0.0
9910,treatment,0,0.0
9911,treatment,0,0.0
9912,treatment,0,0.0
9913,treatment,0,0.0
9914,treatment,0,0.0
9915,treatment,0,0.0
9916,treatment,0,0.0
9917,treatment,0,0.0
9918,treatment,0,0.0
9919,treatment,0,0.0
9920,treatment,1,26.35
9921,treatment,1,31.67
9922,treatment,0,0.0
9923,treatment,0,0.0
9924,treatment,1,36.66
9925,treatment,0,0.0
9926,treatment,0,0.0
9927,treatment,0,0.0
9928,treatment,1,74.93
9929,treatment,1,45.71
9930,treatment,1,28.79
9931,treatment,0,0.0
9932,treatment,0,0.0
9933,treatment,0,0.0
9934,treatment,0,0.0
9935,treatment,0,0.0
9936,treatment,0,0.0
9937,treatment,0,0.0
9938,treatment,0,0.0
9939,treatment,0,0.0
9940,treatment,0,0.0
9941,treatment,0,0.0
9942,treatment,0,0.0
9943,treatment,1,44.42
9944,treatment,0,0.0
9945,treatment,0,0.0
9946,treatment,0,0.0
9947,treatment,0,0.0
9948,treatment,0,0.0
9949,treatment,0,0.0
9950,treatment,0,0.0
9951,treatment,0,0.0
9952,treatment,0,0.0
9953,treatment,0,0.0
9954,treatment,0,0.0
9955,treatment,0,0.0
9956,treatment,0,0.0
9957,treatment,1,15.35
9958,treatment,0,0.0
9959,treatment,0,0.0
9960,treatment,0,0.0
9961,treatment,0,0.0
9962,treatment,0,0.0
9963,treatment,0,0.0
9964,treatment,0,0.0
9965,treatment,0,0.0
9966,treatment,0,0.0
9967,treatment,0,0.0
9968,treatment,0,0.0
9969,treatment,0,0.0
9970,treatment,0,0.0
9971,treatment,0,0.0
9972,treatment,0,0.0
9973,treatment,1,64.53
9974,treatment,0,0.0
9975,treatment,0,0.0
9976,treatment,0,0.0
9977,treatment,0,0.0
9978,treatment,0,0.0
9979,treatment,0,0.0
9980,treatment,0,0.0
9981,treatment,0,0.0
9982,treatment,0,0.0
9983,treatment,1,45.28
9984,treatment,0,0.0
9985,treatment,0,0.0
9986,treatment,1,14.91
9987,treatment,0,0.0
9988,treatment,0,0.0
9989,treatment,0,0.0
9990,treatment,0,0.0
9991,treatment,0,0.0
9992,treatment,0,0.0
9993,treatment,0,0.0
9994,treatment,0,0.0
9995,treatment,0,0.0
9996,treatment,0,0.0
9997,treatment,0,0.0
9998,treatment,0,0.0
9999,treatment,0,0.0
10000,treatment,0,0.0
10001,treatment,0,0.0
10002,treatment,0,0.0
10003,treatment,1,43.78
10004,treatment,1,83.88
10005,treatment,0,0.0
10006,treatment,1,36.33
10007,treatment,0,0.0
10008,treatment,0,0.0
10009,treatment,0,0.0
10010,treatment,0,0.0
10011,treatment,0,0.0
10012,treatment,1,54.29
10013,treatment,0,0.0
10014,treatment,0,0.0
10015,treatment,0,0.0
10016,treatment,1,107.06
10017,treatment,0,0.0
10018,treatment,0,0.0
10019,treatment,0,0.0
10020,treatment,0,0.0
10021,treatment,0,0.0
10022,treatment,1,73.39
10023,treatment,0,0.0
10024,treatment,0,0.0
10025,treatment,0,0.0
10026,treatment,0,0.0
10027,treatment,0,0.0
10028,treatment,0,0.0
10029,treatment,0,0.0
10030,treatment,0,0.0
10031,treatment,0,0.0
10032,treatment,0,0.0
10033,treatment,0,0.0
10034,treatment,0,0.0
10035,treatment,1,38.03
10036,treatment,0,0.0
10037,treatment,0,0.0
10038,treatment,1,25.08
10039,treatment,0,0.0
10040,treatment,0,0.0
10041,treatment,0,0.0
10042,treatment,0,0.0
10043,treatment,0,0.0
10044,treatment,0,0.0
10045,treatment,1,21.69
10046,treatment,0,0.0
10047,treatment,0,0.0
10048,treatment,0,0.0
10049,treatment,0,0.0
10050,treatment,0,0.0
10051,treatment,1,28.86
10052,treatment,0,0.0
10053,treatment,0,0.0
10054,treatment,0,0.0
10055,treatment,0,0.0
10056,treatment,1,20.41
10057,treatment,0,0.0
10058,treatment,0,0.0
10059,treatment,0,0.0
10060,treatment,0,0.0
10061,treatment,0,0.0
10062,treatment,0,0.0
10063,treatment,0,0.0
10064,treatment,1,35.68
10065,treatment,0,0.0
10066,treatment,0,0.0
10067,treatment,0,0.0
10068,treatment,0,0.0
10069,treatment,0,0.0
10070,treatment,0,0.0
10071,treatment,0,0.0
10072,treatment,0,0.0
10073,treatment,0,0.0
10074,treatment,0,0.0
10075,treatment,0,0.0
10076,treatment,0,0.0
10077,treatment,0,0.0
10078,treatment,0,0.0
10079,treatment,0,0.0
10080,treatment,0,0.0
10081,treatment,0,0.0
10082,treatment,0,0.0
10083,treatment,0,0.0
10084,treatment,0,0.0
10085,treatment,1,37.83
10086,treatment,0,0.0
10087,treatment,1,49.11
10088,treatment,0,0.0
10089,treatment,0,0.0
10090,treatment,0,0.0
10091,treatment,0,0.0
10092,treatment,0,0.0
10093,treatment,0,0.0
10094,treatment,0,0.0
10095,treatment,0,0.0
10096,treatment,0,0.0
10097,treatment,0,0.0
10098,treatment,0,0.0
10099,treatment,0,0.0
10100,treatment,1,20.01
10101,treatment,0,0.0
10102,treatment,1,55.9
10103,treatment,0,0.0
10104,treatment,0,0.0
10105,treatment,0,0.0
10106,treatment,0,0.0
10107,treatment,0,0.0
10108,treatment,0,0.0
10109,treatment,0,0.0
10110,treatment,0,0.0
10111,treatment,0,0.0
10112,treatment,0,0.0
10113,treatment,0,0.0
10114,treatment,0,0.0
10115,treatment,0,0.0
10116,treatment,0,0.0
10117,treatment,1,16.98
10118,treatment,0,0.0
10119,treatment,1,70.03
10120,treatment,0,0.0
10121,treatment,0,0.0
10122,treatment,0,0.0
10123,treatment,0,0.0
10124,treatment,0,0.0
10125,treatment,0,0.0
10126,treatment,0,0.0
10127,treatment,1,29.94
10128,treatment,0,0.0
10129,treatment,0,0.0
10130,treatment,0,0.0
10131,treatment,1,46.43
10132,treatment,0,0.0
10133,treatment,0,0.0
10134,treatment,0,0.0
10135,treatment,0,0.0
10136,treatment,0,0.0
10137,treatment,0,0.0
10138,treatment,0,0.0
10139,treatment,0,0.0
10140,treatment,0,0.0
10141,treatment,0,0.0
10142,treatment,0,0.0
10143,treatment,0,0.0
10144,treatment,0,0.0
10145,treatment,1,32.44
10146,treatment,0,0.0
10147,treatment,0,0.0
10148,treatment,0,0.0
10149,treatment,0,0.0
10150,treatment,0,0.0
10151,treatment,0,0.0
10152,treatment,0,0.0
10153,treatment,0,0.0
10154,treatment,0,0.0
10155,treatment,0,0.0
10156,treatment,0,0.0
10157,treatment,0,0.0
10158,treatment,0,0.0
10159,treatment,0,0.0
10160,treatment,0,0.0
10161,treatment,0,0.0
10162,treatment,0,0.0
10163,treatment,0,0.0
10164,treatment,0,0.0
10165,treatment,0,0.0
10166,treatment,0,0.0
10167,treatment,0,0.0
10168,treatment,0,0.0
10169,treatment,0,0.0
10170,treatment,0,0.0
10171,treatment,0,0.0
10172,treatment,0,0.0
10173,treatment,0,0.0
10174,treatment,0,0.0
10175,treatment,0,0.0
10176,treatment,1,179.04
10177,treatment,1,48.17
10178,treatment,0,0.0
10179,treatment,0,0.0
10180,treatment,0,0.0
10181,treatment,0,0.0
10182,treatment,0,0.0
10183,treatment,0,0.0
10184,treatment,0,0.0
10185,treatment,1,43.51
10186,treatment,0,0.0
10187,treatment,0,0.0
10188,treatment,0,0.0
10189,treatment,0,0.0
10190,treatment,0,0.0
10191,treatment,0,0.0
10192,treatment,0,0.0
10193,treatment,0,0.0
10194,treatment,0,0.0
10195,treatment,0,0.0
10196,treatment,0,0.0
10197,treatment,0,0.0
10198,treatment,0,0.0
10199,treatment,1,66.22
10200,treatment,0,0.0
10201,treatment,1,112.38
10202,treatment,0,0.0
10203,treatment,1,53.32
10204,treatment,0,0.0
10205,treatment,0,0.0
10206,treatment,0,0.0
10207,treatment,0,0.0
10208,treatment,0,0.0
10209,treatment,0,0.0
10210,treatment,0,0.0
10211,treatment,0,0.0
10212,treatment,0,0.0
10213,treatment,0,0.0
10214,treatment,0,0.0
10215,treatment,0,0.0
10216,treatment,0,0.0
10217,treatment,0,0.0
10218,treatment,0,0.0
10219,treatment,0,0.0
10220,treatment,0,0.0
10221,treatment,0,0.0
10222,treatment,0,0.0
10223,treatment,0,0.0
10224,treatment,0,0.0
10225,treatment,0,0.0
10226,treatment,1,85.9
10227,treatment,0,0.0
10228,treatment,0,0.0
10229,treatment,0,0.0
10230,treatment,0,0.0
10231,treatment,0,0.0
10232,treatment,0,0.0
10233,treatment,0,0.0
10234,treatment,0,0.0
10235,treatment,0,0.0
10236,treatment,0,0.0
10237,treatment,0,0.0
10238,treatment,0,0.0
10239,treatment,0,0.0
10240,treatment,1,89.44
10241,treatment,0,0.0
10242,treatment,0,0.0
10243,treatment,0,0.0
10244,treatment,0,0.0
10245,treatment,1,96.82
10246,treatment,0,0.0
10247,treatment,1,25.87
10248,treatment,0,0.0
10249,treatment,0,0.0
10250,treatment,0,0.0
10251,treatment,0,0.0
10252,treatment,0,0.0
10253,treatment,0,0.0
10254,treatment,1,47.87
10255,treatment,0,0.0
10256,treatment,0,0.0
10257,treatment,0,0.0
10258,treatment,0,0.0
10259,treatment,0,0.0
10260,treatment,0,0.0
10261,treatment,1,48.74
10262,treatment,0,0.0
10263,treatment,0,0.0
10264,treatment,0,0.0
10265,treatment,0,0.0
10266,treatment,0,0.0
10267,treatment,0,0.0
10268,treatment,0,0.0
10269,treatment,0,0.0
10270,treatment,1,28.22
10271,treatment,0,0.0
10272,treatment,0,0.0
10273,treatment,0,0.0
10274,treatment,0,0.0
10275,treatment,0,0.0
10276,treatment,0,0.0
10277,treatment,0,0.0
10278,treatment,0,0.0
10279,treatment,0,0.0
10280,treatment,0,0.0
10281,treatment,1,94.76
10282,treatment,0,0.0
10283,treatment,0,0.0
10284,treatment,0,0.0
10285,treatment,0,0.0
10286,treatment,0,0.0
10287,treatment,0,0.0
10288,treatment,0,0.0
10289,treatment,0,0.0
10290,treatment,0,0.0
10291,treatment,1,100.51
10292,treatment,1,39.55
10293,treatment,0,0.0
10294,treatment,0,0.0
10295,treatment,1,49.03
10296,treatment,0,0.0
10297,treatment,1,37.2
10298,treatment,0,0.0
10299,treatment,0,0.0
10300,treatment,0,0.0
10301,treatment,0,0.0
10302,treatment,0,0.0
10303,treatment,1,41.5
10304,treatment,0,0.0
10305,treatment,0,0.0
10306,treatment,0,0.0
10307,treatment,0,0.0
10308,treatment,0,0.0
10309,treatment,0,0.0
10310,treatment,0,0.0
10311,treatment,0,0.0
10312,treatment,1,102.91
10313,treatment,0,0.0
10314,treatment,0,0.0
10315,treatment,0,0.0
10316,treatment,0,0.0
10317,treatment,0,0.0
10318,treatment,0,0.0
10319,treatment,1,55.24
10320,treatment,0,0.0
10321,treatment,0,0.0
10322,treatment,0,0.0
10323,treatment,0,0.0
10324,treatment,0,0.0
10325,treatment,0,0.0
10326,treatment,0,0.0
10327,treatment,0,0.0
10328,treatment,0,0.0
10329,treatment,0,0.0
10330,treatment,0,0.0
10331,treatment,0,0.0
10332,treatment,0,0.0
10333,treatment,0,0.0
10334,treatment,0,0.0
10335,treatment,0,0.0
10336,treatment,0,0.0
10337,treatment,0,0.0
10338,treatment,0,0.0
10339,treatment,0,0.0
10340,treatment,0,0.0
10341,treatment,0,0.0
10342,treatment,0,0.0
10343,treatment,0,0.0
10344,treatment,0,0.0
10345,treatment,0,0.0
10346,treatment,0,0.0
10347,treatment,0,0.0
10348,treatment,0,0.0
10349,treatment,1,35.28
10350,treatment,1,56.55
10351,treatment,1,18.95
10352,treatment,0,0.0
10353,treatment,0,0.0
10354,treatment,0,0.0
10355,treatment,0,0.0
10356,treatment,0,0.0
10357,treatment,0,0.0
10358,treatment,1,27.13
10359,treatment,0,0.0
10360,treatment,0,0.0
10361,treatment,0,0.0
10362,treatment,0,0.0
10363,treatment,0,0.0
10364,treatment,0,0.0
10365,treatment,0,0.0
10366,treatment,0,0.0
10367,treatment,0,0.0
10368,treatment,0,0.0
10369,treatment,0,0.0
10370,treatment,0,0.0
10371,treatment,0,0.0
10372,treatment,1,24.22
10373,treatment,0,0.0
10374,treatment,0,0.0
10375,treatment,0,0.0
10376,treatment,0,0.0
10377,treatment,0,0.0
10378,treatment,0,0.0
10379,treatment,0,0.0
10380,treatment,0,0.0
10381,treatment,1,44.22
10382,treatment,1,38.56
10383,treatment,0,0.0
10384,treatment,0,0.0
10385,treatment,0,0.0
10386,treatment,0,0.0
10387,treatment,1,77.14
10388,treatment,1,63.29
10389,treatment,0,0.0
10390,treatment,1,63.34
10391,treatment,0,0.0
10392,treatment,0,0.0
10393,treatment,0,0.0
10394,treatment,0,0.0
10395,treatment,0,0.0
10396,treatment,1,64.53
10397,treatment,1,43.69
10398,treatment,0,0.0
10399,treatment,0,0.0
10400,treatment,0,0.0
10401,treatment,0,0.0
10402,treatment,0,0.0
10403,treatment,0,0.0
10404,treatment,0,0.0
10405,treatment,0,0.0
10406,treatment,1,94.48
10407,treatment,0,0.0
10408,treatment,0,0.0
10409,treatment,0,0.0
10410,treatment,0,0.0
10411,treatment,1,33.35
10412,treatment,0,0.0
10413,treatment,0,0.0
10414,treatment,0,0.0
10415,treatment,0,0.0
10416,treatment,0,0.0
10417,treatment,0,0.0
10418,treatment,0,0.0
10419,treatment,0,0.0
10420,treatment,1,26.7
10421,treatment,1,60.47
10422,treatment,0,0.0
10423,treatment,0,0.0
10424,treatment,0,0.0
10425,treatment,0,0.0
10426,treatment,1,30.76
10427,treatment,0,0.0
10428,treatment,0,0.0
10429,treatment,0,0.0
10430,treatment,0,0.0
10431,treatment,1,55.19
10432,treatment,0,0.0
10433,treatment,0,0.0
10434,treatment,0,0.0
10435,treatment,0,0.0
10436,treatment,0,0.0
10437,treatment,0,0.0
10438,treatment,0,0.0
10439,treatment,0,0.0
10440,treatment,0,0.0
10441,treatment,0,0.0
10442,treatment,0,0.0
10443,treatment,0,0.0
10444,treatment,0,0.0
10445,treatment,0,0.0
10446,treatment,0,0.0
10447,treatment,0,0.0
10448,treatment,0,0.0
10449,treatment,0,0.0
10450,treatment,0,0.0
10451,treatment,1,26.45
10452,treatment,0,0.0
10453,treatment,0,0.0
10454,treatment,0,0.0
10455,treatment,0,0.0
10456,treatment,0,0.0
10457,treatment,0,0.0
10458,treatment,0,0.0
10459,treatment,0,0.0
10460,treatment,0,0.0
10461,treatment,0,0.0
10462,treatment,0,0.0
10463,treatment,0,0.0
10464,treatment,0,0.0
10465,treatment,0,0.0
10466,treatment,0,0.0
10467,treatment,0,0.0
10468,treatment,0,0.0
10469,treatment,1,37.76
10470,treatment,0,0.0
10471,treatment,0,0.0
10472,treatment,1,61.81
10473,treatment,0,0.0
10474,treatment,0,0.0
10475,treatment,0,0.0
10476,treatment,0,0.0
10477,treatment,0,0.0
10478,treatment,0,0.0
10479,treatment,0,0.0
10480,treatment,0,0.0
10481,treatment,0,0.0
10482,treatment,0,0.0
10483,treatment,1,47.17
10484,treatment,0,0.0
10485,treatment,0,0.0
10486,treatment,0,0.0
10487,treatment,1,59.7
10488,treatment,0,0.0
10489,treatment,0,0.0
10490,treatment,0,0.0
10491,treatment,0,0.0
10492,treatment,0,0.0
10493,treatment,0,0.0
10494,treatment,0,0.0
10495,treatment,0,0.0
10496,treatment,0,0.0
10497,treatment,0,0.0
10498,treatment,0,0.0
10499,treatment,0,0.0
10500,treatment,0,0.0
10501,treatment,0,0.0
10502,treatment,0,0.0
10503,treatment,0,0.0
10504,treatment,0,0.0
10505,treatment,0,0.0
10506,treatment,0,0.0
10507,treatment,0,0.0
10508,treatment,0,0.0
10509,treatment,0,0.0
10510,treatment,0,0.0
10511,treatment,0,0.0
10512,treatment,0,0.0
10513,treatment,0,0.0
10514,treatment,0,0.0
10515,treatment,0,0.0
10516,treatment,0,0.0
10517,treatment,0,0.0
10518,treatment,0,0.0
10519,treatment,0,0.0
10520,treatment,0,0.0
10521,treatment,0,0.0
10522,treatment,0,0.0
10523,treatment,0,0.0
10524,treatment,0,0.0
10525,treatment,0,0.0
10526,treatment,0,0.0
10527,treatment,0,0.0
10528,treatment,0,0.0
10529,treatment,0,0.0
10530,treatment,0,0.0
10531,treatment,0,0.0
10532,treatment,0,0.0
10533,treatment,0,0.0
10534,treatment,0,0.0
10535,treatment,1,78.98
10536,treatment,1,29.25
10537,treatment,0,0.0
10538,treatment,0,0.0
10539,treatment,0,0.0
10540,treatment,0,0.0
10541,treatment,0,0.0
10542,treatment,0,0.0
10543,treatment,0,0.0
10544,treatment,1,38.41
10545,treatment,0,0.0
10546,treatment,0,0.0
10547,treatment,0,0.0
10548,treatment,0,0.0
10549,treatment,0,0.0
10550,treatment,0,0.0
10551,treatment,0,0.0
10552,treatment,0,0.0
10553,treatment,1,36.48
10554,treatment,0,0.0
10555,treatment,0,0.0
10556,treatment,0,0.0
10557,treatment,0,0.0
10558,treatment,0,0.0
10559,treatment,0,0.0
10560,treatment,0,0.0
10561,treatment,0,0.0
10562,treatment,0,0.0
10563,treatment,0,0.0
10564,treatment,0,0.0
10565,treatment,0,0.0
10566,treatment,1,44.58
10567,treatment,0,0.0
10568,treatment,0,0.0
10569,treatment,0,0.0
10570,treatment,0,0.0
10571,treatment,0,0.0
10572,treatment,0,0.0
10573,treatment,0,0.0
10574,treatment,0,0.0
10575,treatment,0,0.0
10576,treatment,0,0.0
10577,treatment,0,0.0
10578,treatment,0,0.0
10579,treatment,0,0.0
10580,treatment,0,0.0
10581,treatment,0,0.0
10582,treatment,0,0.0
10583,treatment,1,58.3
10584,treatment,0,0.0
10585,treatment,0,0.0
10586,treatment,0,0.0
10587,treatment,0,0.0
10588,treatment,0,0.0
10589,treatment,0,0.0
10590,treatment,0,0.0
10591,treatment,0,0.0
10592,treatment,1,118.73
10593,treatment,1,80.62
10594,treatment,0,0.0
10595,treatment,0,0.0
10596,treatment,0,0.0
10597,treatment,0,0.0
10598,treatment,0,0.0
10599,treatment,0,0.0
10600,treatment,0,0.0
10601,treatment,0,0.0
10602,treatment,0,0.0
10603,treatment,1,108.36
10604,treatment,1,106.26
10605,treatment,0,0.0
10606,treatment,0,0.0
10607,treatment,0,0.0
10608,treatment,0,0.0
10609,treatment,1,58.07
10610,treatment,0,0.0
10611,treatment,0,0.0
10612,treatment,0,0.0
10613,treatment,0,0.0
10614,treatment,0,0.0
10615,treatment,0,0.0
10616,treatment,0,0.0
10617,treatment,0,0.0
10618,treatment,0,0.0
10619,treatment,0,0.0
10620,treatment,0,0.0
10621,treatment,1,99.5
10622,treatment,0,0.0
10623,treatment,0,0.0
10624,treatment,0,0.0
10625,treatment,0,0.0
10626,treatment,1,51.72
10627,treatment,0,0.0
10628,treatment,0,0.0
10629,treatment,0,0.0
10630,treatment,0,0.0
10631,treatment,0,0.0
10632,treatment,0,0.0
10633,treatment,0,0.0
10634,treatment,0,0.0
10635,treatment,0,0.0
10636,treatment,0,0.0
10637,treatment,0,0.0
10638,treatment,0,0.0
10639,treatment,1,64.37
10640,treatment,0,0.0
10641,treatment,0,0.0
10642,treatment,0,0.0
10643,treatment,0,0.0
10644,treatment,0,0.0
10645,treatment,0,0.0
10646,treatment,0,0.0
10647,treatment,0,0.0
10648,treatment,0,0.0
10649,treatment,0,0.0
10650,treatment,0,0.0
10651,treatment,0,0.0
10652,treatment,0,0.0
10653,treatment,0,0.0
10654,treatment,1,61.16
10655,treatment,0,0.0
10656,treatment,0,0.0
10657,treatment,0,0.0
10658,treatment,0,0.0
10659,treatment,0,0.0
10660,treatment,0,0.0
10661,treatment,0,0.0
10662,treatment,0,0.0
10663,treatment,0,0.0
10664,treatment,0,0.0
10665,treatment,0,0.0
10666,treatment,0,0.0
10667,treatment,0,0.0
10668,treatment,1,70.25
10669,treatment,0,0.0
10670,treatment,1,15.23
10671,treatment,0,0.0
10672,treatment,0,0.0
10673,treatment,0,0.0
10674,treatment,0,0.0
10675,treatment,0,0.0
10676,treatment,0,0.0
10677,treatment,0,0.0
10678,treatment,0,0.0
10679,treatment,0,0.0
10680,treatment,0,0.0
10681,treatment,0,0.0
10682,treatment,0,0.0
10683,treatment,0,0.0
10684,treatment,0,0.0
10685,treatment,0,0.0
10686,treatment,0,0.0
10687,treatment,0,0.0
10688,treatment,0,0.0
10689,treatment,0,0.0
10690,treatment,0,0.0
10691,treatment,0,0.0
10692,treatment,0,0.0
10693,treatment,0,0.0
10694,treatment,0,0.0
10695,treatment,0,0.0
10696,treatment,0,0.0
10697,treatment,0,0.0
10698,treatment,0,0.0
10699,treatment,0,0.0
10700,treatment,0,0.0
10701,treatment,0,0.0
10702,treatment,0,0.0
10703,treatment,0,0.0
10704,treatment,0,0.0
10705,treatment,0,0.0
10706,treatment,0,0.0
10707,treatment,0,0.0
10708,treatment,0,0.0
10709,treatment,0,0.0
10710,treatment,0,0.0
10711,treatment,0,0.0
10712,treatment,1,50.67
10713,treatment,0,0.0
10714,treatment,0,0.0
10715,treatment,0,0.0
10716,treatment,0,0.0
10717,treatment,0,0.0
10718,treatment,0,0.0
10719,treatment,0,0.0
10720,treatment,0,0.0
10721,treatment,0,0.0
10722,treatment,0,0.0
10723,treatment,0,0.0
10724,treatment,0,0.0
10725,treatment,0,0.0
10726,treatment,1,58.64
10727,treatment,0,0.0
10728,treatment,0,0.0
10729,treatment,0,0.0
10730,treatment,0,0.0
10731,treatment,0,0.0
10732,treatment,0,0.0
10733,treatment,0,0.0
10734,treatment,0,0.0
10735,treatment,1,64.32
10736,treatment,0,0.0
10737,treatment,0,0.0
10738,treatment,0,0.0
10739,treatment,0,0.0
10740,treatment,0,0.0
10741,treatment,0,0.0
10742,treatment,0,0.0
10743,treatment,0,0.0
10744,treatment,0,0.0
10745,treatment,0,0.0
10746,treatment,0,0.0
10747,treatment,0,0.0
10748,treatment,0,0.0
10749,treatment,0,0.0
10750,treatment,0,0.0
10751,treatment,1,111.16
10752,treatment,0,0.0
10753,treatment,0,0.0
10754,treatment,0,0.0
10755,treatment,0,0.0
10756,treatment,0,0.0
10757,treatment,0,0.0
10758,treatment,0,0.0
10759,treatment,0,0.0
10760,treatment,0,0.0
10761,treatment,0,0.0
10762,treatment,0,0.0
10763,treatment,0,0.0
10764,treatment,0,0.0
10765,treatment,0,0.0
10766,treatment,0,0.0
10767,treatment,0,0.0
10768,treatment,1,15.9
10769,treatment,0,0.0
10770,treatment,0,0.0
10771,treatment,0,0.0
10772,treatment,0,0.0
10773,treatment,0,0.0
10774,treatment,0,0.0
10775,treatment,0,0.0
10776,treatment,0,0.0
10777,treatment,0,0.0
10778,treatment,0,0.0
10779,treatment,0,0.0
10780,treatment,0,0.0
10781,treatment,0,0.0
10782,treatment,0,0.0
10783,treatment,1,59.71
10784,treatment,0,0.0
10785,treatment,1,29.95
10786,treatment,0,0.0
10787,treatment,0,0.0
10788,treatment,0,0.0
10789,treatment,0,0.0
10790,treatment,1,41.58
10791,treatment,0,0.0
10792,treatment,1,107.87
10793,treatment,0,0.0
10794,treatment,1,24.14
10795,treatment,0,0.0
10796,treatment,0,0.0
10797,treatment,0,0.0
10798,treatment,0,0.0
10799,treatment,0,0.0
10800,treatment,0,0.0
10801,treatment,0,0.0
10802,treatment,0,0.0
10803,treatment,0,0.0
10804,treatment,0,0.0
10805,treatment,0,0.0
10806,treatment,1,40.77
10807,treatment,0,0.0
10808,treatment,0,0.0
10809,treatment,1,43.6
10810,treatment,0,0.0
10811,treatment,0,0.0
10812,treatment,0,0.0
10813,treatment,0,0.0
10814,treatment,0,0.0
10815,treatment,0,0.0
10816,treatment,0,0.0
10817,treatment,0,0.0
10818,treatment,0,0.0
10819,treatment,0,0.0
10820,treatment,1,28.71
10821,treatment,0,0.0
10822,treatment,0,0.0
10823,treatment,0,0.0
10824,treatment,0,0.0
10825,treatment,0,0.0
10826,treatment,0,0.0
10827,treatment,0,0.0
10828,treatment,0,0.0
10829,treatment,0,0.0
10830,treatment,1,61.97
10831,treatment,0,0.0
10832,treatment,0,0.0
10833,treatment,0,0.0
10834,treatment,0,0.0
10835,treatment,0,0.0
10836,treatment,0,0.0
10837,treatment,0,0.0
10838,treatment,0,0.0
10839,treatment,0,0.0
10840,treatment,0,0.0
10841,treatment,0,0.0
10842,treatment,0,0.0
10843,treatment,0,0.0
10844,treatment,1,49.36
10845,treatment,0,0.0
10846,treatment,0,0.0
10847,treatment,0,0.0
10848,treatment,0,0.0
10849,treatment,0,0.0
10850,treatment,0,0.0
10851,treatment,0,0.0
10852,treatment,0,0.0
10853,treatment,0,0.0
10854,treatment,0,0.0
10855,treatment,0,0.0
10856,treatment,0,0.0
10857,treatment,0,0.0
10858,treatment,0,0.0
10859,treatment,0,0.0
10860,treatment,0,0.0
10861,treatment,0,0.0
10862,treatment,0,0.0
10863,treatment,0,0.0
10864,treatment,0,0.0
10865,treatment,0,0.0
10866,treatment,0,0.0
10867,treatment,0,0.0
10868,treatment,0,0.0
10869,treatment,0,0.0
10870,treatment,0,0.0
10871,treatment,0,0.0
10872,treatment,0,0.0
10873,treatment,0,0.0
10874,treatment,0,0.0
10875,treatment,1,74.32
10876,treatment,0,0.0
10877,treatment,0,0.0
10878,treatment,0,0.0
10879,treatment,0,0.0
10880,treatment,0,0.0
10881,treatment,0,0.0
10882,treatment,0,0.0
10883,treatment,1,96.94
10884,treatment,0,0.0
10885,treatment,0,0.0
10886,treatment,0,0.0
10887,treatment,0,0.0
10888,treatment,0,0.0
10889,treatment,0,0.0
10890,treatment,0,0.0
10891,treatment,0,0.0
10892,treatment,0,0.0
10893,treatment,0,0.0
10894,treatment,0,0.0
10895,treatment,0,0.0
10896,treatment,0,0.0
10897,treatment,0,0.0
10898,treatment,0,0.0
10899,treatment,0,0.0
10900,treatment,0,0.0
10901,treatment,0,0.0
10902,treatment,0,0.0
10903,treatment,0,0.0
10904,treatment,0,0.0
10905,treatment,0,0.0
10906,treatment,0,0.0
10907,treatment,0,0.0
10908,treatment,0,0.0
10909,treatment,0,0.0
10910,treatment,1,38.24
10911,treatment,0,0.0
10912,treatment,0,0.0
10913,treatment,1,107.84
10914,treatment,1,32.05
10915,treatment,0,0.0
10916,treatment,0,0.0
10917,treatment,0,0.0
10918,treatment,0,0.0
10919,treatment,0,0.0
10920,treatment,0,0.0
10921,treatment,0,0.0
10922,treatment,0,0.0
10923,treatment,0,0.0
10924,treatment,0,0.0
10925,treatment,0,0.0
10926,treatment,0,0.0
10927,treatment,1,37.88
10928,treatment,0,0.0
10929,treatment,0,0.0
10930,treatment,0,0.0
10931,treatment,0,0.0
10932,treatment,0,0.0
10933,treatment,0,0.0
10934,treatment,1,76.39
10935,treatment,0,0.0
10936,treatment,0,0.0
10937,treatment,1,26.78
10938,treatment,0,0.0
10939,treatment,0,0.0
10940,treatment,0,0.0
10941,treatment,1,100.1
10942,treatment,0,0.0
10943,treatment,0,0.0
10944,treatment,1,49.76
10945,treatment,0,0.0
10946,treatment,1,45.41
10947,treatment,0,0.0
10948,treatment,0,0.0
10949,treatment,0,0.0
10950,treatment,0,0.0
10951,treatment,0,0.0
10952,treatment,0,0.0
10953,treatment,0,0.0
10954,treatment,1,28.92
10955,treatment,0,0.0
10956,treatment,0,0.0
10957,treatment,0,0.0
10958,treatment,0,0.0
10959,treatment,0,0.0
10960,treatment,0,0.0
10961,treatment,1,126.57
10962,treatment,0,0.0
10963,treatment,0,0.0
10964,treatment,0,0.0
10965,treatment,0,0.0
10966,treatment,0,0.0
10967,treatment,0,0.0
10968,treatment,0,0.0
10969,treatment,0,0.0
10970,treatment,0,0.0
10971,treatment,1,26.04
10972,treatment,0,0.0
10973,treatment,0,0.0
10974,treatment,0,0.0
10975,treatment,1,71.15
10976,treatment,0,0.0
10977,treatment,0,0.0
10978,treatment,0,0.0
10979,treatment,1,25.23
10980,treatment,0,0.0
10981,treatment,0,0.0
10982,treatment,0,0.0
10983,treatment,1,65.13
10984,treatment,1,135.33
10985,treatment,0,0.0
10986,treatment,1,60.65
10987,treatment,1,46.64
10988,treatment,0,0.0
10989,treatment,1,52.11
10990,treatment,0,0.0
10991,treatment,0,0.0
10992,treatment,0,0.0
10993,treatment,0,0.0
10994,treatment,0,0.0
10995,treatment,0,0.0
10996,treatment,0,0.0
10997,treatment,0,0.0
10998,treatment,0,0.0
10999,treatment,0,0.0
11000,treatment,0,0.0
11001,treatment,0,0.0
11002,treatment,0,0.0
11003,treatment,1,75.62
11004,treatment,0,0.0
11005,treatment,0,0.0
11006,treatment,0,0.0
11007,treatment,0,0.0
11008,treatment,0,0.0
11009,treatment,1,81.58
11010,treatment,1,51.59
11011,treatment,1,125.63
11012,treatment,0,0.0
11013,treatment,0,0.0
11014,treatment,0,0.0
11015,treatment,0,0.0
11016,treatment,0,0.0
11017,treatment,0,0.0
11018,treatment,0,0.0
11019,treatment,0,0.0
11020,treatment,0,0.0
11021,treatment,0,0.0
11022,treatment,0,0.0
11023,treatment,0,0.0
11024,treatment,0,0.0
11025,treatment,0,0.0
11026,treatment,0,0.0
11027,treatment,0,0.0
11028,treatment,0,0.0
11029,treatment,0,0.0
11030,treatment,0,0.0
11031,treatment,0,0.0
11032,treatment,0,0.0
11033,treatment,0,0.0
11034,treatment,1,46.56
11035,treatment,0,0.0
11036,treatment,0,0.0
11037,treatment,0,0.0
11038,treatment,0,0.0
11039,treatment,0,0.0
11040,treatment,0,0.0
11041,treatment,0,0.0
11042,treatment,0,0.0
11043,treatment,0,0.0
11044,treatment,1,19.36
11045,treatment,0,0.0
11046,treatment,0,0.0
11047,treatment,1,32.39
11048,treatment,1,97.93
11049,treatment,0,0.0
11050,treatment,0,0.0
11051,treatment,0,0.0
11052,treatment,0,0.0
11053,treatment,1,37.53
11054,treatment,0,0.0
11055,treatment,0,0.0
11056,treatment,0,0.0
11057,treatment,0,0.0
11058,treatment,0,0.0
11059,treatment,0,0.0
11060,treatment,0,0.0
11061,treatment,0,0.0
11062,treatment,0,0.0
11063,treatment,0,0.0
11064,treatment,0,0.0
11065,treatment,0,0.0
11066,treatment,0,0.0
11067,treatment,0,0.0
11068,treatment,0,0.0
11069,treatment,0,0.0
11070,treatment,0,0.0
11071,treatment,0,0.0
11072,treatment,0,0.0
11073,treatment,0,0.0
11074,treatment,0,0.0
11075,treatment,0,0.0
11076,treatment,0,0.0
11077,treatment,0,0.0
11078,treatment,0,0.0
11079,treatment,0,0.0
11080,treatment,0,0.0
11081,treatment,1,109.39
11082,treatment,0,0.0
11083,treatment,0,0.0
11084,treatment,0,0.0
11085,treatment,0,0.0
11086,treatment,0,0.0
11087,treatment,0,0.0
11088,treatment,0,0.0
11089,treatment,0,0.0
11090,treatment,0,0.0
11091,treatment,0,0.0
11092,treatment,0,0.0
11093,treatment,0,0.0
11094,treatment,0,0.0
11095,treatment,0,0.0
11096,treatment,0,0.0
11097,treatment,0,0.0
11098,treatment,0,0.0
11099,treatment,1,46.67
11100,treatment,0,0.0
11101,treatment,1,57.35
11102,treatment,1,105.2
11103,treatment,0,0.0
11104,treatment,1,38.37
11105,treatment,0,0.0
11106,treatment,0,0.0
11107,treatment,0,0.0
11108,treatment,0,0.0
11109,treatment,0,0.0
11110,treatment,0,0.0
11111,treatment,0,0.0
11112,treatment,0,0.0
11113,treatment,0,0.0
11114,treatment,0,0.0
11115,treatment,0,0.0
11116,treatment,0,0.0
11117,treatment,0,0.0
11118,treatment,0,0.0
11119,treatment,0,0.0
11120,treatment,0,0.0
11121,treatment,0,0.0
11122,treatment,0,0.0
11123,treatment,0,0.0
11124,treatment,0,0.0
11125,treatment,0,0.0
11126,treatment,0,0.0
11127,treatment,0,0.0
11128,treatment,1,30.18
11129,treatment,1,27.33
11130,treatment,0,0.0
11131,treatment,1,56.22
11132,treatment,0,0.0
11133,treatment,0,0.0
11134,treatment,0,0.0
11135,treatment,0,0.0
11136,treatment,0,0.0
11137,treatment,0,0.0
11138,treatment,0,0.0
11139,treatment,1,64.01
11140,treatment,0,0.0
11141,treatment,0,0.0
11142,treatment,0,0.0
11143,treatment,0,0.0
11144,treatment,0,0.0
11145,treatment,0,0.0
11146,treatment,0,0.0
11147,treatment,0,0.0
11148,treatment,0,0.0
11149,treatment,1,9.99
11150,treatment,0,0.0
11151,treatment,0,0.0
11152,treatment,0,0.0
11153,treatment,0,0.0
11154,treatment,1,76.07
11155,treatment,0,0.0
11156,treatment,0,0.0
11157,treatment,0,0.0
11158,treatment,0,0.0
11159,treatment,0,0.0
11160,treatment,1,28.17
11161,treatment,0,0.0
11162,treatment,0,0.0
11163,treatment,0,0.0
11164,treatment,0,0.0
11165,treatment,0,0.0
11166,treatment,0,0.0
11167,treatment,0,0.0
11168,treatment,0,0.0
11169,treatment,0,0.0
11170,treatment,0,0.0
11171,treatment,0,0.0
11172,treatment,0,0.0
11173,treatment,1,35.97
11174,treatment,0,0.0
11175,treatment,0,0.0
11176,treatment,0,0.0
11177,treatment,0,0.0
11178,treatment,0,0.0
11179,treatment,0,0.0
11180,treatment,0,0.0
11181,treatment,0,0.0
11182,treatment,0,0.0
11183,treatment,0,0.0
11184,treatment,0,0.0
11185,treatment,0,0.0
11186,treatment,0,0.0
11187,treatment,0,0.0
11188,treatment,0,0.0
11189,treatment,0,0.0
11190,treatment,0,0.0
11191,treatment,0,0.0
11192,treatment,0,0.0
11193,treatment,1,50.67
11194,treatment,0,0.0
11195,treatment,1,43.84
11196,treatment,0,0.0
11197,treatment,0,0.0
11198,treatment,0,0.0
11199,treatment,0,0.0
11200,treatment,0,0.0
11201,treatment,1,37.57
11202,treatment,0,0.0
11203,treatment,0,0.0
11204,treatment,0,0.0
11205,treatment,0,0.0
11206,treatment,0,0.0
11207,treatment,0,0.0
11208,treatment,1,100.12
11209,treatment,0,0.0
11210,treatment,0,0.0
11211,treatment,1,25.08
11212,treatment,0,0.0
11213,treatment,1,85.93
11214,treatment,1,50.17
11215,treatment,0,0.0
11216,treatment,0,0.0
11217,treatment,0,0.0
11218,treatment,0,0.0
11219,treatment,0,0.0
11220,treatment,0,0.0
11221,treatment,1,73.89
11222,treatment,1,147.01
11223,treatment,0,0.0
11224,treatment,0,0.0
11225,treatment,0,0.0
11226,treatment,0,0.0
11227,treatment,0,0.0
11228,treatment,0,0.0
11229,treatment,0,0.0
11230,treatment,0,0.0
11231,treatment,0,0.0
11232,treatment,0,0.0
11233,treatment,1,117.82
11234,treatment,0,0.0
11235,treatment,0,0.0
11236,treatment,0,0.0
11237,treatment,0,0.0
11238,treatment,0,0.0
11239,treatment,0,0.0
11240,treatment,0,0.0
11241,treatment,1,28.37
11242,treatment,0,0.0
11243,treatment,0,0.0
11244,treatment,0,0.0
11245,treatment,0,0.0
11246,treatment,0,0.0
11247,treatment,0,0.0
11248,treatment,0,0.0
11249,treatment,0,0.0
11250,treatment,0,0.0
11251,treatment,1,55.04
11252,treatment,0,0.0
11253,treatment,0,0.0
11254,treatment,0,0.0
11255,treatment,0,0.0
11256,treatment,0,0.0
11257,treatment,0,0.0
11258,treatment,0,0.0
11259,treatment,1,75.93
11260,treatment,0,0.0
11261,treatment,0,0.0
11262,treatment,0,0.0
11263,treatment,0,0.0
11264,treatment,0,0.0
11265,treatment,0,0.0
11266,treatment,0,0.0
11267,treatment,0,0.0
11268,treatment,1,32.63
11269,treatment,0,0.0
11270,treatment,0,0.0
11271,treatment,0,0.0
11272,treatment,0,0.0
11273,treatment,1,41.51
11274,treatment,0,0.0
11275,treatment,0,0.0
11276,treatment,1,103.93
11277,treatment,0,0.0
11278,treatment,0,0.0
11279,treatment,0,0.0
11280,treatment,1,25.67
11281,treatment,0,0.0
11282,treatment,0,0.0
11283,treatment,1,90.54
11284,treatment,0,0.0
11285,treatment,0,0.0
11286,treatment,0,0.0
11287,treatment,0,0.0
11288,treatment,0,0.0
11289,treatment,0,0.0
11290,treatment,0,0.0
11291,treatment,0,0.0
11292,treatment,0,0.0
11293,treatment,0,0.0
11294,treatment,0,0.0
11295,treatment,0,0.0
11296,treatment,0,0.0
11297,treatment,0,0.0
11298,treatment,0,0.0
11299,treatment,0,0.0
11300,treatment,0,0.0
11301,treatment,0,0.0
11302,treatment,0,0.0
11303,treatment,1,56.21
11304,treatment,0,0.0
11305,treatment,0,0.0
11306,treatment,0,0.0
11307,treatment,0,0.0
11308,treatment,0,0.0
11309,treatment,0,0.0
11310,treatment,0,0.0
11311,treatment,0,0.0
11312,treatment,0,0.0
11313,treatment,0,0.0
11314,treatment,0,0.0
11315,treatment,0,0.0
11316,treatment,0,0.0
11317,treatment,0,0.0
11318,treatment,0,0.0
11319,treatment,0,0.0
11320,treatment,0,0.0
11321,treatment,0,0.0
11322,treatment,0,0.0
11323,treatment,0,0.0
11324,treatment,0,0.0
11325,treatment,0,0.0
11326,treatment,0,0.0
11327,treatment,0,0.0
11328,treatment,0,0.0
11329,treatment,0,0.0
11330,treatment,0,0.0
11331,treatment,0,0.0
11332,treatment,0,0.0
11333,treatment,0,0.0
11334,treatment,1,31.47
11335,treatment,0,0.0
11336,treatment,0,0.0
11337,treatment,0,0.0
11338,treatment,0,0.0
11339,treatment,0,0.0
11340,treatment,0,0.0
11341,treatment,0,0.0
11342,treatment,0,0.0
11343,treatment,1,39.83
11344,treatment,0,0.0
11345,treatment,0,0.0
11346,treatment,0,0.0
11347,treatment,0,0.0
11348,treatment,0,0.0
11349,treatment,0,0.0
11350,treatment,0,0.0
11351,treatment,0,0.0
11352,treatment,0,0.0
11353,treatment,0,0.0
11354,treatment,0,0.0
11355,treatment,0,0.0
11356,treatment,0,0.0
11357,treatment,0,0.0
11358,treatment,0,0.0
11359,treatment,0,0.0
11360,treatment,0,0.0
11361,treatment,0,0.0
11362,treatment,0,0.0
11363,treatment,0,0.0
11364,treatment,0,0.0
11365,treatment,0,0.0
11366,treatment,0,0.0
11367,treatment,0,0.0
11368,treatment,1,99.33
11369,treatment,0,0.0
11370,treatment,0,0.0
11371,treatment,0,0.0
11372,treatment,0,0.0
11373,treatment,0,0.0
11374,treatment,0,0.0
11375,treatment,0,0.0
11376,treatment,0,0.0
11377,treatment,0,0.0
11378,treatment,1,75.3
11379,treatment,0,0.0
11380,treatment,0,0.0
11381,treatment,0,0.0
11382,treatment,0,0.0
11383,treatment,0,0.0
11384,treatment,0,0.0
11385,treatment,0,0.0
11386,treatment,0,0.0
11387,treatment,0,0.0
11388,treatment,0,0.0
11389,treatment,0,0.0
11390,treatment,0,0.0
11391,treatment,0,0.0
11392,treatment,1,57.96
11393,treatment,1,43.38
11394,treatment,0,0.0
11395,treatment,1,45.72
11396,treatment,0,0.0
11397,treatment,1,34.63
11398,treatment,0,0.0
11399,treatment,0,0.0
11400,treatment,0,0.0
11401,treatment,0,0.0
11402,treatment,1,19.18
11403,treatment,0,0.0
11404,treatment,0,0.0
11405,treatment,0,0.0
11406,treatment,0,0.0
11407,treatment,0,0.0
11408,treatment,0,0.0
11409,treatment,0,0.0
11410,treatment,1,42.88
11411,treatment,1,27.7
11412,treatment,1,17.66
11413,treatment,0,0.0
11414,treatment,0,0.0
11415,treatment,0,0.0
11416,treatment,1,40.19
11417,treatment,0,0.0
11418,treatment,0,0.0
11419,treatment,0,0.0
11420,treatment,0,0.0
11421,treatment,1,68.95
11422,treatment,0,0.0
11423,treatment,0,0.0
11424,treatment,1,78.66
11425,treatment,0,0.0
11426,treatment,0,0.0
11427,treatment,0,0.0
11428,treatment,0,0.0
11429,treatment,0,0.0
11430,treatment,0,0.0
11431,treatment,0,0.0
11432,treatment,0,0.0
11433,treatment,0,0.0
11434,treatment,0,0.0
11435,treatment,0,0.0
11436,treatment,0,0.0
11437,treatment,0,0.0
11438,treatment,1,51.59
11439,treatment,0,0.0
11440,treatment,0,0.0
11441,treatment,0,0.0
11442,treatment,0,0.0
11443,treatment,1,78.7
11444,treatment,0,0.0
11445,treatment,0,0.0
11446,treatment,1,48.08
11447,treatment,0,0.0
11448,treatment,0,0.0
11449,treatment,0,0.0
11450,treatment,1,49.12
11451,treatment,0,0.0
11452,treatment,0,0.0
11453,treatment,0,0.0
11454,treatment,0,0.0
11455,treatment,0,0.0
11456,treatment,0,0.0
11457,treatment,0,0.0
11458,treatment,0,0.0
11459,treatment,0,0.0
11460,treatment,0,0.0
11461,treatment,0,0.0
11462,treatment,0,0.0
11463,treatment,0,0.0
11464,treatment,0,0.0
11465,treatment,0,0.0
11466,treatment,1,68.28
11467,treatment,0,0.0
11468,treatment,0,0.0
11469,treatment,0,0.0
11470,treatment,0,0.0
11471,treatment,0,0.0
11472,treatment,0,0.0
11473,treatment,0,0.0
11474,treatment,0,0.0
11475,treatment,1,50.72
11476,treatment,0,0.0
11477,treatment,0,0.0
11478,treatment,0,0.0
11479,treatment,0,0.0
11480,treatment,0,0.0
11481,treatment,0,0.0
11482,treatment,1,44.73
11483,treatment,0,0.0
11484,treatment,1,71.08
11485,treatment,0,0.0
11486,treatment,1,129.0
11487,treatment,0,0.0
11488,treatment,0,0.0
11489,treatment,0,0.0
11490,treatment,1,84.31
11491,treatment,1,66.16
11492,treatment,0,0.0
11493,treatment,0,0.0
11494,treatment,0,0.0
11495,treatment,0,0.0
11496,treatment,1,64.54
11497,treatment,0,0.0
11498,treatment,0,0.0
11499,treatment,1,91.28
11500,treatment,0,0.0
11501,treatment,0,0.0
11502,treatment,0,0.0
11503,treatment,0,0.0
11504,treatment,0,0.0
11505,treatment,0,0.0
11506,treatment,0,0.0
11507,treatment,0,0.0
11508,treatment,0,0.0
11509,treatment,0,0.0
11510,treatment,0,0.0
11511,treatment,0,0.0
11512,treatment,1,58.37
11513,treatment,0,0.0
11514,treatment,0,0.0
11515,treatment,0,0.0
11516,treatment,0,0.0
11517,treatment,0,0.0
11518,treatment,0,0.0
11519,treatment,0,0.0
11520,treatment,0,0.0
11521,treatment,1,102.43
11522,treatment,0,0.0
11523,treatment,0,0.0
11524,treatment,0,0.0
11525,treatment,0,0.0
11526,treatment,0,0.0
11527,treatment,0,0.0
11528,treatment,0,0.0
11529,treatment,0,0.0
11530,treatment,0,0.0
11531,treatment,0,0.0
11532,treatment,0,0.0
11533,treatment,1,69.26
11534,treatment,0,0.0
11535,treatment,0,0.0
11536,treatment,0,0.0
11537,treatment,0,0.0
11538,treatment,0,0.0
11539,treatment,0,0.0
11540,treatment,1,43.59
11541,treatment,0,0.0
11542,treatment,1,154.23
11543,treatment,0,0.0
11544,treatment,0,0.0
11545,treatment,0,0.0
11546,treatment,0,0.0
11547,treatment,0,0.0
11548,treatment,0,0.0
11549,treatment,1,109.64
11550,treatment,0,0.0
11551,treatment,0,0.0
11552,treatment,0,0.0
11553,treatment,0,0.0
11554,treatment,0,0.0
11555,treatment,1,110.9
11556,treatment,0,0.0
11557,treatment,0,0.0
11558,treatment,0,0.0
11559,treatment,0,0.0
11560,treatment,0,0.0
11561,treatment,0,0.0
11562,treatment,0,0.0
11563,treatment,0,0.0
11564,treatment,0,0.0
11565,treatment,0,0.0
11566,treatment,0,0.0
11567,treatment,0,0.0
11568,treatment,0,0.0
11569,treatment,1,37.48
11570,treatment,0,0.0
11571,treatment,0,0.0
11572,treatment,1,16.55
11573,treatment,0,0.0
11574,treatment,0,0.0
11575,treatment,0,0.0
11576,treatment,0,0.0
11577,treatment,0,0.0
11578,treatment,0,0.0
11579,treatment,0,0.0
11580,treatment,0,0.0
11581,treatment,0,0.0
11582,treatment,0,0.0
11583,treatment,0,0.0
11584,treatment,0,0.0
11585,treatment,0,0.0
11586,treatment,0,0.0
11587,treatment,0,0.0
11588,treatment,0,0.0
11589,treatment,0,0.0
11590,treatment,0,0.0
11591,treatment,0,0.0
11592,treatment,0,0.0
11593,treatment,0,0.0
11594,treatment,0,0.0
11595,treatment,0,0.0
11596,treatment,0,0.0
11597,treatment,0,0.0
11598,treatment,0,0.0
11599,treatment,0,0.0
11600,treatment,0,0.0
11601,treatment,0,0.0
11602,treatment,0,0.0
11603,treatment,0,0.0
11604,treatment,0,0.0
11605,treatment,0,0.0
11606,treatment,0,0.0
11607,treatment,0,0.0
11608,treatment,0,0.0
11609,treatment,0,0.0
11610,treatment,0,0.0
11611,treatment,0,0.0
11612,treatment,0,0.0
11613,treatment,1,36.19
11614,treatment,0,0.0
11615,treatment,0,0.0
11616,treatment,0,0.0
11617,treatment,0,0.0
11618,treatment,0,0.0
11619,treatment,0,0.0
11620,treatment,0,0.0
11621,treatment,0,0.0
11622,treatment,0,0.0
11623,treatment,0,0.0
11624,treatment,0,0.0
11625,treatment,0,0.0
11626,treatment,0,0.0
11627,treatment,0,0.0
11628,treatment,0,0.0
11629,treatment,0,0.0
11630,treatment,0,0.0
11631,treatment,0,0.0
11632,treatment,0,0.0
11633,treatment,0,0.0
11634,treatment,1,41.76
11635,treatment,0,0.0
11636,treatment,0,0.0
11637,treatment,0,0.0
11638,treatment,1,65.13
11639,treatment,0,0.0
11640,treatment,0,0.0
11641,treatment,0,0.0
11642,treatment,0,0.0
11643,treatment,1,19.98
11644,treatment,0,0.0
11645,treatment,0,0.0
11646,treatment,0,0.0
11647,treatment,0,0.0
11648,treatment,0,0.0
11649,treatment,0,0.0
11650,treatment,0,0.0
11651,treatment,0,0.0
11652,treatment,0,0.0
11653,treatment,0,0.0
11654,treatment,0,0.0
11655,treatment,1,43.17
11656,treatment,0,0.0
11657,treatment,0,0.0
11658,treatment,0,0.0
11659,treatment,0,0.0
11660,treatment,0,0.0
11661,treatment,0,0.0
11662,treatment,0,0.0
11663,treatment,0,0.0
11664,treatment,0,0.0
11665,treatment,0,0.0
11666,treatment,0,0.0
11667,treatment,0,0.0
11668,treatment,0,0.0
11669,treatment,1,58.07
11670,treatment,0,0.0
11671,treatment,1,26.38
11672,treatment,0,0.0
11673,treatment,0,0.0
11674,treatment,0,0.0
11675,treatment,0,0.0
11676,treatment,0,0.0
11677,treatment,0,0.0
11678,treatment,0,0.0
11679,treatment,0,0.0
11680,treatment,0,0.0
11681,treatment,0,0.0
11682,treatment,1,35.01
11683,treatment,0,0.0
11684,treatment,1,88.02
11685,treatment,0,0.0
11686,treatment,0,0.0
11687,treatment,0,0.0
11688,treatment,0,0.0
11689,treatment,0,0.0
11690,treatment,0,0.0
11691,treatment,0,0.0
11692,treatment,0,0.0
11693,treatment,0,0.0
11694,treatment,0,0.0
11695,treatment,1,30.22
11696,treatment,0,0.0
11697,treatment,0,0.0
11698,treatment,0,0.0
11699,treatment,0,0.0
11700,treatment,0,0.0
11701,treatment,0,0.0
11702,treatment,0,0.0
11703,treatment,1,36.37
11704,treatment,0,0.0
11705,treatment,0,0.0
11706,treatment,0,0.0
11707,treatment,0,0.0
11708,treatment,0,0.0
11709,treatment,0,0.0
11710,treatment,0,0.0
11711,treatment,0,0.0
11712,treatment,0,0.0
11713,treatment,0,0.0
11714,treatment,0,0.0
11715,treatment,0,0.0
11716,treatment,0,0.0
11717,treatment,0,0.0
11718,treatment,0,0.0
11719,treatment,0,0.0
11720,treatment,0,0.0
11721,treatment,1,31.15
11722,treatment,0,0.0
11723,treatment,0,0.0
11724,treatment,1,80.27
11725,treatment,0,0.0
11726,treatment,0,0.0
11727,treatment,0,0.0
11728,treatment,0,0.0
11729,treatment,0,0.0
11730,treatment,1,96.42
11731,treatment,0,0.0
11732,treatment,0,0.0
11733,treatment,0,0.0
11734,treatment,0,0.0
11735,treatment,0,0.0
11736,treatment,0,0.0
11737,treatment,0,0.0
11738,treatment,0,0.0
11739,treatment,0,0.0
11740,treatment,0,0.0
11741,treatment,0,0.0
11742,treatment,0,0.0
11743,treatment,1,86.9
11744,treatment,0,0.0
11745,treatment,0,0.0
11746,treatment,0,0.0
11747,treatment,0,0.0
11748,treatment,0,0.0
11749,treatment,0,0.0
11750,treatment,0,0.0
11751,treatment,0,0.0
11752,treatment,0,0.0
11753,treatment,1,52.43
11754,treatment,0,0.0
11755,treatment,1,29.79
11756,treatment,0,0.0
11757,treatment,1,59.43
11758,treatment,0,0.0
11759,treatment,0,0.0
11760,treatment,0,0.0
11761,treatment,0,0.0
11762,treatment,0,0.0
11763,treatment,0,0.0
11764,treatment,0,0.0
11765,treatment,0,0.0
11766,treatment,0,0.0
11767,treatment,0,0.0
11768,treatment,0,0.0
11769,treatment,0,0.0
11770,treatment,1,50.75
11771,treatment,0,0.0
11772,treatment,0,0.0
11773,treatment,0,0.0
11774,treatment,0,0.0
11775,treatment,0,0.0
11776,treatment,0,0.0
11777,treatment,0,0.0
11778,treatment,0,0.0
11779,treatment,0,0.0
11780,treatment,0,0.0
11781,treatment,0,0.0
11782,treatment,0,0.0
11783,treatment,0,0.0
11784,treatment,0,0.0
11785,treatment,0,0.0
11786,treatment,1,43.08
11787,treatment,0,0.0
11788,treatment,0,0.0
11789,treatment,0,0.0
11790,treatment,0,0.0
11791,treatment,0,0.0
11792,treatment,0,0.0
11793,treatment,0,0.0
11794,treatment,0,0.0
11795,treatment,0,0.0
11796,treatment,0,0.0
11797,treatment,0,0.0
11798,treatment,0,0.0
11799,treatment,0,0.0
11800,treatment,0,0.0
11801,treatment,0,0.0
11802,treatment,0,0.0
11803,treatment,0,0.0
11804,treatment,0,0.0
11805,treatment,0,0.0
11806,treatment,1,72.97
11807,treatment,1,118.59
11808,treatment,1,123.81
11809,treatment,0,0.0
11810,treatment,0,0.0
11811,treatment,0,0.0
11812,treatment,0,0.0
11813,treatment,1,50.08
11814,treatment,0,0.0
11815,treatment,0,0.0
11816,treatment,0,0.0
11817,treatment,0,0.0
11818,treatment,0,0.0
11819,treatment,0,0.0
11820,treatment,0,0.0
11821,treatment,0,0.0
11822,treatment,0,0.0
11823,treatment,0,0.0
11824,treatment,0,0.0
11825,treatment,0,0.0
11826,treatment,0,0.0
11827,treatment,0,0.0
11828,treatment,0,0.0
11829,treatment,0,0.0
11830,treatment,0,0.0
11831,treatment,0,0.0
11832,treatment,0,0.0
11833,treatment,0,0.0
11834,treatment,1,30.04
11835,treatment,0,0.0
11836,treatment,0,0.0
11837,treatment,0,0.0
11838,treatment,0,0.0
11839,treatment,0,0.0
11840,treatment,0,0.0
11841,treatment,0,0.0
11842,treatment,0,0.0
11843,treatment,0,0.0
11844,treatment,0,0.0
11845,treatment,0,0.0
11846,treatment,0,0.0
11847,treatment,0,0.0
11848,treatment,0,0.0
11849,treatment,0,0.0
11850,treatment,0,0.0
11851,treatment,0,0.0
11852,treatment,0,0.0
11853,treatment,0,0.0
11854,treatment,1,32.34
11855,treatment,0,0.0
11856,treatment,0,0.0
11857,treatment,0,0.0
11858,treatment,0,0.0
11859,treatment,0,0.0
11860,treatment,0,0.0
11861,treatment,0,0.0
11862,treatment,0,0.0
11863,treatment,0,0.0
11864,treatment,0,0.0
11865,treatment,0,0.0
11866,treatment,0,0.0
11867,treatment,0,0.0
11868,treatment,0,0.0
11869,treatment,0,0.0
11870,treatment,0,0.0
11871,treatment,1,49.11
11872,treatment,0,0.0
11873,treatment,0,0.0
11874,treatment,0,0.0
11875,treatment,0,0.0
11876,treatment,0,0.0
11877,treatment,0,0.0
11878,treatment,0,0.0
11879,treatment,0,0.0
11880,treatment,0,0.0
11881,treatment,0,0.0
11882,treatment,0,0.0
11883,treatment,0,0.0
11884,treatment,0,0.0
11885,treatment,0,0.0
11886,treatment,0,0.0
11887,treatment,0,0.0
11888,treatment,0,0.0
11889,treatment,0,0.0
11890,treatment,0,0.0
11891,treatment,0,0.0
11892,treatment,0,0.0
11893,treatment,1,112.52
11894,treatment,0,0.0
11895,treatment,0,0.0
11896,treatment,0,0.0
11897,treatment,0,0.0
11898,treatment,0,0.0
11899,treatment,0,0.0
11900,treatment,0,0.0
11901,treatment,1,88.01
11902,treatment,0,0.0
11903,treatment,1,61.9
11904,treatment,0,0.0
11905,treatment,0,0.0
11906,treatment,0,0.0
11907,treatment,0,0.0
11908,treatment,0,0.0
11909,treatment,0,0.0
11910,treatment,1,33.34
11911,treatment,0,0.0
11912,treatment,0,0.0
11913,treatment,1,62.99
11914,treatment,0,0.0
11915,treatment,0,0.0
11916,treatment,0,0.0
11917,treatment,0,0.0
11918,treatment,0,0.0
11919,treatment,0,0.0
11920,treatment,0,0.0
11921,treatment,0,0.0
11922,treatment,0,0.0
11923,treatment,0,0.0
11924,treatment,0,0.0
11925,treatment,0,0.0
11926,treatment,0,0.0
11927,treatment,1,57.55
11928,treatment,0,0.0
11929,treatment,0,0.0
11930,treatment,1,29.64
11931,treatment,0,0.0
11932,treatment,0,0.0
11933,treatment,0,0.0
11934,treatment,0,0.0
11935,treatment,0,0.0
11936,treatment,0,0.0
11937,treatment,0,0.0
11938,treatment,0,0.0
11939,treatment,0,0.0
11940,treatment,0,0.0
11941,treatment,0,0.0
11942,treatment,0,0.0
11943,treatment,0,0.0
11944,treatment,0,0.0
11945,treatment,0,0.0
11946,treatment,0,0.0
11947,treatment,0,0.0
11948,treatment,0,0.0
11949,treatment,0,0.0
11950,treatment,0,0.0
11951,treatment,0,0.0
11952,treatment,1,45.24
11953,treatment,0,0.0
11954,treatment,0,0.0
11955,treatment,0,0.0
11956,treatment,0,0.0
11957,treatment,0,0.0
11958,treatment,0,0.0
11959,treatment,1,51.43
11960,treatment,0,0.0
11961,treatment,0,0.0
11962,treatment,0,0.0
11963,treatment,0,0.0
11964,treatment,0,0.0
11965,treatment,0,0.0
11966,treatment,0,0.0
11967,treatment,0,0.0
11968,treatment,0,0.0
11969,treatment,0,0.0
11970,treatment,0,0.0
11971,treatment,0,0.0
11972,treatment,0,0.0
11973,treatment,0,0.0
11974,treatment,0,0.0
11975,treatment,0,0.0
11976,treatment,0,0.0
11977,treatment,0,0.0
11978,treatment,0,0.0
11979,treatment,1,19.17
11980,treatment,1,124.97
11981,treatment,0,0.0
11982,treatment,0,0.0
11983,treatment,0,0.0
11984,treatment,0,0.0
11985,treatment,0,0.0
11986,treatment,0,0.0
11987,treatment,0,0.0
11988,treatment,0,0.0
11989,treatment,0,0.0
11990,treatment,0,0.0
11991,treatment,0,0.0
11992,treatment,0,0.0
11993,treatment,0,0.0
11994,treatment,0,0.0
11995,treatment,0,0.0
11996,treatment,0,0.0
11997,treatment,0,0.0
11998,treatment,0,0.0
11999,treatment,1,36.74
12000,treatment,0,0.0
12001,treatment,0,0.0
12002,treatment,0,0.0
12003,treatment,0,0.0
12004,treatment,0,0.0
12005,treatment,0,0.0
12006,treatment,0,0.0
12007,treatment,0,0.0
12008,treatment,0,0.0
12009,treatment,1,37.01
12010,treatment,0,0.0
12011,treatment,0,0.0
12012,treatment,0,0.0
12013,treatment,1,49.78
12014,treatment,0,0.0
12015,treatment,0,0.0
12016,treatment,0,0.0
12017,treatment,0,0.0
12018,treatment,0,0.0
12019,treatment,1,33.01
12020,treatment,1,21.11
12021,treatment,0,0.0
12022,treatment,1,48.32
12023,treatment,0,0.0
12024,treatment,0,0.0
12025,treatment,0,0.0
12026,treatment,0,0.0
12027,treatment,0,0.0
12028,treatment,0,0.0
12029,treatment,0,0.0
12030,treatment,0,0.0
12031,treatment,0,0.0
12032,treatment,0,0.0
12033,treatment,0,0.0
12034,treatment,0,0.0
12035,treatment,0,0.0
12036,treatment,0,0.0
12037,treatment,0,0.0
12038,treatment,0,0.0
12039,treatment,0,0.0
12040,treatment,0,0.0
12041,treatment,0,0.0
12042,treatment,0,0.0
12043,treatment,0,0.0
12044,treatment,1,99.44
12045,treatment,0,0.0
12046,treatment,0,0.0
12047,treatment,0,0.0
12048,treatment,1,50.85
12049,treatment,0,0.0
12050,treatment,0,0.0
12051,treatment,0,0.0
12052,treatment,0,0.0
12053,treatment,0,0.0
12054,treatment,0,0.0
12055,treatment,0,0.0
12056,treatment,0,0.0
12057,treatment,0,0.0
12058,treatment,0,0.0
12059,treatment,0,0.0
12060,treatment,0,0.0
12061,treatment,1,35.19
12062,treatment,0,0.0
12063,treatment,0,0.0
12064,treatment,0,0.0
12065,treatment,0,0.0
12066,treatment,0,0.0
12067,treatment,0,0.0
12068,treatment,0,0.0
12069,treatment,1,35.16
12070,treatment,0,0.0
12071,treatment,0,0.0
12072,treatment,0,0.0
12073,treatment,0,0.0
12074,treatment,0,0.0
12075,treatment,0,0.0
12076,treatment,0,0.0
12077,treatment,0,0.0
12078,treatment,0,0.0
12079,treatment,0,0.0
12080,treatment,0,0.0
12081,treatment,0,0.0
12082,treatment,0,0.0
12083,treatment,0,0.0
12084,treatment,0,0.0
12085,treatment,0,0.0
12086,treatment,0,0.0
12087,treatment,0,0.0
12088,treatment,0,0.0
12089,treatment,0,0.0
12090,treatment,1,46.15
12091,treatment,0,0.0
12092,treatment,0,0.0
12093,treatment,0,0.0
12094,treatment,0,0.0
12095,treatment,0,0.0
12096,treatment,0,0.0
12097,treatment,1,22.77
12098,treatment,0,0.0
12099,treatment,0,0.0
12100,treatment,0,0.0
12101,treatment,1,71.52
12102,treatment,0,0.0
12103,treatment,0,0.0
12104,treatment,1,40.0
12105,treatment,1,65.13
12106,treatment,1,55.72
12107,treatment,0,0.0
12108,treatment,0,0.0
12109,treatment,0,0.0
12110,treatment,0,0.0
12111,treatment,0,0.0
12112,treatment,1,93.87
12113,treatment,0,0.0
12114,treatment,1,38.28
12115,treatment,0,0.0
12116,treatment,0,0.0
12117,treatment,0,0.0
12118,treatment,0,0.0
12119,treatment,1,26.46
12120,treatment,1,42.14
12121,treatment,1,51.98
12122,treatment,0,0.0
12123,treatment,0,0.0
12124,treatment,0,0.0
12125,treatment,0,0.0
12126,treatment,0,0.0
12127,treatment,0,0.0
12128,treatment,0,0.0
12129,treatment,0,0.0
12130,treatment,1,26.61
12131,treatment,0,0.0
12132,treatment,0,0.0
12133,treatment,0,0.0
12134,treatment,0,0.0
12135,treatment,0,0.0
12136,treatment,0,0.0
12137,treatment,0,0.0
12138,treatment,0,0.0
12139,treatment,1,29.78
12140,treatment,0,0.0
12141,treatment,0,0.0
12142,treatment,0,0.0
12143,treatment,0,0.0
12144,treatment,0,0.0
12145,treatment,0,0.0
12146,treatment,1,74.79
12147,treatment,0,0.0
12148,treatment,0,0.0
12149,treatment,0,0.0
12150,treatment,1,43.48
12151,treatment,0,0.0
12152,treatment,0,0.0
12153,treatment,0,0.0
12154,treatment,1,22.44
12155,treatment,1,51.63
12156,treatment,1,67.1
12157,treatment,0,0.0
12158,treatment,0,0.0
12159,treatment,0,0.0
12160,treatment,0,0.0
12161,treatment,1,66.96
12162,treatment,0,0.0
12163,treatment,1,62.15
12164,treatment,0,0.0
12165,treatment,1,19.67
12166,treatment,1,15.8
12167,treatment,0,0.0
12168,treatment,0,0.0
12169,treatment,0,0.0
12170,treatment,0,0.0
12171,treatment,0,0.0
12172,treatment,1,110.41
12173,treatment,0,0.0
12174,treatment,0,0.0
12175,treatment,0,0.0
12176,treatment,0,0.0
12177,treatment,0,0.0
12178,treatment,0,0.0
12179,treatment,0,0.0
12180,treatment,0,0.0
12181,treatment,0,0.0
12182,treatment,0,0.0
12183,treatment,0,0.0
12184,treatment,0,0.0
12185,treatment,0,0.0
12186,treatment,0,0.0
12187,treatment,0,0.0
12188,treatment,0,0.0
12189,treatment,0,0.0
12190,treatment,0,0.0
12191,treatment,0,0.0
12192,treatment,0,0.0
12193,treatment,1,57.38
12194,treatment,0,0.0
12195,treatment,0,0.0
12196,treatment,1,32.31
12197,treatment,0,0.0
12198,treatment,0,0.0
12199,treatment,1,63.17
12200,treatment,1,86.71
12201,treatment,1,69.37
12202,treatment,0,0.0
12203,treatment,0,0.0
12204,treatment,0,0.0
12205,treatment,0,0.0
12206,treatment,0,0.0
12207,treatment,0,0.0
12208,treatment,0,0.0
12209,treatment,0,0.0
12210,treatment,0,0.0
12211,treatment,0,0.0
12212,treatment,0,0.0
12213,treatment,1,37.37
12214,treatment,1,51.98
12215,treatment,0,0.0
12216,treatment,0,0.0
12217,treatment,1,59.69
12218,treatment,0,0.0
12219,treatment,0,0.0
12220,treatment,0,0.0
12221,treatment,0,0.0
12222,treatment,0,0.0
12223,treatment,0,0.0
12224,treatment,0,0.0
12225,treatment,0,0.0
12226,treatment,0,0.0
12227,treatment,0,0.0
12228,treatment,0,0.0
12229,treatment,1,37.79
12230,treatment,0,0.0
12231,treatment,0,0.0
12232,treatment,1,81.17
12233,treatment,0,0.0
12234,treatment,0,0.0
12235,treatment,1,137.23
12236,treatment,1,20.93
12237,treatment,0,0.0
12238,treatment,0,0.0
12239,treatment,0,0.0
12240,treatment,0,0.0
12241,treatment,0,0.0
12242,treatment,0,0.0
12243,treatment,0,0.0
12244,treatment,0,0.0
12245,treatment,0,0.0
12246,treatment,0,0.0
12247,treatment,0,0.0
12248,treatment,0,0.0
12249,treatment,0,0.0
12250,treatment,0,0.0
12251,treatment,0,0.0
12252,treatment,0,0.0
12253,treatment,0,0.0
12254,treatment,1,67.14
12255,treatment,0,0.0
12256,treatment,0,0.0
12257,treatment,0,0.0
12258,treatment,1,240.01
12259,treatment,0,0.0
12260,treatment,0,0.0
12261,treatment,0,0.0
12262,treatment,0,0.0
12263,treatment,1,45.51
12264,treatment,0,0.0
12265,treatment,0,0.0
12266,treatment,0,0.0
12267,treatment,0,0.0
12268,treatment,0,0.0
12269,treatment,0,0.0
12270,treatment,0,0.0
12271,treatment,0,0.0
12272,treatment,0,0.0
12273,treatment,0,0.0
12274,treatment,0,0.0
12275,treatment,1,48.4
12276,treatment,0,0.0
12277,treatment,0,0.0
12278,treatment,0,0.0
12279,treatment,0,0.0
12280,treatment,0,0.0
12281,treatment,0,0.0
12282,treatment,0,0.0
12283,treatment,1,38.3
12284,treatment,0,0.0
12285,treatment,0,0.0
12286,treatment,0,0.0
12287,treatment,0,0.0
12288,treatment,0,0.0
12289,treatment,0,0.0
12290,treatment,0,0.0
12291,treatment,0,0.0
12292,treatment,0,0.0
12293,treatment,0,0.0
12294,treatment,0,0.0
12295,treatment,0,0.0
12296,treatment,0,0.0
12297,treatment,1,52.14
12298,treatment,0,0.0
12299,treatment,0,0.0
12300,treatment,0,0.0
12301,treatment,1,75.64
12302,treatment,0,0.0
12303,treatment,0,0.0
12304,treatment,0,0.0
12305,treatment,0,0.0
12306,treatment,0,0.0
12307,treatment,0,0.0
12308,treatment,0,0.0
12309,treatment,0,0.0
12310,treatment,0,0.0
12311,treatment,0,0.0
12312,treatment,0,0.0
12313,treatment,1,85.99
12314,treatment,0,0.0
12315,treatment,0,0.0
12316,treatment,1,18.77
12317,treatment,0,0.0
12318,treatment,0,0.0
12319,treatment,0,0.0
12320,treatment,0,0.0
12321,treatment,0,0.0
12322,treatment,0,0.0
12323,treatment,0,0.0
12324,treatment,0,0.0
12325,treatment,0,0.0
12326,treatment,0,0.0
12327,treatment,1,31.72
12328,treatment,0,0.0
12329,treatment,0,0.0
12330,treatment,0,0.0
12331,treatment,1,50.68
12332,treatment,1,38.02
12333,treatment,0,0.0
12334,treatment,0,0.0
12335,treatment,0,0.0
12336,treatment,1,53.31
12337,treatment,0,0.0
12338,treatment,0,0.0
12339,treatment,0,0.0
12340,treatment,0,0.0
12341,treatment,0,0.0
12342,treatment,0,0.0
12343,treatment,0,0.0
12344,treatment,0,0.0
12345,treatment,0,0.0
12346,treatment,0,0.0
12347,treatment,1,31.54
12348,treatment,0,0.0
12349,treatment,0,0.0
12350,treatment,0,0.0
12351,treatment,1,66.3
12352,treatment,0,0.0
12353,treatment,0,0.0
12354,treatment,0,0.0
12355,treatment,0,0.0
12356,treatment,0,0.0
12357,treatment,0,0.0
12358,treatment,1,49.19
12359,treatment,0,0.0
12360,treatment,0,0.0
12361,treatment,0,0.0
12362,treatment,0,0.0
12363,treatment,0,0.0
12364,treatment,1,22.94
12365,treatment,0,0.0
12366,treatment,0,0.0
12367,treatment,0,0.0
12368,treatment,0,0.0
12369,treatment,0,0.0
12370,treatment,1,57.74
12371,treatment,0,0.0
12372,treatment,0,0.0
12373,treatment,0,0.0
12374,treatment,0,0.0
12375,treatment,0,0.0
12376,treatment,0,0.0
12377,treatment,0,0.0
12378,treatment,0,0.0
12379,treatment,0,0.0
12380,treatment,0,0.0
12381,treatment,0,0.0
12382,treatment,0,0.0
12383,treatment,0,0.0
12384,treatment,0,0.0
12385,treatment,0,0.0
12386,treatment,0,0.0
12387,treatment,0,0.0
12388,treatment,0,0.0
12389,treatment,0,0.0
12390,treatment,0,0.0
12391,treatment,0,0.0
12392,treatment,0,0.0
12393,treatment,0,0.0
12394,treatment,0,0.0
12395,treatment,0,0.0
12396,treatment,0,0.0
12397,treatment,0,0.0
12398,treatment,0,0.0
12399,treatment,1,30.22
12400,treatment,0,0.0
12401,treatment,0,0.0
12402,treatment,0,0.0
12403,treatment,0,0.0
12404,treatment,0,0.0
12405,treatment,0,0.0
12406,treatment,0,0.0
12407,treatment,0,0.0
12408,treatment,0,0.0
12409,treatment,1,39.6
12410,treatment,0,0.0
12411,treatment,0,0.0
12412,treatment,0,0.0
12413,treatment,0,0.0
12414,treatment,0,0.0
12415,treatment,0,0.0
12416,treatment,0,0.0
12417,treatment,0,0.0
12418,treatment,1,41.34
12419,treatment,0,0.0
12420,treatment,0,0.0
12421,treatment,0,0.0
12422,treatment,0,0.0
12423,treatment,0,0.0
12424,treatment,0,0.0
12425,treatment,0,0.0
12426,treatment,1,29.76
12427,treatment,0,0.0
12428,treatment,0,0.0
12429,treatment,0,0.0
12430,treatment,0,0.0
12431,treatment,0,0.0
12432,treatment,0,0.0
12433,treatment,0,0.0
12434,treatment,1,83.24
12435,treatment,0,0.0
12436,treatment,1,53.78
12437,treatment,0,0.0
12438,treatment,0,0.0
12439,treatment,0,0.0
12440,treatment,0,0.0
12441,treatment,0,0.0
12442,treatment,0,0.0
12443,treatment,0,0.0
12444,treatment,0,0.0
12445,treatment,0,0.0
12446,treatment,0,0.0
12447,treatment,0,0.0
12448,treatment,0,0.0
12449,treatment,0,0.0
12450,treatment,0,0.0
12451,treatment,0,0.0
12452,treatment,0,0.0
12453,treatment,0,0.0
12454,treatment,0,0.0
12455,treatment,0,0.0
12456,treatment,0,0.0
12457,treatment,0,0.0
12458,treatment,0,0.0
12459,treatment,0,0.0
12460,treatment,0,0.0
12461,treatment,0,0.0
12462,treatment,0,0.0
12463,treatment,0,0.0
12464,treatment,1,20.99
12465,treatment,0,0.0
12466,treatment,0,0.0
12467,treatment,1,101.7
12468,treatment,0,0.0
12469,treatment,0,0.0
12470,treatment,0,0.0
12471,treatment,1,21.47
12472,treatment,0,0.0
12473,treatment,0,0.0
12474,treatment,0,0.0
12475,treatment,0,0.0
12476,treatment,0,0.0
12477,treatment,0,0.0
12478,treatment,1,90.4
12479,treatment,0,0.0
12480,treatment,0,0.0
12481,treatment,0,0.0
12482,treatment,0,0.0
12483,treatment,0,0.0
12484,treatment,0,0.0
12485,treatment,0,0.0
12486,treatment,0,0.0
12487,treatment,0,0.0
12488,treatment,1,71.94
12489,treatment,1,58.2
12490,treatment,1,72.17
12491,treatment,0,0.0
12492,treatment,0,0.0
12493,treatment,0,0.0
12494,treatment,0,0.0
12495,treatment,0,0.0
12496,treatment,0,0.0
12497,treatment,0,0.0
12498,treatment,0,0.0
12499,treatment,0,0.0
12500,treatment,0,0.0
12501,treatment,0,0.0
12502,treatment,0,0.0
12503,treatment,0,0.0
12504,treatment,0,0.0
12505,treatment,0,0.0
12506,treatment,0,0.0
12507,treatment,1,97.4
12508,treatment,0,0.0
12509,treatment,0,0.0
12510,treatment,0,0.0
12511,treatment,0,0.0
12512,treatment,0,0.0
12513,treatment,0,0.0
12514,treatment,0,0.0
12515,treatment,0,0.0
12516,treatment,0,0.0
12517,treatment,0,0.0
12518,treatment,0,0.0
12519,treatment,0,0.0
12520,treatment,0,0.0
12521,treatment,0,0.0
12522,treatment,0,0.0
12523,treatment,0,0.0
12524,treatment,0,0.0
12525,treatment,0,0.0
12526,treatment,0,0.0
12527,treatment,0,0.0
12528,treatment,0,0.0
12529,treatment,0,0.0
12530,treatment,0,0.0
12531,treatment,0,0.0
12532,treatment,0,0.0
12533,treatment,0,0.0
12534,treatment,0,0.0
12535,treatment,0,0.0
12536,treatment,0,0.0
12537,treatment,1,108.73
12538,treatment,0,0.0
12539,treatment,0,0.0
12540,treatment,0,0.0
12541,treatment,0,0.0
12542,treatment,0,0.0
12543,treatment,0,0.0
12544,treatment,0,0.0
12545,treatment,1,30.96
12546,treatment,0,0.0
12547,treatment,0,0.0
12548,treatment,0,0.0
12549,treatment,1,108.87
12550,treatment,0,0.0
12551,treatment,0,0.0
12552,treatment,0,0.0
12553,treatment,0,0.0
12554,treatment,0,0.0
12555,treatment,1,58.25
12556,treatment,0,0.0
12557,treatment,0,0.0
12558,treatment,0,0.0
12559,treatment,0,0.0
12560,treatment,1,116.19
12561,treatment,0,0.0
12562,treatment,0,0.0
12563,treatment,0,0.0
12564,treatment,0,0.0
12565,treatment,0,0.0
12566,treatment,0,0.0
12567,treatment,0,0.0
12568,treatment,0,0.0
12569,treatment,0,0.0
12570,treatment,0,0.0
12571,treatment,0,0.0
12572,treatment,0,0.0
12573,treatment,0,0.0
12574,treatment,0,0.0
12575,treatment,0,0.0
12576,treatment,0,0.0
12577,treatment,0,0.0
12578,treatment,0,0.0
12579,treatment,0,0.0
12580,treatment,0,0.0
12581,treatment,0,0.0
12582,treatment,0,0.0
12583,treatment,0,0.0
12584,treatment,0,0.0
12585,treatment,0,0.0
12586,treatment,0,0.0
12587,treatment,0,0.0
12588,treatment,0,0.0
12589,treatment,0,0.0
12590,treatment,0,0.0
12591,treatment,0,0.0
12592,treatment,0,0.0
12593,treatment,0,0.0
12594,treatment,0,0.0
12595,treatment,0,0.0
12596,treatment,0,0.0
12597,treatment,0,0.0
12598,treatment,1,68.99
12599,treatment,0,0.0
12600,treatment,0,0.0
12601,treatment,0,0.0
12602,treatment,0,0.0
12603,treatment,0,0.0
12604,treatment,0,0.0
12605,treatment,0,0.0
12606,treatment,0,0.0
12607,treatment,0,0.0
12608,treatment,0,0.0
12609,treatment,1,38.86
12610,treatment,0,0.0
12611,treatment,0,0.0
12612,treatment,0,0.0
12613,treatment,0,0.0
12614,treatment,0,0.0
12615,treatment,0,0.0
12616,treatment,1,37.84
12617,treatment,0,0.0
12618,treatment,0,0.0
12619,treatment,0,0.0
12620,treatment,0,0.0
12621,treatment,0,0.0
12622,treatment,0,0.0
12623,treatment,0,0.0
12624,treatment,0,0.0
12625,treatment,0,0.0
12626,treatment,0,0.0
12627,treatment,1,44.62
12628,treatment,0,0.0
12629,treatment,0,0.0
12630,treatment,0,0.0
12631,treatment,0,0.0
12632,treatment,0,0.0
12633,treatment,1,22.43
12634,treatment,0,0.0
12635,treatment,0,0.0
12636,treatment,0,0.0
12637,treatment,0,0.0
12638,treatment,0,0.0
12639,treatment,1,68.83
12640,treatment,0,0.0
12641,treatment,0,0.0
12642,treatment,0,0.0
12643,treatment,0,0.0
12644,treatment,0,0.0
12645,treatment,0,0.0
12646,treatment,0,0.0
12647,treatment,0,0.0
12648,treatment,0,0.0
12649,treatment,0,0.0
12650,treatment,0,0.0
12651,treatment,0,0.0
12652,treatment,0,0.0
12653,treatment,0,0.0
12654,treatment,1,82.56
12655,treatment,0,0.0
12656,treatment,0,0.0
12657,treatment,0,0.0
12658,treatment,0,0.0
12659,treatment,1,42.64
12660,treatment,0,0.0
12661,treatment,0,0.0
12662,treatment,0,0.0
12663,treatment,0,0.0
12664,treatment,0,0.0
12665,treatment,0,0.0
12666,treatment,0,0.0
12667,treatment,0,0.0
12668,treatment,0,0.0
12669,treatment,0,0.0
12670,treatment,0,0.0
12671,treatment,0,0.0
12672,treatment,0,0.0
12673,treatment,0,0.0
12674,treatment,1,82.65
12675,treatment,0,0.0
12676,treatment,0,0.0
12677,treatment,0,0.0
12678,treatment,0,0.0
12679,treatment,0,0.0
12680,treatment,0,0.0
12681,treatment,0,0.0
12682,treatment,0,0.0
12683,treatment,0,0.0
12684,treatment,0,0.0
12685,treatment,0,0.0
12686,treatment,0,0.0
12687,treatment,0,0.0
12688,treatment,0,0.0
12689,treatment,0,0.0
12690,treatment,0,0.0
12691,treatment,0,0.0
12692,treatment,1,67.08
12693,treatment,0,0.0
12694,treatment,0,0.0
12695,treatment,0,0.0
12696,treatment,1,120.58
12697,treatment,0,0.0
12698,treatment,0,0.0
12699,treatment,0,0.0
12700,treatment,0,0.0
12701,treatment,0,0.0
12702,treatment,0,0.0
12703,treatment,0,0.0
12704,treatment,0,0.0
12705,treatment,0,0.0
12706,treatment,1,58.9
12707,treatment,0,0.0
12708,treatment,0,0.0
12709,treatment,0,0.0
12710,treatment,1,37.27
12711,treatment,0,0.0
12712,treatment,0,0.0
12713,treatment,0,0.0
12714,treatment,1,163.89
12715,treatment,0,0.0
12716,treatment,0,0.0
12717,treatment,0,0.0
12718,treatment,0,0.0
12719,treatment,0,0.0
12720,treatment,0,0.0
12721,treatment,0,0.0
12722,treatment,0,0.0
12723,treatment,0,0.0
12724,treatment,0,0.0
12725,treatment,1,111.05
12726,treatment,0,0.0
12727,treatment,0,0.0
12728,treatment,0,0.0
12729,treatment,0,0.0
12730,treatment,0,0.0
12731,treatment,0,0.0
12732,treatment,0,0.0
12733,treatment,0,0.0
12734,treatment,0,0.0
12735,treatment,0,0.0
12736,treatment,0,0.0
12737,treatment,0,0.0
12738,treatment,0,0.0
12739,treatment,0,0.0
12740,treatment,0,0.0
12741,treatment,0,0.0
12742,treatment,0,0.0
12743,treatment,0,0.0
12744,treatment,0,0.0
12745,treatment,0,0.0
12746,treatment,0,0.0
12747,treatment,0,0.0
12748,treatment,0,0.0
12749,treatment,0,0.0
12750,treatment,1,47.62
12751,treatment,0,0.0
12752,treatment,0,0.0
12753,treatment,0,0.0
12754,treatment,0,0.0
12755,treatment,0,0.0
12756,treatment,1,70.33
12757,treatment,0,0.0
12758,treatment,1,20.95
12759,treatment,0,0.0
12760,treatment,0,0.0
12761,treatment,0,0.0
12762,treatment,1,93.13
12763,treatment,1,137.7
12764,treatment,0,0.0
12765,treatment,0,0.0
12766,treatment,0,0.0
12767,treatment,0,0.0
12768,treatment,0,0.0
12769,treatment,0,0.0
12770,treatment,0,0.0
12771,treatment,0,0.0
12772,treatment,0,0.0
12773,treatment,0,0.0
12774,treatment,0,0.0
12775,treatment,0,0.0
12776,treatment,0,0.0
12777,treatment,0,0.0
12778,treatment,0,0.0
12779,treatment,1,93.83
12780,treatment,0,0.0
12781,treatment,0,0.0
12782,treatment,0,0.0
12783,treatment,0,0.0
12784,treatment,1,59.96
12785,treatment,0,0.0
12786,treatment,0,0.0
12787,treatment,0,0.0
12788,treatment,0,0.0
12789,treatment,1,86.01
12790,treatment,0,0.0
12791,treatment,0,0.0
12792,treatment,0,0.0
12793,treatment,0,0.0
12794,treatment,0,0.0
12795,treatment,0,0.0
12796,treatment,0,0.0
12797,treatment,0,0.0
12798,treatment,0,0.0
12799,treatment,0,0.0
12800,treatment,0,0.0
12801,treatment,0,0.0
12802,treatment,0,0.0
12803,treatment,0,0.0
12804,treatment,0,0.0
12805,treatment,0,0.0
12806,treatment,0,0.0
12807,treatment,0,0.0
12808,treatment,0,0.0
12809,treatment,0,0.0
12810,treatment,0,0.0
12811,treatment,0,0.0
12812,treatment,0,0.0
12813,treatment,0,0.0
12814,treatment,0,0.0
12815,treatment,0,0.0
12816,treatment,0,0.0
12817,treatment,0,0.0
12818,treatment,1,101.04
12819,treatment,0,0.0
12820,treatment,1,30.07
12821,treatment,0,0.0
12822,treatment,0,0.0
12823,treatment,0,0.0
12824,treatment,0,0.0
12825,treatment,0,0.0
12826,treatment,0,0.0
12827,treatment,0,0.0
12828,treatment,0,0.0
12829,treatment,0,0.0
12830,treatment,0,0.0
12831,treatment,0,0.0
12832,treatment,0,0.0
12833,treatment,0,0.0
12834,treatment,0,0.0
12835,treatment,0,0.0
12836,treatment,0,0.0
12837,treatment,0,0.0
12838,treatment,1,75.67
12839,treatment,0,0.0
12840,treatment,0,0.0
12841,treatment,0,0.0
12842,treatment,0,0.0
12843,treatment,0,0.0
12844,treatment,0,0.0
12845,treatment,0,0.0
12846,treatment,0,0.0
12847,treatment,0,0.0
12848,treatment,0,0.0
12849,treatment,0,0.0
12850,treatment,0,0.0
12851,treatment,0,0.0
12852,treatment,0,0.0
12853,treatment,1,28.49
12854,treatment,0,0.0
12855,treatment,1,52.82
12856,treatment,1,25.77
12857,treatment,0,0.0
12858,treatment,0,0.0
12859,treatment,0,0.0
12860,treatment,0,0.0
12861,treatment,0,0.0
12862,treatment,0,0.0
12863,treatment,0,0.0
12864,treatment,0,0.0
12865,treatment,1,54.81
12866,treatment,0,0.0
12867,treatment,0,0.0
12868,treatment,0,0.0
12869,treatment,0,0.0
12870,treatment,0,0.0
12871,treatment,0,0.0
12872,treatment,0,0.0
12873,treatment,0,0.0
12874,treatment,1,57.5
12875,treatment,0,0.0
12876,treatment,0,0.0
12877,treatment,0,0.0
12878,treatment,0,0.0
12879,treatment,0,0.0
12880,treatment,0,0.0
12881,treatment,0,0.0
12882,treatment,0,0.0
12883,treatment,0,0.0
12884,treatment,0,0.0
12885,treatment,0,0.0
12886,treatment,0,0.0
12887,treatment,0,0.0
12888,treatment,0,0.0
12889,treatment,0,0.0
12890,treatment,0,0.0
12891,treatment,0,0.0
12892,treatment,0,0.0
12893,treatment,0,0.0
12894,treatment,0,0.0
12895,treatment,0,0.0
12896,treatment,1,41.87
12897,treatment,0,0.0
12898,treatment,0,0.0
12899,treatment,0,0.0
12900,treatment,0,0.0
12901,treatment,1,19.1
12902,treatment,0,0.0
12903,treatment,0,0.0
12904,treatment,0,0.0
12905,treatment,0,0.0
12906,treatment,0,0.0
12907,treatment,0,0.0
12908,treatment,0,0.0
12909,treatment,0,0.0
12910,treatment,0,0.0
12911,treatment,0,0.0
12912,treatment,0,0.0
12913,treatment,0,0.0
12914,treatment,0,0.0
12915,treatment,0,0.0
12916,treatment,0,0.0
12917,treatment,0,0.0
12918,treatment,0,0.0
12919,treatment,0,0.0
12920,treatment,0,0.0
12921,treatment,0,0.0
12922,treatment,0,0.0
12923,treatment,0,0.0
12924,treatment,0,0.0
12925,treatment,0,0.0
12926,treatment,0,0.0
12927,treatment,0,0.0
12928,treatment,0,0.0
12929,treatment,0,0.0
12930,treatment,1,71.21
12931,treatment,0,0.0
12932,treatment,0,0.0
12933,treatment,0,0.0
12934,treatment,0,0.0
12935,treatment,0,0.0
12936,treatment,1,93.14
12937,treatment,0,0.0
12938,treatment,1,53.49
12939,treatment,0,0.0
12940,treatment,0,0.0
12941,treatment,0,0.0
12942,treatment,0,0.0
12943,treatment,0,0.0
12944,treatment,0,0.0
12945,treatment,0,0.0
12946,treatment,0,0.0
12947,treatment,0,0.0
12948,treatment,0,0.0
12949,treatment,0,0.0
12950,treatment,0,0.0
12951,treatment,0,0.0
12952,treatment,0,0.0
12953,treatment,0,0.0
12954,treatment,0,0.0
12955,treatment,0,0.0
12956,treatment,0,0.0
12957,treatment,1,93.95
12958,treatment,0,0.0
12959,treatment,0,0.0
12960,treatment,0,0.0
12961,treatment,0,0.0
12962,treatment,0,0.0
12963,treatment,1,101.73
12964,treatment,0,0.0
12965,treatment,0,0.0
12966,treatment,0,0.0
12967,treatment,0,0.0
12968,treatment,0,0.0
12969,treatment,0,0.0
12970,treatment,1,103.44
12971,treatment,0,0.0
12972,treatment,0,0.0
12973,treatment,0,0.0
12974,treatment,1,58.88
12975,treatment,0,0.0
12976,treatment,0,0.0
12977,treatment,0,0.0
12978,treatment,0,0.0
12979,treatment,1,107.31
12980,treatment,0,0.0
12981,treatment,0,0.0
12982,treatment,0,0.0
12983,treatment,0,0.0
12984,treatment,1,23.89
12985,treatment,0,0.0
12986,treatment,0,0.0
12987,treatment,0,0.0
12988,treatment,0,0.0
12989,treatment,0,0.0
12990,treatment,0,0.0
12991,treatment,0,0.0
12992,treatment,0,0.0
12993,treatment,0,0.0
12994,treatment,0,0.0
12995,treatment,0,0.0
12996,treatment,0,0.0
12997,treatment,0,0.0
12998,treatment,0,0.0
12999,treatment,0,0.0
13000,treatment,0,0.0
13001,treatment,0,0.0
13002,treatment,0,0.0
13003,treatment,0,0.0
13004,treatment,1,59.77
13005,treatment,0,0.0
13006,treatment,0,0.0
13007,treatment,0,0.0
13008,treatment,0,0.0
13009,treatment,0,0.0
13010,treatment,0,0.0
13011,treatment,0,0.0
13012,treatment,0,0.0
13013,treatment,1,24.41
13014,treatment,0,0.0
13015,treatment,0,0.0
13016,treatment,0,0.0
13017,treatment,0,0.0
13018,treatment,0,0.0
13019,treatment,0,0.0
13020,treatment,0,0.0
13021,treatment,1,28.13
13022,treatment,0,0.0
13023,treatment,0,0.0
13024,treatment,0,0.0
13025,treatment,0,0.0
13026,treatment,1,44.1
13027,treatment,0,0.0
13028,treatment,0,0.0
13029,treatment,1,50.2
13030,treatment,0,0.0
13031,treatment,0,0.0
13032,treatment,0,0.0
13033,treatment,0,0.0
13034,treatment,0,0.0
13035,treatment,0,0.0
13036,treatment,0,0.0
13037,treatment,1,39.96
13038,treatment,1,23.35
13039,treatment,0,0.0
13040,treatment,0,0.0
13041,treatment,0,0.0
13042,treatment,0,0.0
13043,treatment,0,0.0
13044,treatment,1,39.83
13045,treatment,0,0.0
13046,treatment,0,0.0
13047,treatment,1,106.16
13048,treatment,0,0.0
13049,treatment,1,107.68
13050,treatment,0,0.0
13051,treatment,0,0.0
13052,treatment,0,0.0
13053,treatment,1,59.99
13054,treatment,0,0.0
13055,treatment,1,111.42
13056,treatment,0,0.0
13057,treatment,0,0.0
13058,treatment,0,0.0
13059,treatment,0,0.0
13060,treatment,0,0.0
13061,treatment,0,0.0
13062,treatment,0,0.0
13063,treatment,0,0.0
13064,treatment,0,0.0
13065,treatment,0,0.0
13066,treatment,0,0.0
13067,treatment,0,0.0
13068,treatment,0,0.0
13069,treatment,0,0.0
13070,treatment,0,0.0
13071,treatment,0,0.0
13072,treatment,1,84.17
13073,treatment,0,0.0
13074,treatment,0,0.0
13075,treatment,0,0.0
13076,treatment,0,0.0
13077,treatment,1,26.63
13078,treatment,0,0.0
13079,treatment,0,0.0
13080,treatment,0,0.0
13081,treatment,0,0.0
13082,treatment,0,0.0
13083,treatment,0,0.0
13084,treatment,0,0.0
13085,treatment,0,0.0
13086,treatment,1,78.24
13087,treatment,0,0.0
13088,treatment,0,0.0
13089,treatment,0,0.0
13090,treatment,1,41.75
13091,treatment,0,0.0
13092,treatment,0,0.0
13093,treatment,0,0.0
13094,treatment,0,0.0
13095,treatment,0,0.0
13096,treatment,1,71.06
13097,treatment,0,0.0
13098,treatment,0,0.0
13099,treatment,0,0.0
13100,treatment,0,0.0
13101,treatment,0,0.0
13102,treatment,0,0.0
13103,treatment,1,22.8
13104,treatment,0,0.0
13105,treatment,1,67.32
13106,treatment,0,0.0
13107,treatment,0,0.0
13108,treatment,1,52.1
13109,treatment,0,0.0
13110,treatment,0,0.0
13111,treatment,0,0.0
13112,treatment,0,0.0
13113,treatment,0,0.0
13114,treatment,0,0.0
13115,treatment,0,0.0
13116,treatment,0,0.0
13117,treatment,1,76.02
13118,treatment,0,0.0
13119,treatment,0,0.0
13120,treatment,0,0.0
13121,treatment,0,0.0
13122,treatment,1,45.22
13123,treatment,0,0.0
13124,treatment,0,0.0
13125,treatment,0,0.0
13126,treatment,0,0.0
13127,treatment,1,64.62
13128,treatment,0,0.0
13129,treatment,0,0.0
13130,treatment,0,0.0
13131,treatment,0,0.0
13132,treatment,0,0.0
13133,treatment,0,0.0
13134,treatment,1,21.69
13135,treatment,0,0.0
13136,treatment,1,41.23
13137,treatment,0,0.0
13138,treatment,0,0.0
13139,treatment,0,0.0
13140,treatment,1,26.34
13141,treatment,0,0.0
13142,treatment,1,52.24
13143,treatment,0,0.0
13144,treatment,0,0.0
13145,treatment,0,0.0
13146,treatment,1,58.13
13147,treatment,0,0.0
13148,treatment,0,0.0
13149,treatment,0,0.0
13150,treatment,0,0.0
13151,treatment,0,0.0
13152,treatment,0,0.0
13153,treatment,0,0.0
13154,treatment,0,0.0
13155,treatment,1,28.83
13156,treatment,1,53.59
13157,treatment,0,0.0
13158,treatment,0,0.0
13159,treatment,0,0.0
13160,treatment,0,0.0
13161,treatment,0,0.0
13162,treatment,0,0.0
13163,treatment,0,0.0
13164,treatment,1,34.14
13165,treatment,0,0.0
13166,treatment,0,0.0
13167,treatment,0,0.0
13168,treatment,0,0.0
13169,treatment,0,0.0
13170,treatment,1,82.77
13171,treatment,0,0.0
13172,treatment,0,0.0
13173,treatment,0,0.0
13174,treatment,1,41.94
13175,treatment,0,0.0
13176,treatment,0,0.0
13177,treatment,0,0.0
13178,treatment,0,0.0
13179,treatment,0,0.0
13180,treatment,0,0.0
13181,treatment,0,0.0
13182,treatment,0,0.0
13183,treatment,0,0.0
13184,treatment,0,0.0
13185,treatment,0,0.0
13186,treatment,0,0.0
13187,treatment,0,0.0
13188,treatment,0,0.0
13189,treatment,1,72.9
13190,treatment,0,0.0
13191,treatment,1,33.62
13192,treatment,1,76.29
13193,treatment,0,0.0
13194,treatment,1,99.6
13195,treatment,0,0.0
13196,treatment,0,0.0
13197,treatment,1,84.63
13198,treatment,0,0.0
13199,treatment,0,0.0
13200,treatment,0,0.0
13201,treatment,1,20.11
13202,treatment,0,0.0
13203,treatment,0,0.0
13204,treatment,0,0.0
13205,treatment,0,0.0
13206,treatment,1,42.77
13207,treatment,0,0.0
13208,treatment,1,151.05
13209,treatment,0,0.0
13210,treatment,0,0.0
13211,treatment,0,0.0
13212,treatment,0,0.0
13213,treatment,0,0.0
13214,treatment,0,0.0
13215,treatment,0,0.0
13216,treatment,0,0.0
13217,treatment,0,0.0
13218,treatment,0,0.0
13219,treatment,0,0.0
13220,treatment,0,0.0
13221,treatment,0,0.0
13222,treatment,1,74.44
13223,treatment,0,0.0
13224,treatment,0,0.0
13225,treatment,1,46.69
13226,treatment,0,0.0
13227,treatment,0,0.0
13228,treatment,0,0.0
13229,treatment,1,37.62
13230,treatment,0,0.0
13231,treatment,0,0.0
13232,treatment,0,0.0
13233,treatment,0,0.0
13234,treatment,0,0.0
13235,treatment,1,12.05
13236,treatment,0,0.0
13237,treatment,1,45.76
13238,treatment,0,0.0
13239,treatment,0,0.0
13240,treatment,0,0.0
13241,treatment,0,0.0
13242,treatment,1,30.23
13243,treatment,0,0.0
13244,treatment,0,0.0
13245,treatment,0,0.0
13246,treatment,0,0.0
13247,treatment,1,41.63
13248,treatment,0,0.0
13249,treatment,0,0.0
13250,treatment,1,25.7
13251,treatment,1,118.7
13252,treatment,0,0.0
13253,treatment,0,0.0
13254,treatment,0,0.0
13255,treatment,1,31.19
13256,treatment,0,0.0
13257,treatment,0,0.0
13258,treatment,0,0.0
13259,treatment,0,0.0
13260,treatment,0,0.0
13261,treatment,0,0.0
13262,treatment,0,0.0
13263,treatment,0,0.0
13264,treatment,1,116.0
13265,treatment,0,0.0
13266,treatment,0,0.0
13267,treatment,0,0.0
13268,treatment,0,0.0
13269,treatment,0,0.0
13270,treatment,0,0.0
13271,treatment,0,0.0
13272,treatment,0,0.0
13273,treatment,0,0.0
13274,treatment,0,0.0
13275,treatment,1,39.37
13276,treatment,0,0.0
13277,treatment,0,0.0
13278,treatment,0,0.0
13279,treatment,0,0.0
13280,treatment,0,0.0
13281,treatment,0,0.0
13282,treatment,0,0.0
13283,treatment,0,0.0
13284,treatment,0,0.0
13285,treatment,0,0.0
13286,treatment,0,0.0
13287,treatment,0,0.0
13288,treatment,0,0.0
13289,treatment,0,0.0
13290,treatment,0,0.0
13291,treatment,0,0.0
13292,treatment,0,0.0
13293,treatment,0,0.0
13294,treatment,0,0.0
13295,treatment,0,0.0
13296,treatment,0,0.0
13297,treatment,0,0.0
13298,treatment,1,98.47
13299,treatment,0,0.0
13300,treatment,0,0.0
13301,treatment,0,0.0
13302,treatment,0,0.0
13303,treatment,0,0.0
13304,treatment,0,0.0
13305,treatment,0,0.0
13306,treatment,0,0.0
13307,treatment,0,0.0
13308,treatment,1,84.3
13309,treatment,0,0.0
13310,treatment,0,0.0
13311,treatment,1,51.76
13312,treatment,0,0.0
13313,treatment,0,0.0
13314,treatment,0,0.0
13315,treatment,0,0.0
13316,treatment,0,0.0
13317,treatment,0,0.0
13318,treatment,0,0.0
13319,treatment,0,0.0
13320,treatment,0,0.0
13321,treatment,0,0.0
13322,treatment,0,0.0
13323,treatment,0,0.0
13324,treatment,0,0.0
13325,treatment,0,0.0
13326,treatment,1,85.68
13327,treatment,0,0.0
13328,treatment,0,0.0
13329,treatment,0,0.0
13330,treatment,0,0.0
13331,treatment,0,0.0
13332,treatment,0,0.0
13333,treatment,0,0.0
13334,treatment,0,0.0
13335,treatment,0,0.0
13336,treatment,0,0.0
13337,treatment,0,0.0
13338,treatment,0,0.0
13339,treatment,0,0.0
13340,treatment,0,0.0
13341,treatment,0,0.0
13342,treatment,1,44.91
13343,treatment,0,0.0
13344,treatment,0,0.0
13345,treatment,0,0.0
13346,treatment,1,56.35
13347,treatment,1,68.47
13348,treatment,0,0.0
13349,treatment,0,0.0
13350,treatment,0,0.0
13351,treatment,0,0.0
13352,treatment,0,0.0
13353,treatment,1,40.18
13354,treatment,0,0.0
13355,treatment,0,0.0
13356,treatment,1,39.65
13357,treatment,0,0.0
13358,treatment,1,50.62
13359,treatment,0,0.0
13360,treatment,0,0.0
13361,treatment,0,0.0
13362,treatment,0,0.0
13363,treatment,0,0.0
13364,treatment,0,0.0
13365,treatment,0,0.0
13366,treatment,0,0.0
13367,treatment,0,0.0
13368,treatment,0,0.0
13369,treatment,0,0.0
13370,treatment,0,0.0
13371,treatment,0,0.0
13372,treatment,0,0.0
13373,treatment,0,0.0
13374,treatment,0,0.0
13375,treatment,0,0.0
13376,treatment,0,0.0
13377,treatment,0,0.0
13378,treatment,1,68.38
13379,treatment,0,0.0
13380,treatment,0,0.0
13381,treatment,0,0.0
13382,treatment,0,0.0
13383,treatment,0,0.0
13384,treatment,0,0.0
13385,treatment,0,0.0
13386,treatment,0,0.0
13387,treatment,0,0.0
13388,treatment,1,51.27
13389,treatment,0,0.0
13390,treatment,0,0.0
13391,treatment,0,0.0
13392,treatment,0,0.0
13393,treatment,1,37.87
13394,treatment,1,115.92
13395,treatment,1,58.8
13396,treatment,0,0.0
13397,treatment,0,0.0
13398,treatment,0,0.0
13399,treatment,0,0.0
13400,treatment,0,0.0
13401,treatment,0,0.0
13402,treatment,0,0.0
13403,treatment,0,0.0
13404,treatment,0,0.0
13405,treatment,0,0.0
13406,treatment,0,0.0
13407,treatment,0,0.0
13408,treatment,0,0.0
13409,treatment,1,64.64
13410,treatment,0,0.0
13411,treatment,0,0.0
13412,treatment,0,0.0
13413,treatment,0,0.0
13414,treatment,0,0.0
13415,treatment,0,0.0
13416,treatment,0,0.0
13417,treatment,0,0.0
13418,treatment,1,95.03
13419,treatment,0,0.0
13420,treatment,0,0.0
13421,treatment,0,0.0
13422,treatment,0,0.0
13423,treatment,0,0.0
13424,treatment,0,0.0
13425,treatment,0,0.0
13426,treatment,0,0.0
13427,treatment,0,0.0
13428,treatment,0,0.0
13429,treatment,0,0.0
13430,treatment,0,0.0
13431,treatment,0,0.0
13432,treatment,0,0.0
13433,treatment,0,0.0
13434,treatment,0,0.0
13435,treatment,0,0.0
13436,treatment,0,0.0
13437,treatment,0,0.0
13438,treatment,0,0.0
13439,treatment,1,56.42
13440,treatment,0,0.0
13441,treatment,0,0.0
13442,treatment,0,0.0
13443,treatment,0,0.0
13444,treatment,0,0.0
13445,treatment,0,0.0
13446,treatment,0,0.0
13447,treatment,0,0.0
13448,treatment,0,0.0
13449,treatment,0,0.0
13450,treatment,0,0.0
13451,treatment,0,0.0
13452,treatment,0,0.0
13453,treatment,0,0.0
13454,treatment,0,0.0
13455,treatment,0,0.0
13456,treatment,0,0.0
13457,treatment,0,0.0
13458,treatment,1,82.07
13459,treatment,0,0.0
13460,treatment,0,0.0
13461,treatment,0,0.0
13462,treatment,0,0.0
13463,treatment,0,0.0
13464,treatment,1,93.7
13465,treatment,0,0.0
13466,treatment,0,0.0
13467,treatment,0,0.0
13468,treatment,0,0.0
13469,treatment,0,0.0
13470,treatment,0,0.0
13471,treatment,0,0.0
13472,treatment,0,0.0
13473,treatment,0,0.0
13474,treatment,0,0.0
13475,treatment,0,0.0
13476,treatment,0,0.0
13477,treatment,0,0.0
13478,treatment,0,0.0
13479,treatment,0,0.0
13480,treatment,0,0.0
13481,treatment,0,0.0
13482,treatment,1,74.65
13483,treatment,0,0.0
13484,treatment,0,0.0
13485,treatment,0,0.0
13486,treatment,0,0.0
13487,treatment,0,0.0
13488,treatment,0,0.0
13489,treatment,0,0.0
13490,treatment,0,0.0
13491,treatment,1,70.1
13492,treatment,0,0.0
13493,treatment,0,0.0
13494,treatment,0,0.0
13495,treatment,1,46.88
13496,treatment,0,0.0
13497,treatment,0,0.0
13498,treatment,0,0.0
13499,treatment,0,0.0
13500,treatment,0,0.0
13501,treatment,0,0.0
13502,treatment,0,0.0
13503,treatment,0,0.0
13504,treatment,0,0.0
13505,treatment,0,0.0
13506,treatment,0,0.0
13507,treatment,0,0.0
13508,treatment,0,0.0
13509,treatment,0,0.0
13510,treatment,0,0.0
13511,treatment,0,0.0
13512,treatment,0,0.0
13513,treatment,0,0.0
13514,treatment,0,0.0
13515,treatment,0,0.0
13516,treatment,0,0.0
13517,treatment,1,88.63
13518,treatment,1,72.65
13519,treatment,0,0.0
13520,treatment,0,0.0
13521,treatment,0,0.0
13522,treatment,0,0.0
13523,treatment,1,41.09
13524,treatment,0,0.0
13525,treatment,0,0.0
13526,treatment,0,0.0
13527,treatment,0,0.0
13528,treatment,0,0.0
13529,treatment,0,0.0
13530,treatment,1,56.97
13531,treatment,0,0.0
13532,treatment,0,0.0
13533,treatment,0,0.0
13534,treatment,0,0.0
13535,treatment,0,0.0
13536,treatment,0,0.0
13537,treatment,0,0.0
13538,treatment,0,0.0
13539,treatment,0,0.0
13540,treatment,0,0.0
13541,treatment,1,42.93
13542,treatment,1,103.99
13543,treatment,0,0.0
13544,treatment,0,0.0
13545,treatment,1,42.95
13546,treatment,1,62.66
13547,treatment,1,35.47
13548,treatment,0,0.0
13549,treatment,0,0.0
13550,treatment,0,0.0
13551,treatment,0,0.0
13552,treatment,0,0.0
13553,treatment,0,0.0
13554,treatment,0,0.0
13555,treatment,0,0.0
13556,treatment,0,0.0
13557,treatment,0,0.0
13558,treatment,0,0.0
13559,treatment,0,0.0
13560,treatment,0,0.0
13561,treatment,0,0.0
13562,treatment,0,0.0
13563,treatment,0,0.0
13564,treatment,0,0.0
13565,treatment,0,0.0
13566,treatment,0,0.0
13567,treatment,0,0.0
13568,treatment,0,0.0
13569,treatment,0,0.0
13570,treatment,0,0.0
13571,treatment,1,68.84
13572,treatment,0,0.0
13573,treatment,0,0.0
13574,treatment,1,98.95
13575,treatment,0,0.0
13576,treatment,0,0.0
13577,treatment,1,35.87
13578,treatment,0,0.0
13579,treatment,0,0.0
13580,treatment,0,0.0
13581,treatment,0,0.0
13582,treatment,0,0.0
13583,treatment,0,0.0
13584,treatment,0,0.0
13585,treatment,0,0.0
13586,treatment,0,0.0
13587,treatment,0,0.0
13588,treatment,0,0.0
13589,treatment,0,0.0
13590,treatment,0,0.0
13591,treatment,0,0.0
13592,treatment,0,0.0
13593,treatment,1,49.75
13594,treatment,0,0.0
13595,treatment,0,0.0
13596,treatment,1,37.26
13597,treatment,0,0.0
13598,treatment,0,0.0
13599,treatment,0,0.0
13600,treatment,0,0.0
13601,treatment,0,0.0
13602,treatment,0,0.0
13603,treatment,1,95.18
13604,treatment,0,0.0
13605,treatment,0,0.0
13606,treatment,0,0.0
13607,treatment,0,0.0
13608,treatment,1,47.47
13609,treatment,0,0.0
13610,treatment,1,32.81
13611,treatment,0,0.0
13612,treatment,0,0.0
13613,treatment,0,0.0
13614,treatment,0,0.0
13615,treatment,0,0.0
13616,treatment,0,0.0
13617,treatment,0,0.0
13618,treatment,0,0.0
13619,treatment,0,0.0
13620,treatment,0,0.0
13621,treatment,0,0.0
13622,treatment,0,0.0
13623,treatment,0,0.0
13624,treatment,0,0.0
13625,treatment,0,0.0
13626,treatment,0,0.0
13627,treatment,0,0.0
13628,treatment,0,0.0
13629,treatment,0,0.0
13630,treatment,0,0.0
13631,treatment,0,0.0
13632,treatment,0,0.0
13633,treatment,0,0.0
13634,treatment,0,0.0
13635,treatment,0,0.0
13636,treatment,0,0.0
13637,treatment,0,0.0
13638,treatment,0,0.0
13639,treatment,0,0.0
13640,treatment,0,0.0
13641,treatment,0,0.0
13642,treatment,0,0.0
13643,treatment,0,0.0
13644,treatment,0,0.0
13645,treatment,0,0.0
13646,treatment,0,0.0
13647,treatment,0,0.0
13648,treatment,0,0.0
13649,treatment,0,0.0
13650,treatment,0,0.0
13651,treatment,0,0.0
13652,treatment,0,0.0
13653,treatment,0,0.0
13654,treatment,0,0.0
13655,treatment,0,0.0
13656,treatment,0,0.0
13657,treatment,0,0.0
13658,treatment,0,0.0
13659,treatment,0,0.0
13660,treatment,0,0.0
13661,treatment,0,0.0
13662,treatment,0,0.0
13663,treatment,1,47.33
13664,treatment,0,0.0
13665,treatment,0,0.0
13666,treatment,0,0.0
13667,treatment,0,0.0
13668,treatment,0,0.0
13669,treatment,0,0.0
13670,treatment,0,0.0
13671,treatment,0,0.0
13672,treatment,0,0.0
13673,treatment,1,96.52
13674,treatment,0,0.0
13675,treatment,0,0.0
13676,treatment,0,0.0
13677,treatment,0,0.0
13678,treatment,0,0.0
13679,treatment,0,0.0
13680,treatment,0,0.0
13681,treatment,1,65.2
13682,treatment,0,0.0
13683,treatment,0,0.0
13684,treatment,0,0.0
13685,treatment,0,0.0
13686,treatment,0,0.0
13687,treatment,0,0.0
13688,treatment,0,0.0
13689,treatment,0,0.0
13690,treatment,1,23.48
13691,treatment,0,0.0
13692,treatment,0,0.0
13693,treatment,0,0.0
13694,treatment,0,0.0
13695,treatment,0,0.0
13696,treatment,0,0.0
13697,treatment,0,0.0
13698,treatment,0,0.0
13699,treatment,0,0.0
13700,treatment,0,0.0
13701,treatment,0,0.0
13702,treatment,0,0.0
13703,treatment,0,0.0
13704,treatment,0,0.0
13705,treatment,0,0.0
13706,treatment,0,0.0
13707,treatment,0,0.0
13708,treatment,0,0.0
13709,treatment,0,0.0
13710,treatment,0,0.0
13711,treatment,1,108.79
13712,treatment,0,0.0
13713,treatment,0,0.0
13714,treatment,0,0.0
13715,treatment,1,44.56
13716,treatment,0,0.0
13717,treatment,1,141.83
13718,treatment,0,0.0
13719,treatment,0,0.0
13720,treatment,0,0.0
13721,treatment,0,0.0
13722,treatment,0,0.0
13723,treatment,0,0.0
13724,treatment,0,0.0
13725,treatment,0,0.0
13726,treatment,1,37.25
13727,treatment,0,0.0
13728,treatment,0,0.0
13729,treatment,1,47.64
13730,treatment,0,0.0
13731,treatment,1,72.04
13732,treatment,0,0.0
13733,treatment,0,0.0
13734,treatment,0,0.0
13735,treatment,0,0.0
13736,treatment,0,0.0
13737,treatment,0,0.0
13738,treatment,0,0.0
13739,treatment,0,0.0
13740,treatment,0,0.0
13741,treatment,0,0.0
13742,treatment,1,49.89
13743,treatment,0,0.0
13744,treatment,1,36.15
13745,treatment,0,0.0
13746,treatment,0,0.0
13747,treatment,0,0.0
13748,treatment,1,42.79
13749,treatment,0,0.0
13750,treatment,0,0.0
13751,treatment,0,0.0
13752,treatment,0,0.0
13753,treatment,0,0.0
13754,treatment,0,0.0
13755,treatment,1,37.75
13756,treatment,0,0.0
13757,treatment,0,0.0
13758,treatment,1,95.76
13759,treatment,0,0.0
13760,treatment,0,0.0
13761,treatment,0,0.0
13762,treatment,0,0.0
13763,treatment,0,0.0
13764,treatment,1,84.39
13765,treatment,0,0.0
13766,treatment,1,52.07
13767,treatment,1,112.93
13768,treatment,0,0.0
13769,treatment,0,0.0
13770,treatment,0,0.0
13771,treatment,1,20.73
13772,treatment,0,0.0
13773,treatment,0,0.0
13774,treatment,0,0.0
13775,treatment,0,0.0
13776,treatment,0,0.0
13777,treatment,0,0.0
13778,treatment,0,0.0
13779,treatment,0,0.0
13780,treatment,0,0.0
13781,treatment,0,0.0
13782,treatment,0,0.0
13783,treatment,0,0.0
13784,treatment,0,0.0
13785,treatment,0,0.0
13786,treatment,0,0.0
13787,treatment,0,0.0
13788,treatment,0,0.0
13789,treatment,0,0.0
13790,treatment,1,55.29
13791,treatment,0,0.0
13792,treatment,0,0.0
13793,treatment,0,0.0
13794,treatment,0,0.0
13795,treatment,0,0.0
13796,treatment,1,65.71
13797,treatment,0,0.0
13798,treatment,0,0.0
13799,treatment,0,0.0
13800,treatment,0,0.0
13801,treatment,0,0.0
13802,treatment,0,0.0
13803,treatment,0,0.0
13804,treatment,0,0.0
13805,treatment,0,0.0
13806,treatment,0,0.0
13807,treatment,0,0.0
13808,treatment,0,0.0
13809,treatment,1,31.41
13810,treatment,1,120.92
13811,treatment,0,0.0
13812,treatment,0,0.0
13813,treatment,1,69.05
13814,treatment,0,0.0
13815,treatment,0,0.0
13816,treatment,0,0.0
13817,treatment,0,0.0
13818,treatment,0,0.0
13819,treatment,0,0.0
13820,treatment,0,0.0
13821,treatment,0,0.0
13822,treatment,0,0.0
13823,treatment,0,0.0
13824,treatment,1,95.72
13825,treatment,0,0.0
13826,treatment,0,0.0
13827,treatment,1,47.21
13828,treatment,0,0.0
13829,treatment,0,0.0
13830,treatment,0,0.0
13831,treatment,0,0.0
13832,treatment,0,0.0
13833,treatment,0,0.0
13834,treatment,0,0.0
13835,treatment,0,0.0
13836,treatment,0,0.0
13837,treatment,1,57.3
13838,treatment,0,0.0
13839,treatment,0,0.0
13840,treatment,0,0.0
13841,treatment,1,52.11
13842,treatment,0,0.0
13843,treatment,0,0.0
13844,treatment,0,0.0
13845,treatment,0,0.0
13846,treatment,0,0.0
13847,treatment,0,0.0
13848,treatment,0,0.0
13849,treatment,0,0.0
13850,treatment,1,85.21
13851,treatment,0,0.0
13852,treatment,0,0.0
13853,treatment,0,0.0
13854,treatment,0,0.0
13855,treatment,0,0.0
13856,treatment,0,0.0
13857,treatment,1,41.76
13858,treatment,0,0.0
13859,treatment,1,36.63
13860,treatment,0,0.0
13861,treatment,0,0.0
13862,treatment,0,0.0
13863,treatment,0,0.0
13864,treatment,0,0.0
13865,treatment,0,0.0
13866,treatment,0,0.0
13867,treatment,1,33.72
13868,treatment,0,0.0
13869,treatment,1,78.13
13870,treatment,0,0.0
13871,treatment,0,0.0
13872,treatment,0,0.0
13873,treatment,0,0.0
13874,treatment,0,0.0
13875,treatment,0,0.0
13876,treatment,0,0.0
13877,treatment,0,0.0
13878,treatment,0,0.0
13879,treatment,0,0.0
13880,treatment,0,0.0
13881,treatment,1,34.29
13882,treatment,1,36.54
13883,treatment,0,0.0
13884,treatment,0,0.0
13885,treatment,1,49.13
13886,treatment,1,91.42
13887,treatment,0,0.0
13888,treatment,0,0.0
13889,treatment,0,0.0
13890,treatment,0,0.0
13891,treatment,0,0.0
13892,treatment,1,29.04
13893,treatment,0,0.0
13894,treatment,0,0.0
13895,treatment,0,0.0
13896,treatment,0,0.0
13897,treatment,1,53.08
13898,treatment,0,0.0
13899,treatment,0,0.0
13900,treatment,0,0.0
13901,treatment,0,0.0
13902,treatment,0,0.0
13903,treatment,0,0.0
13904,treatment,0,0.0
13905,treatment,0,0.0
13906,treatment,1,64.88
13907,treatment,0,0.0
13908,treatment,0,0.0
13909,treatment,0,0.0
13910,treatment,0,0.0
13911,treatment,0,0.0
13912,treatment,0,0.0
13913,treatment,1,67.57
13914,treatment,0,0.0
13915,treatment,0,0.0
13916,treatment,0,0.0
13917,treatment,1,48.34
13918,treatment,0,0.0
13919,treatment,0,0.0
13920,treatment,0,0.0
13921,treatment,1,103.57
13922,treatment,0,0.0
13923,treatment,0,0.0
13924,treatment,0,0.0
13925,treatment,0,0.0
13926,treatment,1,62.56
13927,treatment,0,0.0
13928,treatment,0,0.0
13929,treatment,0,0.0
13930,treatment,1,64.42
13931,treatment,0,0.0
13932,treatment,0,0.0
13933,treatment,0,0.0
13934,treatment,0,0.0
13935,treatment,1,69.57
13936,treatment,0,0.0
13937,treatment,0,0.0
13938,treatment,0,0.0
13939,treatment,0,0.0
13940,treatment,0,0.0
13941,treatment,0,0.0
13942,treatment,0,0.0
13943,treatment,0,0.0
13944,treatment,0,0.0
13945,treatment,0,0.0
13946,treatment,1,76.91
13947,treatment,0,0.0
13948,treatment,0,0.0
13949,treatment,0,0.0
13950,treatment,0,0.0
13951,treatment,0,0.0
13952,treatment,0,0.0
13953,treatment,0,0.0
13954,treatment,0,0.0
13955,treatment,1,83.36
13956,treatment,0,0.0
13957,treatment,0,0.0
13958,treatment,0,0.0
13959,treatment,0,0.0
13960,treatment,1,15.96
13961,treatment,1,92.94
13962,treatment,0,0.0
13963,treatment,0,0.0
13964,treatment,0,0.0
13965,treatment,1,39.52
13966,treatment,0,0.0
13967,treatment,0,0.0
13968,treatment,0,0.0
13969,treatment,0,0.0
13970,treatment,0,0.0
13971,treatment,1,37.22
13972,treatment,0,0.0
13973,treatment,0,0.0
13974,treatment,0,0.0
13975,treatment,0,0.0
13976,treatment,0,0.0
13977,treatment,1,77.61
13978,treatment,1,70.05
13979,treatment,0,0.0
13980,treatment,0,0.0
13981,treatment,0,0.0
13982,treatment,0,0.0
13983,treatment,1,95.57
13984,treatment,0,0.0
13985,treatment,0,0.0
13986,treatment,0,0.0
13987,treatment,0,0.0
13988,treatment,0,0.0
13989,treatment,0,0.0
13990,treatment,0,0.0
13991,treatment,1,20.32
13992,treatment,0,0.0
13993,treatment,0,0.0
13994,treatment,0,0.0
13995,treatment,0,0.0
13996,treatment,0,0.0
13997,treatment,0,0.0
13998,treatment,0,0.0
13999,treatment,0,0.0
14000,treatment,0,0.0
14001,treatment,0,0.0
14002,treatment,0,0.0
14003,treatment,0,0.0
14004,treatment,0,0.0
14005,treatment,0,0.0
14006,treatment,0,0.0
14007,treatment,0,0.0
14008,treatment,0,0.0
14009,treatment,0,0.0
14010,treatment,0,0.0
14011,treatment,0,0.0
14012,treatment,0,0.0
14013,treatment,0,0.0
14014,treatment,0,0.0
14015,treatment,0,0.0
14016,treatment,0,0.0
14017,treatment,0,0.0
14018,treatment,0,0.0
14019,treatment,0,0.0
14020,treatment,0,0.0
14021,treatment,0,0.0
14022,treatment,0,0.0
14023,treatment,0,0.0
14024,treatment,0,0.0
14025,treatment,0,0.0
14026,treatment,0,0.0
14027,treatment,0,0.0
14028,treatment,0,0.0
14029,treatment,0,0.0
14030,treatment,0,0.0
14031,treatment,0,0.0
14032,treatment,0,0.0
14033,treatment,0,0.0
14034,treatment,1,38.67
14035,treatment,0,0.0
14036,treatment,0,0.0
14037,treatment,0,0.0
14038,treatment,0,0.0
14039,treatment,0,0.0
14040,treatment,0,0.0
14041,treatment,0,0.0
14042,treatment,0,0.0
14043,treatment,0,0.0
14044,treatment,1,74.73
14045,treatment,0,0.0
14046,treatment,1,96.47
14047,treatment,0,0.0
14048,treatment,0,0.0
14049,treatment,0,0.0
14050,treatment,0,0.0
14051,treatment,0,0.0
14052,treatment,0,0.0
14053,treatment,0,0.0
14054,treatment,0,0.0
14055,treatment,0,0.0
14056,treatment,0,0.0
14057,treatment,0,0.0
14058,treatment,0,0.0
14059,treatment,0,0.0
14060,treatment,0,0.0
14061,treatment,0,0.0
14062,treatment,0,0.0
14063,treatment,0,0.0
14064,treatment,0,0.0
14065,treatment,0,0.0
14066,treatment,0,0.0
14067,treatment,0,0.0
14068,treatment,0,0.0
14069,treatment,1,112.63
14070,treatment,0,0.0
14071,treatment,1,69.59
14072,treatment,0,0.0
14073,treatment,0,0.0
14074,treatment,0,0.0
14075,treatment,1,25.91
14076,treatment,0,0.0
14077,treatment,0,0.0
14078,treatment,0,0.0
14079,treatment,0,0.0
14080,treatment,0,0.0
14081,treatment,0,0.0
14082,treatment,0,0.0
14083,treatment,0,0.0
14084,treatment,1,71.67
14085,treatment,0,0.0
14086,treatment,0,0.0
14087,treatment,0,0.0
14088,treatment,0,0.0
14089,treatment,0,0.0
14090,treatment,1,78.11
14091,treatment,0,0.0
14092,treatment,0,0.0
14093,treatment,0,0.0
14094,treatment,0,0.0
14095,treatment,1,43.38
14096,treatment,0,0.0
14097,treatment,0,0.0
14098,treatment,0,0.0
14099,treatment,0,0.0
14100,treatment,0,0.0
14101,treatment,0,0.0
14102,treatment,1,19.47
14103,treatment,1,17.92
14104,treatment,0,0.0
14105,treatment,0,0.0
14106,treatment,0,0.0
14107,treatment,0,0.0
14108,treatment,0,0.0
14109,treatment,0,0.0
14110,treatment,0,0.0
14111,treatment,0,0.0
14112,treatment,0,0.0
14113,treatment,1,6.02
14114,treatment,0,0.0
14115,treatment,0,0.0
14116,treatment,0,0.0
14117,treatment,0,0.0
14118,treatment,0,0.0
14119,treatment,0,0.0
14120,treatment,0,0.0
14121,treatment,0,0.0
14122,treatment,0,0.0
14123,treatment,0,0.0
14124,treatment,0,0.0
14125,treatment,0,0.0
14126,treatment,0,0.0
14127,treatment,1,94.86
14128,treatment,0,0.0
14129,treatment,0,0.0
14130,treatment,0,0.0
14131,treatment,0,0.0
14132,treatment,0,0.0
14133,treatment,0,0.0
14134,treatment,0,0.0
14135,treatment,0,0.0
14136,treatment,0,0.0
14137,treatment,0,0.0
14138,treatment,0,0.0
14139,treatment,0,0.0
14140,treatment,0,0.0
14141,treatment,0,0.0
14142,treatment,0,0.0
14143,treatment,0,0.0
14144,treatment,0,0.0
14145,treatment,0,0.0
14146,treatment,0,0.0
14147,treatment,1,34.88
14148,treatment,0,0.0
14149,treatment,0,0.0
14150,treatment,1,57.03
14151,treatment,0,0.0
14152,treatment,0,0.0
14153,treatment,0,0.0
14154,treatment,0,0.0
14155,treatment,0,0.0
14156,treatment,0,0.0
14157,treatment,0,0.0
14158,treatment,0,0.0
14159,treatment,0,0.0
14160,treatment,0,0.0
14161,treatment,0,0.0
14162,treatment,0,0.0
14163,treatment,0,0.0
14164,treatment,1,60.05
14165,treatment,0,0.0
14166,treatment,0,0.0
14167,treatment,0,0.0
14168,treatment,0,0.0
14169,treatment,0,0.0
14170,treatment,1,65.79
14171,treatment,0,0.0
14172,treatment,0,0.0
14173,treatment,0,0.0
14174,treatment,0,0.0
14175,treatment,0,0.0
14176,treatment,0,0.0
14177,treatment,1,84.71
14178,treatment,0,0.0
14179,treatment,0,0.0
14180,treatment,0,0.0
14181,treatment,0,0.0
14182,treatment,0,0.0
14183,treatment,0,0.0
14184,treatment,0,0.0
14185,treatment,0,0.0
14186,treatment,0,0.0
14187,treatment,0,0.0
14188,treatment,0,0.0
14189,treatment,1,60.12
14190,treatment,0,0.0
14191,treatment,0,0.0
14192,treatment,0,0.0
14193,treatment,0,0.0
14194,treatment,0,0.0
14195,treatment,0,0.0
14196,treatment,0,0.0
14197,treatment,0,0.0
14198,treatment,0,0.0
14199,treatment,0,0.0
14200,treatment,1,31.52
14201,treatment,0,0.0
14202,treatment,0,0.0
14203,treatment,0,0.0
14204,treatment,0,0.0
14205,treatment,0,0.0
14206,treatment,0,0.0
14207,treatment,0,0.0
14208,treatment,1,128.63
14209,treatment,0,0.0
14210,treatment,0,0.0
14211,treatment,0,0.0
14212,treatment,0,0.0
14213,treatment,0,0.0
14214,treatment,0,0.0
14215,treatment,0,0.0
14216,treatment,1,57.04
14217,treatment,0,0.0
14218,treatment,0,0.0
14219,treatment,0,0.0
14220,treatment,0,0.0
14221,treatment,0,0.0
14222,treatment,1,44.47
14223,treatment,0,0.0
14224,treatment,0,0.0
14225,treatment,0,0.0
14226,treatment,0,0.0
14227,treatment,1,26.35
14228,treatment,0,0.0
14229,treatment,0,0.0
14230,treatment,0,0.0
14231,treatment,0,0.0
14232,treatment,0,0.0
14233,treatment,0,0.0
14234,treatment,0,0.0
14235,treatment,0,0.0
14236,treatment,0,0.0
14237,treatment,0,0.0
14238,treatment,0,0.0
14239,treatment,0,0.0
14240,treatment,0,0.0
14241,treatment,0,0.0
14242,treatment,0,0.0
14243,treatment,1,52.91
14244,treatment,0,0.0
14245,treatment,0,0.0
14246,treatment,0,0.0
14247,treatment,0,0.0
14248,treatment,1,105.79
14249,treatment,0,0.0
14250,treatment,0,0.0
14251,treatment,0,0.0
14252,treatment,0,0.0
14253,treatment,1,39.31
14254,treatment,0,0.0
14255,treatment,0,0.0
14256,treatment,0,0.0
14257,treatment,0,0.0
14258,treatment,0,0.0
14259,treatment,0,0.0
14260,treatment,0,0.0
14261,treatment,0,0.0
14262,treatment,0,0.0
14263,treatment,0,0.0
14264,treatment,0,0.0
14265,treatment,1,34.11
14266,treatment,0,0.0
14267,treatment,0,0.0
14268,treatment,0,0.0
14269,treatment,0,0.0
14270,treatment,0,0.0
14271,treatment,0,0.0
14272,treatment,0,0.0
14273,treatment,0,0.0
14274,treatment,0,0.0
14275,treatment,0,0.0
14276,treatment,0,0.0
14277,treatment,0,0.0
14278,treatment,0,0.0
14279,treatment,0,0.0
14280,treatment,0,0.0
14281,treatment,0,0.0
14282,treatment,1,33.3
14283,treatment,0,0.0
14284,treatment,0,0.0
14285,treatment,0,0.0
14286,treatment,0,0.0
14287,treatment,1,39.48
14288,treatment,0,0.0
14289,treatment,0,0.0
14290,treatment,1,64.99
14291,treatment,1,55.49
14292,treatment,0,0.0
14293,treatment,0,0.0
14294,treatment,0,0.0
14295,treatment,0,0.0
14296,treatment,0,0.0
14297,treatment,1,20.94
14298,treatment,0,0.0
14299,treatment,0,0.0
14300,treatment,0,0.0
14301,treatment,0,0.0
14302,treatment,0,0.0
14303,treatment,0,0.0
14304,treatment,0,0.0
14305,treatment,0,0.0
14306,treatment,0,0.0
14307,treatment,0,0.0
14308,treatment,0,0.0
14309,treatment,0,0.0
14310,treatment,0,0.0
14311,treatment,0,0.0
14312,treatment,0,0.0
14313,treatment,0,0.0
14314,treatment,0,0.0
14315,treatment,0,0.0
14316,treatment,0,0.0
14317,treatment,1,82.32
14318,treatment,0,0.0
14319,treatment,0,0.0
14320,treatment,0,0.0
14321,treatment,0,0.0
14322,treatment,0,0.0
14323,treatment,0,0.0
14324,treatment,0,0.0
14325,treatment,0,0.0
14326,treatment,0,0.0
14327,treatment,1,76.24
14328,treatment,0,0.0
14329,treatment,0,0.0
14330,treatment,0,0.0
14331,treatment,0,0.0
14332,treatment,0,0.0
14333,treatment,0,0.0
14334,treatment,0,0.0
14335,treatment,0,0.0
14336,treatment,0,0.0
14337,treatment,0,0.0
14338,treatment,0,0.0
14339,treatment,0,0.0
14340,treatment,0,0.0
14341,treatment,0,0.0
14342,treatment,0,0.0
14343,treatment,0,0.0
14344,treatment,0,0.0
14345,treatment,0,0.0
14346,treatment,0,0.0
14347,treatment,0,0.0
14348,treatment,1,68.07
14349,treatment,0,0.0
14350,treatment,0,0.0
14351,treatment,0,0.0
14352,treatment,0,0.0
14353,treatment,0,0.0
14354,treatment,0,0.0
14355,treatment,0,0.0
14356,treatment,0,0.0
14357,treatment,0,0.0
14358,treatment,0,0.0
14359,treatment,0,0.0
14360,treatment,0,0.0
14361,treatment,0,0.0
14362,treatment,1,56.91
14363,treatment,0,0.0
14364,treatment,0,0.0
14365,treatment,0,0.0
14366,treatment,0,0.0
14367,treatment,0,0.0
14368,treatment,1,35.82
14369,treatment,0,0.0
14370,treatment,0,0.0
14371,treatment,0,0.0
14372,treatment,0,0.0
14373,treatment,0,0.0
14374,treatment,1,54.15
14375,treatment,0,0.0
14376,treatment,0,0.0
14377,treatment,0,0.0
14378,treatment,0,0.0
14379,treatment,0,0.0
14380,treatment,0,0.0
14381,treatment,0,0.0
14382,treatment,0,0.0
14383,treatment,0,0.0
14384,treatment,0,0.0
14385,treatment,0,0.0
14386,treatment,0,0.0
14387,treatment,0,0.0
14388,treatment,0,0.0
14389,treatment,1,26.01
14390,treatment,0,0.0
14391,treatment,0,0.0
14392,treatment,0,0.0
14393,treatment,0,0.0
14394,treatment,0,0.0
14395,treatment,0,0.0
14396,treatment,1,41.04
14397,treatment,0,0.0
14398,treatment,1,67.9
14399,treatment,0,0.0
14400,treatment,1,47.36
14401,treatment,0,0.0
14402,treatment,0,0.0
14403,treatment,0,0.0
14404,treatment,0,0.0
14405,treatment,0,0.0
14406,treatment,0,0.0
14407,treatment,1,43.94
14408,treatment,0,0.0
14409,treatment,0,0.0
14410,treatment,0,0.0
14411,treatment,0,0.0
14412,treatment,0,0.0
14413,treatment,0,0.0
14414,treatment,0,0.0
14415,treatment,0,0.0
14416,treatment,1,119.93
14417,treatment,0,0.0
14418,treatment,0,0.0
14419,treatment,1,50.55
14420,treatment,0,0.0
14421,treatment,0,0.0
14422,treatment,1,86.31
14423,treatment,0,0.0
14424,treatment,0,0.0
14425,treatment,1,22.4
14426,treatment,0,0.0
14427,treatment,1,95.78
14428,treatment,0,0.0
14429,treatment,0,0.0
14430,treatment,0,0.0
14431,treatment,0,0.0
14432,treatment,0,0.0
14433,treatment,0,0.0
14434,treatment,0,0.0
14435,treatment,1,85.61
14436,treatment,0,0.0
14437,treatment,0,0.0
14438,treatment,0,0.0
14439,treatment,0,0.0
14440,treatment,0,0.0
14441,treatment,0,0.0
14442,treatment,0,0.0
14443,treatment,0,0.0
14444,treatment,0,0.0
14445,treatment,0,0.0
14446,treatment,0,0.0
14447,treatment,0,0.0
14448,treatment,0,0.0
14449,treatment,1,70.38
14450,treatment,0,0.0
14451,treatment,0,0.0
14452,treatment,0,0.0
14453,treatment,0,0.0
14454,treatment,0,0.0
14455,treatment,0,0.0
14456,treatment,1,43.9
14457,treatment,0,0.0
14458,treatment,0,0.0
14459,treatment,0,0.0
14460,treatment,0,0.0
14461,treatment,0,0.0
14462,treatment,0,0.0
14463,treatment,0,0.0
14464,treatment,0,0.0
14465,treatment,0,0.0
14466,treatment,0,0.0
14467,treatment,0,0.0
14468,treatment,0,0.0
14469,treatment,0,0.0
14470,treatment,0,0.0
14471,treatment,0,0.0
14472,treatment,0,0.0
14473,treatment,0,0.0
14474,treatment,1,29.55
14475,treatment,0,0.0
14476,treatment,0,0.0
14477,treatment,0,0.0
14478,treatment,0,0.0
14479,treatment,1,74.06
14480,treatment,0,0.0
14481,treatment,1,60.32
14482,treatment,0,0.0
14483,treatment,1,55.66
14484,treatment,0,0.0
14485,treatment,0,0.0
14486,treatment,0,0.0
14487,treatment,0,0.0
14488,treatment,0,0.0
14489,treatment,0,0.0
14490,treatment,0,0.0
14491,treatment,0,0.0
14492,treatment,0,0.0
14493,treatment,0,0.0
14494,treatment,0,0.0
14495,treatment,0,0.0
14496,treatment,0,0.0
14497,treatment,0,0.0
14498,treatment,0,0.0
14499,treatment,0,0.0
14500,treatment,0,0.0
14501,treatment,0,0.0
14502,treatment,0,0.0
14503,treatment,0,0.0
14504,treatment,0,0.0
14505,treatment,1,56.4
14506,treatment,0,0.0
14507,treatment,0,0.0
14508,treatment,0,0.0
14509,treatment,0,0.0
14510,treatment,0,0.0
14511,treatment,0,0.0
14512,treatment,0,0.0
14513,treatment,1,109.22
14514,treatment,1,112.49
14515,treatment,0,0.0
14516,treatment,0,0.0
14517,treatment,1,113.46
14518,treatment,0,0.0
14519,treatment,0,0.0
14520,treatment,0,0.0
14521,treatment,0,0.0
14522,treatment,0,0.0
14523,treatment,0,0.0
14524,treatment,0,0.0
14525,treatment,0,0.0
14526,treatment,0,0.0
14527,treatment,0,0.0
14528,treatment,0,0.0
14529,treatment,0,0.0
14530,treatment,0,0.0
14531,treatment,0,0.0
14532,treatment,0,0.0
14533,treatment,0,0.0
14534,treatment,0,0.0
14535,treatment,0,0.0
14536,treatment,0,0.0
14537,treatment,0,0.0
14538,treatment,1,22.8
14539,treatment,1,61.37
14540,treatment,0,0.0
14541,treatment,0,0.0
14542,treatment,0,0.0
14543,treatment,0,0.0
14544,treatment,0,0.0
14545,treatment,0,0.0
14546,treatment,0,0.0
14547,treatment,0,0.0
14548,treatment,0,0.0
14549,treatment,0,0.0
14550,treatment,0,0.0
14551,treatment,0,0.0
14552,treatment,0,0.0
14553,treatment,0,0.0
14554,treatment,0,0.0
14555,treatment,0,0.0
14556,treatment,0,0.0
14557,treatment,0,0.0
14558,treatment,0,0.0
14559,treatment,1,42.78
14560,treatment,0,0.0
14561,treatment,0,0.0
14562,treatment,1,66.95
14563,treatment,1,46.91
14564,treatment,0,0.0
14565,treatment,0,0.0
14566,treatment,0,0.0
14567,treatment,0,0.0
14568,treatment,0,0.0
14569,treatment,0,0.0
14570,treatment,1,37.41
14571,treatment,0,0.0
14572,treatment,0,0.0
14573,treatment,0,0.0
14574,treatment,0,0.0
14575,treatment,0,0.0
14576,treatment,1,72.99
14577,treatment,0,0.0
14578,treatment,0,0.0
14579,treatment,0,0.0
14580,treatment,0,0.0
14581,treatment,0,0.0
14582,treatment,0,0.0
14583,treatment,0,0.0
14584,treatment,0,0.0
14585,treatment,0,0.0
14586,treatment,0,0.0
14587,treatment,0,0.0
14588,treatment,0,0.0
14589,treatment,0,0.0
14590,treatment,0,0.0
14591,treatment,0,0.0
14592,treatment,0,0.0
14593,treatment,0,0.0
14594,treatment,0,0.0
14595,treatment,0,0.0
14596,treatment,0,0.0
14597,treatment,0,0.0
14598,treatment,0,0.0
14599,treatment,1,23.35
14600,treatment,0,0.0
14601,treatment,1,44.63
14602,treatment,0,0.0
14603,treatment,0,0.0
14604,treatment,0,0.0
14605,treatment,0,0.0
14606,treatment,0,0.0
14607,treatment,0,0.0
14608,treatment,0,0.0
14609,treatment,1,64.39
14610,treatment,0,0.0
14611,treatment,0,0.0
14612,treatment,0,0.0
14613,treatment,0,0.0
14614,treatment,0,0.0
14615,treatment,0,0.0
14616,treatment,0,0.0
14617,treatment,0,0.0
14618,treatment,0,0.0
14619,treatment,0,0.0
14620,treatment,0,0.0
14621,treatment,0,0.0
14622,treatment,0,0.0
14623,treatment,0,0.0
14624,treatment,0,0.0
14625,treatment,1,30.35
14626,treatment,0,0.0
14627,treatment,0,0.0
14628,treatment,0,0.0
14629,treatment,0,0.0
14630,treatment,1,76.36
14631,treatment,0,0.0
14632,treatment,0,0.0
14633,treatment,0,0.0
14634,treatment,0,0.0
14635,treatment,0,0.0
14636,treatment,0,0.0
14637,treatment,0,0.0
14638,treatment,1,32.71
14639,treatment,0,0.0
14640,treatment,0,0.0
14641,treatment,0,0.0
14642,treatment,0,0.0
14643,treatment,0,0.0
14644,treatment,1,130.6
14645,treatment,0,0.0
14646,treatment,0,0.0
14647,treatment,0,0.0
14648,treatment,0,0.0
14649,treatment,0,0.0
14650,treatment,0,0.0
14651,treatment,0,0.0
14652,treatment,0,0.0
14653,treatment,0,0.0
14654,treatment,0,0.0
14655,treatment,0,0.0
14656,treatment,0,0.0
14657,treatment,0,0.0
14658,treatment,0,0.0
14659,treatment,0,0.0
14660,treatment,1,70.66
14661,treatment,0,0.0
14662,treatment,1,77.4
14663,treatment,0,0.0
14664,treatment,0,0.0
14665,treatment,0,0.0
14666,treatment,0,0.0
14667,treatment,0,0.0
14668,treatment,0,0.0
14669,treatment,0,0.0
14670,treatment,0,0.0
14671,treatment,0,0.0
14672,treatment,0,0.0
14673,treatment,0,0.0
14674,treatment,0,0.0
14675,treatment,0,0.0
14676,treatment,1,49.06
14677,treatment,0,0.0
14678,treatment,1,30.39
14679,treatment,1,36.47
14680,treatment,0,0.0
14681,treatment,0,0.0
14682,treatment,0,0.0
14683,treatment,0,0.0
14684,treatment,0,0.0
14685,treatment,1,30.6
14686,treatment,1,36.38
14687,treatment,1,120.1
14688,treatment,0,0.0
14689,treatment,1,129.11
14690,treatment,0,0.0
14691,treatment,0,0.0
14692,treatment,0,0.0
14693,treatment,0,0.0
14694,treatment,0,0.0
14695,treatment,0,0.0
14696,treatment,0,0.0
14697,treatment,0,0.0
14698,treatment,0,0.0
14699,treatment,0,0.0
14700,treatment,0,0.0
14701,treatment,0,0.0
14702,treatment,0,0.0
14703,treatment,0,0.0
14704,treatment,0,0.0
14705,treatment,0,0.0
14706,treatment,0,0.0
14707,treatment,0,0.0
14708,treatment,0,0.0
14709,treatment,0,0.0
14710,treatment,0,0.0
14711,treatment,0,0.0
14712,treatment,0,0.0
14713,treatment,0,0.0
14714,treatment,0,0.0
14715,treatment,1,85.49
14716,treatment,0,0.0
14717,treatment,1,21.01
14718,treatment,0,0.0
14719,treatment,0,0.0
14720,treatment,0,0.0
14721,treatment,0,0.0
14722,treatment,0,0.0
14723,treatment,0,0.0
14724,treatment,0,0.0
14725,treatment,1,63.35
14726,treatment,0,0.0
14727,treatment,0,0.0
14728,treatment,0,0.0
14729,treatment,0,0.0
14730,treatment,0,0.0
14731,treatment,0,0.0
14732,treatment,0,0.0
14733,treatment,1,10.84
14734,treatment,0,0.0
14735,treatment,0,0.0
14736,treatment,0,0.0
14737,treatment,1,72.35
14738,treatment,1,77.42
14739,treatment,0,0.0
14740,treatment,0,0.0
14741,treatment,1,45.09
14742,treatment,1,127.53
14743,treatment,0,0.0
14744,treatment,0,0.0
14745,treatment,0,0.0
14746,treatment,1,30.78
14747,treatment,0,0.0
14748,treatment,0,0.0
14749,treatment,0,0.0
14750,treatment,0,0.0
14751,treatment,0,0.0
14752,treatment,0,0.0
14753,treatment,0,0.0
14754,treatment,0,0.0
14755,treatment,0,0.0
14756,treatment,0,0.0
14757,treatment,0,0.0
14758,treatment,0,0.0
14759,treatment,0,0.0
14760,treatment,0,0.0
14761,treatment,0,0.0
14762,treatment,0,0.0
14763,treatment,0,0.0
14764,treatment,0,0.0
14765,treatment,0,0.0
14766,treatment,0,0.0
14767,treatment,0,0.0
14768,treatment,0,0.0
14769,treatment,0,0.0
14770,treatment,0,0.0
14771,treatment,0,0.0
14772,treatment,0,0.0
14773,treatment,0,0.0
14774,treatment,0,0.0
14775,treatment,0,0.0
14776,treatment,0,0.0
14777,treatment,0,0.0
14778,treatment,0,0.0
14779,treatment,0,0.0
14780,treatment,1,111.18
14781,treatment,0,0.0
14782,treatment,0,0.0
14783,treatment,0,0.0
14784,treatment,0,0.0
14785,treatment,0,0.0
14786,treatment,0,0.0
14787,treatment,1,47.12
14788,treatment,0,0.0
14789,treatment,0,0.0
14790,treatment,0,0.0
14791,treatment,0,0.0
14792,treatment,0,0.0
14793,treatment,0,0.0
14794,treatment,0,0.0
14795,treatment,0,0.0
14796,treatment,1,81.74
14797,treatment,0,0.0
14798,treatment,0,0.0
14799,treatment,0,0.0
14800,treatment,0,0.0
14801,treatment,0,0.0
14802,treatment,0,0.0
14803,treatment,0,0.0
14804,treatment,0,0.0
14805,treatment,1,43.49
14806,treatment,0,0.0
14807,treatment,0,0.0
14808,treatment,1,67.12
14809,treatment,0,0.0
14810,treatment,0,0.0
14811,treatment,0,0.0
14812,treatment,0,0.0
14813,treatment,0,0.0
14814,treatment,0,0.0
14815,treatment,0,0.0
14816,treatment,1,65.83
14817,treatment,0,0.0
14818,treatment,0,0.0
14819,treatment,0,0.0
14820,treatment,0,0.0
14821,treatment,0,0.0
14822,treatment,1,30.51
14823,treatment,1,31.66
14824,treatment,1,46.85
14825,treatment,0,0.0
14826,treatment,0,0.0
14827,treatment,1,61.21
14828,treatment,1,53.88
14829,treatment,0,0.0
14830,treatment,1,47.58
14831,treatment,0,0.0
14832,treatment,0,0.0
14833,treatment,0,0.0
14834,treatment,0,0.0
14835,treatment,0,0.0
14836,treatment,0,0.0
14837,treatment,0,0.0
14838,treatment,0,0.0
14839,treatment,0,0.0
14840,treatment,1,84.11
14841,treatment,0,0.0
14842,treatment,0,0.0
14843,treatment,0,0.0
14844,treatment,0,0.0
14845,treatment,0,0.0
14846,treatment,0,0.0
14847,treatment,0,0.0
14848,treatment,0,0.0
14849,treatment,0,0.0
14850,treatment,0,0.0
14851,treatment,0,0.0
14852,treatment,0,0.0
14853,treatment,0,0.0
14854,treatment,0,0.0
14855,treatment,1,137.81
14856,treatment,0,0.0
14857,treatment,0,0.0
14858,treatment,1,47.19
14859,treatment,0,0.0
14860,treatment,0,0.0
14861,treatment,0,0.0
14862,treatment,0,0.0
14863,treatment,0,0.0
14864,treatment,1,67.89
14865,treatment,0,0.0
14866,treatment,0,0.0
14867,treatment,0,0.0
14868,treatment,0,0.0
14869,treatment,0,0.0
14870,treatment,0,0.0
14871,treatment,0,0.0
14872,treatment,0,0.0
14873,treatment,0,0.0
14874,treatment,0,0.0
14875,treatment,0,0.0
14876,treatment,0,0.0
14877,treatment,0,0.0
14878,treatment,0,0.0
14879,treatment,0,0.0
14880,treatment,0,0.0
14881,treatment,0,0.0
14882,treatment,0,0.0
14883,treatment,0,0.0
14884,treatment,0,0.0
14885,treatment,0,0.0
14886,treatment,0,0.0
14887,treatment,0,0.0
14888,treatment,0,0.0
14889,treatment,0,0.0
14890,treatment,0,0.0
14891,treatment,0,0.0
14892,treatment,0,0.0
14893,treatment,0,0.0
14894,treatment,0,0.0
14895,treatment,0,0.0
14896,treatment,0,0.0
14897,treatment,0,0.0
14898,treatment,0,0.0
14899,treatment,1,56.05
14900,treatment,0,0.0
14901,treatment,0,0.0
14902,treatment,0,0.0
14903,treatment,0,0.0
14904,treatment,1,12.75
14905,treatment,0,0.0
14906,treatment,0,0.0
14907,treatment,0,0.0
14908,treatment,0,0.0
14909,treatment,0,0.0
14910,treatment,0,0.0
14911,treatment,0,0.0
14912,treatment,0,0.0
14913,treatment,0,0.0
14914,treatment,0,0.0
14915,treatment,0,0.0
14916,treatment,0,0.0
14917,treatment,0,0.0
14918,treatment,0,0.0
14919,treatment,0,0.0
14920,treatment,0,0.0
14921,treatment,0,0.0
14922,treatment,0,0.0
14923,treatment,1,59.03
14924,treatment,0,0.0
14925,treatment,0,0.0
14926,treatment,0,0.0
14927,treatment,0,0.0
14928,treatment,1,33.69
14929,treatment,0,0.0
14930,treatment,0,0.0
14931,treatment,0,0.0
14932,treatment,0,0.0
14933,treatment,0,0.0
14934,treatment,0,0.0
14935,treatment,0,0.0
14936,treatment,0,0.0
14937,treatment,0,0.0
14938,treatment,0,0.0
14939,treatment,0,0.0
14940,treatment,0,0.0
14941,treatment,0,0.0
14942,treatment,0,0.0
14943,treatment,0,0.0
14944,treatment,1,53.93
14945,treatment,0,0.0
14946,treatment,1,80.41
14947,treatment,0,0.0
14948,treatment,1,41.98
14949,treatment,0,0.0
14950,treatment,0,0.0
14951,treatment,0,0.0
14952,treatment,1,68.42
14953,treatment,0,0.0
14954,treatment,1,18.13
14955,treatment,1,72.27
14956,treatment,0,0.0
14957,treatment,0,0.0
14958,treatment,0,0.0
14959,treatment,0,0.0
14960,treatment,1,39.44
14961,treatment,0,0.0
14962,treatment,0,0.0
14963,treatment,0,0.0
14964,treatment,1,129.64
14965,treatment,0,0.0
14966,treatment,0,0.0
14967,treatment,0,0.0
14968,treatment,0,0.0
14969,treatment,0,0.0
14970,treatment,0,0.0
14971,treatment,0,0.0
14972,treatment,0,0.0
14973,treatment,0,0.0
14974,treatment,0,0.0
14975,treatment,0,0.0
14976,treatment,0,0.0
14977,treatment,0,0.0
14978,treatment,0,0.0
14979,treatment,0,0.0
14980,treatment,0,0.0
14981,treatment,0,0.0
14982,treatment,0,0.0
14983,treatment,0,0.0
14984,treatment,0,0.0
14985,treatment,1,14.78
14986,treatment,0,0.0
14987,treatment,0,0.0
14988,treatment,0,0.0
14989,treatment,1,40.69
14990,treatment,0,0.0
14991,treatment,0,0.0
14992,treatment,0,0.0
14993,treatment,0,0.0
14994,treatment,0,0.0
14995,treatment,0,0.0
14996,treatment,0,0.0
14997,treatment,0,0.0
14998,treatment,1,32.54
14999,treatment,0,0.0
15000,treatment,1,54.92
15001,treatment,0,0.0
15002,treatment,0,0.0
15003,treatment,1,103.03
15004,treatment,0,0.0
15005,treatment,0,0.0
15006,treatment,0,0.0
15007,treatment,0,0.0
15008,treatment,0,0.0
15009,treatment,1,55.28
15010,treatment,0,0.0
15011,treatment,0,0.0
15012,treatment,0,0.0
15013,treatment,0,0.0
15014,treatment,0,0.0
15015,treatment,0,0.0
15016,treatment,0,0.0
15017,treatment,0,0.0
15018,treatment,0,0.0
15019,treatment,0,0.0
15020,treatment,0,0.0
15021,treatment,0,0.0
15022,treatment,0,0.0
15023,treatment,0,0.0
15024,treatment,1,38.14
15025,treatment,0,0.0
15026,treatment,0,0.0
15027,treatment,0,0.0
15028,treatment,0,0.0
15029,treatment,0,0.0
15030,treatment,0,0.0
15031,treatment,0,0.0
15032,treatment,1,109.21
15033,treatment,1,72.03
15034,treatment,0,0.0
15035,treatment,0,0.0
15036,treatment,0,0.0
15037,treatment,0,0.0
15038,treatment,0,0.0
15039,treatment,0,0.0
15040,treatment,0,0.0
15041,treatment,0,0.0
15042,treatment,0,0.0
15043,treatment,1,72.89
15044,treatment,0,0.0
15045,treatment,0,0.0
15046,treatment,0,0.0
15047,treatment,0,0.0
15048,treatment,0,0.0
15049,treatment,0,0.0
15050,treatment,0,0.0
15051,treatment,0,0.0
15052,treatment,0,0.0
15053,treatment,0,0.0
15054,treatment,0,0.0
15055,treatment,0,0.0
15056,treatment,0,0.0
15057,treatment,0,0.0
15058,treatment,0,0.0
15059,treatment,0,0.0
15060,treatment,0,0.0
15061,treatment,0,0.0
15062,treatment,0,0.0
15063,treatment,0,0.0
15064,treatment,0,0.0
15065,treatment,0,0.0
15066,treatment,0,0.0
15067,treatment,0,0.0
15068,treatment,1,36.69
15069,treatment,0,0.0
15070,treatment,0,0.0
15071,treatment,1,49.5
15072,treatment,0,0.0
15073,treatment,0,0.0
15074,treatment,0,0.0
15075,treatment,0,0.0
15076,treatment,0,0.0
15077,treatment,0,0.0
15078,treatment,0,0.0
15079,treatment,0,0.0
15080,treatment,1,88.58
15081,treatment,0,0.0
15082,treatment,0,0.0
15083,treatment,0,0.0
15084,treatment,1,43.66
15085,treatment,0,0.0
15086,treatment,0,0.0
15087,treatment,1,58.71
15088,treatment,0,0.0
15089,treatment,0,0.0
15090,treatment,0,0.0
15091,treatment,0,0.0
15092,treatment,0,0.0
15093,treatment,1,80.61
15094,treatment,0,0.0
15095,treatment,0,0.0
15096,treatment,0,0.0
15097,treatment,0,0.0
15098,treatment,0,0.0
15099,treatment,0,0.0
15100,treatment,1,121.24
15101,treatment,0,0.0
15102,treatment,0,0.0
15103,treatment,0,0.0
15104,treatment,0,0.0
15105,treatment,0,0.0
15106,treatment,0,0.0
15107,treatment,0,0.0
15108,treatment,0,0.0
15109,treatment,0,0.0
15110,treatment,0,0.0
15111,treatment,1,57.66
15112,treatment,0,0.0
15113,treatment,1,45.91
15114,treatment,0,0.0
15115,treatment,0,0.0
15116,treatment,0,0.0
15117,treatment,0,0.0
15118,treatment,0,0.0
15119,treatment,0,0.0
15120,treatment,1,96.13
15121,treatment,1,73.02
15122,treatment,0,0.0
15123,treatment,0,0.0
15124,treatment,0,0.0
15125,treatment,0,0.0
15126,treatment,0,0.0
15127,treatment,0,0.0
15128,treatment,0,0.0
15129,treatment,1,88.55
15130,treatment,0,0.0
15131,treatment,0,0.0
15132,treatment,0,0.0
15133,treatment,0,0.0
15134,treatment,0,0.0
15135,treatment,0,0.0
15136,treatment,0,0.0
15137,treatment,0,0.0
15138,treatment,0,0.0
15139,treatment,0,0.0
15140,treatment,1,37.72
15141,treatment,0,0.0
15142,treatment,0,0.0
15143,treatment,0,0.0
15144,treatment,1,68.08
15145,treatment,0,0.0
15146,treatment,0,0.0
15147,treatment,1,35.74
15148,treatment,0,0.0
15149,treatment,0,0.0
15150,treatment,0,0.0
15151,treatment,0,0.0
15152,treatment,0,0.0
15153,treatment,0,0.0
15154,treatment,1,78.2
15155,treatment,0,0.0
15156,treatment,0,0.0
15157,treatment,0,0.0
15158,treatment,0,0.0
15159,treatment,0,0.0
15160,treatment,0,0.0
15161,treatment,0,0.0
15162,treatment,1,57.61
15163,treatment,0,0.0
15164,treatment,0,0.0
15165,treatment,0,0.0
15166,treatment,0,0.0
15167,treatment,0,0.0
15168,treatment,1,42.49
15169,treatment,0,0.0
15170,treatment,1,50.07
15171,treatment,0,0.0
15172,treatment,0,0.0
15173,treatment,0,0.0
15174,treatment,0,0.0
15175,treatment,0,0.0
15176,treatment,0,0.0
15177,treatment,1,60.94
15178,treatment,1,9.94
15179,treatment,1,45.27
15180,treatment,0,0.0
15181,treatment,0,0.0
15182,treatment,0,0.0
15183,treatment,0,0.0
15184,treatment,0,0.0
15185,treatment,1,55.58
15186,treatment,1,34.2
15187,treatment,0,0.0
15188,treatment,0,0.0
15189,treatment,0,0.0
15190,treatment,1,40.53
15191,treatment,0,0.0
15192,treatment,0,0.0
15193,treatment,0,0.0
15194,treatment,1,85.29
15195,treatment,0,0.0
15196,treatment,1,58.23
15197,treatment,0,0.0
15198,treatment,0,0.0
15199,treatment,0,0.0
15200,treatment,0,0.0
15201,treatment,1,49.03
15202,treatment,0,0.0
15203,treatment,0,0.0
15204,treatment,0,0.0
15205,treatment,0,0.0
15206,treatment,0,0.0
15207,treatment,0,0.0
15208,treatment,0,0.0
15209,treatment,0,0.0
15210,treatment,1,76.44
15211,treatment,0,0.0
15212,treatment,0,0.0
15213,treatment,0,0.0
15214,treatment,0,0.0
15215,treatment,0,0.0
15216,treatment,0,0.0
15217,treatment,1,82.28
15218,treatment,0,0.0
15219,treatment,0,0.0
15220,treatment,0,0.0
15221,treatment,0,0.0
15222,treatment,0,0.0
15223,treatment,0,0.0
15224,treatment,0,0.0
15225,treatment,0,0.0
15226,treatment,0,0.0
15227,treatment,0,0.0
15228,treatment,0,0.0
15229,treatment,0,0.0
15230,treatment,0,0.0
15231,treatment,1,45.23
15232,treatment,0,0.0
15233,treatment,0,0.0
15234,treatment,0,0.0
15235,treatment,0,0.0
15236,treatment,0,0.0
15237,treatment,1,71.11
15238,treatment,0,0.0
15239,treatment,1,41.03
15240,treatment,0,0.0
15241,treatment,0,0.0
15242,treatment,0,0.0
15243,treatment,1,86.03
15244,treatment,0,0.0
15245,treatment,1,54.49
15246,treatment,0,0.0
15247,treatment,0,0.0
15248,treatment,0,0.0
15249,treatment,0,0.0
15250,treatment,0,0.0
15251,treatment,0,0.0
15252,treatment,0,0.0
15253,treatment,0,0.0
15254,treatment,0,0.0
15255,treatment,0,0.0
15256,treatment,0,0.0
15257,treatment,0,0.0
15258,treatment,0,0.0
15259,treatment,1,26.38
15260,treatment,0,0.0
15261,treatment,0,0.0
15262,treatment,0,0.0
15263,treatment,0,0.0
15264,treatment,0,0.0
15265,treatment,0,0.0
15266,treatment,0,0.0
15267,treatment,0,0.0
15268,treatment,0,0.0
15269,treatment,0,0.0
15270,treatment,0,0.0
15271,treatment,1,18.35
15272,treatment,0,0.0
15273,treatment,0,0.0
15274,treatment,0,0.0
15275,treatment,0,0.0
15276,treatment,0,0.0
15277,treatment,0,0.0
15278,treatment,0,0.0
15279,treatment,0,0.0
15280,treatment,0,0.0
15281,treatment,0,0.0
15282,treatment,0,0.0
15283,treatment,0,0.0
15284,treatment,0,0.0
15285,treatment,0,0.0
15286,treatment,0,0.0
15287,treatment,0,0.0
15288,treatment,0,0.0
15289,treatment,0,0.0
15290,treatment,0,0.0
15291,treatment,0,0.0
15292,treatment,0,0.0
15293,treatment,1,69.6
15294,treatment,0,0.0
15295,treatment,0,0.0
15296,treatment,0,0.0
15297,treatment,0,0.0
15298,treatment,0,0.0
15299,treatment,0,0.0
15300,treatment,0,0.0
15301,treatment,0,0.0
15302,treatment,0,0.0
15303,treatment,0,0.0
15304,treatment,0,0.0
15305,treatment,0,0.0
15306,treatment,1,58.19
15307,treatment,0,0.0
15308,treatment,0,0.0
15309,treatment,0,0.0
15310,treatment,0,0.0
15311,treatment,0,0.0
15312,treatment,0,0.0
15313,treatment,0,0.0
15314,treatment,0,0.0
15315,treatment,1,133.66
15316,treatment,0,0.0
15317,treatment,1,113.53
15318,treatment,0,0.0
15319,treatment,0,0.0
15320,treatment,0,0.0
15321,treatment,0,0.0
15322,treatment,0,0.0
15323,treatment,0,0.0
15324,treatment,0,0.0
15325,treatment,0,0.0
15326,treatment,0,0.0
15327,treatment,0,0.0
15328,treatment,0,0.0
15329,treatment,0,0.0
15330,treatment,0,0.0
15331,treatment,0,0.0
15332,treatment,0,0.0
15333,treatment,0,0.0
15334,treatment,0,0.0
15335,treatment,0,0.0
15336,treatment,0,0.0
15337,treatment,0,0.0
15338,treatment,0,0.0
15339,treatment,0,0.0
15340,treatment,0,0.0
15341,treatment,0,0.0
15342,treatment,0,0.0
15343,treatment,0,0.0
15344,treatment,0,0.0
15345,treatment,0,0.0
15346,treatment,0,0.0
15347,treatment,0,0.0
15348,treatment,0,0.0
15349,treatment,0,0.0
15350,treatment,0,0.0
15351,treatment,0,0.0
15352,treatment,0,0.0
15353,treatment,0,0.0
15354,treatment,0,0.0
15355,treatment,0,0.0
15356,treatment,0,0.0
15357,treatment,0,0.0
15358,treatment,0,0.0
15359,treatment,0,0.0
15360,treatment,0,0.0
15361,treatment,1,63.86
15362,treatment,0,0.0
15363,treatment,0,0.0
15364,treatment,1,40.94
15365,treatment,0,0.0
15366,treatment,0,0.0
15367,treatment,0,0.0
15368,treatment,0,0.0
15369,treatment,0,0.0
15370,treatment,0,0.0
15371,treatment,0,0.0
15372,treatment,1,50.81
15373,treatment,0,0.0
15374,treatment,0,0.0
15375,treatment,0,0.0
15376,treatment,0,0.0
15377,treatment,0,0.0
15378,treatment,0,0.0
15379,treatment,0,0.0
15380,treatment,0,0.0
15381,treatment,0,0.0
15382,treatment,0,0.0
15383,treatment,1,49.38
15384,treatment,0,0.0
15385,treatment,0,0.0
15386,treatment,0,0.0
15387,treatment,0,0.0
15388,treatment,1,75.52
15389,treatment,0,0.0
15390,treatment,0,0.0
15391,treatment,0,0.0
15392,treatment,0,0.0
15393,treatment,0,0.0
15394,treatment,0,0.0
15395,treatment,1,109.93
15396,treatment,0,0.0
15397,treatment,0,0.0
15398,treatment,0,0.0
15399,treatment,0,0.0
15400,treatment,0,0.0
15401,treatment,0,0.0
15402,treatment,0,0.0
15403,treatment,0,0.0
15404,treatment,0,0.0
15405,treatment,0,0.0
15406,treatment,1,29.03
15407,treatment,0,0.0
15408,treatment,0,0.0
15409,treatment,0,0.0
15410,treatment,0,0.0
15411,treatment,0,0.0
15412,treatment,0,0.0
15413,treatment,0,0.0
15414,treatment,0,0.0
15415,treatment,0,0.0
15416,treatment,0,0.0
15417,treatment,0,0.0
15418,treatment,0,0.0
15419,treatment,1,28.3
15420,treatment,0,0.0
15421,treatment,0,0.0
15422,treatment,0,0.0
15423,treatment,0,0.0
15424,treatment,0,0.0
15425,treatment,0,0.0
15426,treatment,0,0.0
15427,treatment,0,0.0
15428,treatment,0,0.0
15429,treatment,0,0.0
15430,treatment,0,0.0
15431,treatment,1,42.85
15432,treatment,0,0.0
15433,treatment,0,0.0
15434,treatment,0,0.0
15435,treatment,0,0.0
15436,treatment,0,0.0
15437,treatment,0,0.0
15438,treatment,0,0.0
15439,treatment,0,0.0
15440,treatment,0,0.0
15441,treatment,0,0.0
15442,treatment,1,25.02
15443,treatment,0,0.0
15444,treatment,0,0.0
15445,treatment,0,0.0
15446,treatment,0,0.0
15447,treatment,0,0.0
15448,treatment,0,0.0
15449,treatment,0,0.0
15450,treatment,0,0.0
15451,treatment,0,0.0
15452,treatment,0,0.0
15453,treatment,0,0.0
15454,treatment,0,0.0
15455,treatment,0,0.0
15456,treatment,0,0.0
15457,treatment,0,0.0
15458,treatment,0,0.0
15459,treatment,1,23.68
15460,treatment,0,0.0
15461,treatment,0,0.0
15462,treatment,0,0.0
15463,treatment,1,49.53
15464,treatment,0,0.0
15465,treatment,1,52.49
15466,treatment,0,0.0
15467,treatment,0,0.0
15468,treatment,1,31.89
15469,treatment,1,88.52
15470,treatment,0,0.0
15471,treatment,0,0.0
15472,treatment,0,0.0
15473,treatment,0,0.0
15474,treatment,0,0.0
15475,treatment,1,47.53
15476,treatment,0,0.0
15477,treatment,0,0.0
15478,treatment,0,0.0
15479,treatment,0,0.0
15480,treatment,0,0.0
15481,treatment,0,0.0
15482,treatment,0,0.0
15483,treatment,0,0.0
15484,treatment,1,9.65
15485,treatment,0,0.0
15486,treatment,0,0.0
15487,treatment,0,0.0
15488,treatment,0,0.0
15489,treatment,1,45.81
15490,treatment,0,0.0
15491,treatment,0,0.0
15492,treatment,0,0.0
15493,treatment,1,48.63
15494,treatment,1,27.45
15495,treatment,0,0.0
15496,treatment,0,0.0
15497,treatment,0,0.0
15498,treatment,0,0.0
15499,treatment,0,0.0
15500,treatment,0,0.0
15501,treatment,0,0.0
15502,treatment,1,79.6
15503,treatment,0,0.0
15504,treatment,0,0.0
15505,treatment,0,0.0
15506,treatment,0,0.0
15507,treatment,0,0.0
15508,treatment,0,0.0
15509,treatment,0,0.0
15510,treatment,0,0.0
15511,treatment,0,0.0
15512,treatment,1,49.25
15513,treatment,0,0.0
15514,treatment,1,25.87
15515,treatment,0,0.0
15516,treatment,0,0.0
15517,treatment,0,0.0
15518,treatment,0,0.0
15519,treatment,0,0.0
15520,treatment,0,0.0
15521,treatment,0,0.0
15522,treatment,0,0.0
15523,treatment,0,0.0
15524,treatment,0,0.0
15525,treatment,0,0.0
15526,treatment,0,0.0
15527,treatment,0,0.0
15528,treatment,0,0.0
15529,treatment,0,0.0
15530,treatment,0,0.0
15531,treatment,0,0.0
15532,treatment,0,0.0
15533,treatment,0,0.0
15534,treatment,0,0.0
15535,treatment,0,0.0
15536,treatment,0,0.0
15537,treatment,0,0.0
15538,treatment,0,0.0
15539,treatment,0,0.0
15540,treatment,0,0.0
15541,treatment,0,0.0
15542,treatment,0,0.0
15543,treatment,0,0.0
15544,treatment,0,0.0
15545,treatment,0,0.0
15546,treatment,0,0.0
15547,treatment,0,0.0
15548,treatment,0,0.0
15549,treatment,0,0.0
15550,treatment,0,0.0
15551,treatment,0,0.0
15552,treatment,1,19.79
15553,treatment,0,0.0
15554,treatment,1,31.22
15555,treatment,1,22.28
15556,treatment,0,0.0
15557,treatment,1,71.74
15558,treatment,1,58.57
15559,treatment,1,72.18
15560,treatment,0,0.0
15561,treatment,0,0.0
15562,treatment,0,0.0
15563,treatment,0,0.0
15564,treatment,0,0.0
15565,treatment,0,0.0
15566,treatment,0,0.0
15567,treatment,0,0.0
15568,treatment,0,0.0
15569,treatment,0,0.0
15570,treatment,0,0.0
15571,treatment,0,0.0
15572,treatment,1,28.48
15573,treatment,0,0.0
15574,treatment,1,198.76
15575,treatment,0,0.0
15576,treatment,0,0.0
15577,treatment,0,0.0
15578,treatment,0,0.0
15579,treatment,0,0.0
15580,treatment,0,0.0
15581,treatment,0,0.0
15582,treatment,0,0.0
15583,treatment,0,0.0
15584,treatment,0,0.0
15585,treatment,0,0.0
15586,treatment,1,35.13
15587,treatment,0,0.0
15588,treatment,0,0.0
15589,treatment,0,0.0
15590,treatment,0,0.0
15591,treatment,0,0.0
15592,treatment,0,0.0
15593,treatment,0,0.0
15594,treatment,0,0.0
15595,treatment,0,0.0
15596,treatment,0,0.0
15597,treatment,0,0.0
15598,treatment,0,0.0
15599,treatment,0,0.0
15600,treatment,0,0.0
15601,treatment,0,0.0
15602,treatment,0,0.0
15603,treatment,0,0.0
15604,treatment,0,0.0
15605,treatment,0,0.0
15606,treatment,0,0.0
15607,treatment,0,0.0
15608,treatment,0,0.0
15609,treatment,1,38.14
15610,treatment,0,0.0
15611,treatment,0,0.0
15612,treatment,0,0.0
15613,treatment,0,0.0
15614,treatment,0,0.0
15615,treatment,0,0.0
15616,treatment,0,0.0
15617,treatment,0,0.0
15618,treatment,0,0.0
15619,treatment,0,0.0
15620,treatment,0,0.0
15621,treatment,0,0.0
15622,treatment,0,0.0
15623,treatment,0,0.0
15624,treatment,0,0.0
15625,treatment,0,0.0
15626,treatment,0,0.0
15627,treatment,0,0.0
15628,treatment,0,0.0
15629,treatment,0,0.0
15630,treatment,0,0.0
15631,treatment,0,0.0
15632,treatment,0,0.0
15633,treatment,0,0.0
15634,treatment,0,0.0
15635,treatment,0,0.0
15636,treatment,0,0.0
15637,treatment,0,0.0
15638,treatment,0,0.0
15639,treatment,0,0.0
15640,treatment,0,0.0
15641,treatment,0,0.0
15642,treatment,0,0.0
15643,treatment,0,0.0
15644,treatment,0,0.0
15645,treatment,0,0.0
15646,treatment,0,0.0
15647,treatment,0,0.0
15648,treatment,0,0.0
15649,treatment,0,0.0
15650,treatment,0,0.0
15651,treatment,0,0.0
15652,treatment,0,0.0
15653,treatment,0,0.0
15654,treatment,1,44.2
15655,treatment,1,151.24
15656,treatment,0,0.0
15657,treatment,0,0.0
15658,treatment,0,0.0
15659,treatment,0,0.0
15660,treatment,0,0.0
15661,treatment,0,0.0
15662,treatment,1,111.38
15663,treatment,0,0.0
15664,treatment,0,0.0
15665,treatment,0,0.0
15666,treatment,0,0.0
15667,treatment,0,0.0
15668,treatment,0,0.0
15669,treatment,0,0.0
15670,treatment,0,0.0
15671,treatment,0,0.0
15672,treatment,0,0.0
15673,treatment,0,0.0
15674,treatment,0,0.0
15675,treatment,0,0.0
15676,treatment,0,0.0
15677,treatment,0,0.0
15678,treatment,0,0.0
15679,treatment,0,0.0
15680,treatment,0,0.0
15681,treatment,0,0.0
15682,treatment,0,0.0
15683,treatment,0,0.0
15684,treatment,0,0.0
15685,treatment,1,99.17
15686,treatment,1,28.99
15687,treatment,0,0.0
15688,treatment,0,0.0
15689,treatment,0,0.0
15690,treatment,1,53.23
15691,treatment,0,0.0
15692,treatment,0,0.0
15693,treatment,0,0.0
15694,treatment,0,0.0
15695,treatment,0,0.0
15696,treatment,0,0.0
15697,treatment,0,0.0
15698,treatment,0,0.0
15699,treatment,0,0.0
15700,treatment,0,0.0
15701,treatment,0,0.0
15702,treatment,0,0.0
15703,treatment,0,0.0
15704,treatment,0,0.0
15705,treatment,0,0.0
15706,treatment,0,0.0
15707,treatment,0,0.0
15708,treatment,0,0.0
15709,treatment,0,0.0
15710,treatment,1,74.44
15711,treatment,0,0.0
15712,treatment,0,0.0
15713,treatment,0,0.0
15714,treatment,0,0.0
15715,treatment,0,0.0
15716,treatment,0,0.0
15717,treatment,0,0.0
15718,treatment,0,0.0
15719,treatment,0,0.0
15720,treatment,0,0.0
15721,treatment,0,0.0
15722,treatment,0,0.0
15723,treatment,0,0.0
15724,treatment,0,0.0
15725,treatment,0,0.0
15726,treatment,0,0.0
15727,treatment,0,0.0
15728,treatment,0,0.0
15729,treatment,0,0.0
15730,treatment,0,0.0
15731,treatment,0,0.0
15732,treatment,0,0.0
15733,treatment,0,0.0
15734,treatment,0,0.0
15735,treatment,0,0.0
15736,treatment,0,0.0
15737,treatment,1,87.87
15738,treatment,0,0.0
15739,treatment,0,0.0
15740,treatment,1,76.36
15741,treatment,0,0.0
15742,treatment,0,0.0
15743,treatment,0,0.0
15744,treatment,0,0.0
15745,treatment,0,0.0
15746,treatment,0,0.0
15747,treatment,0,0.0
15748,treatment,0,0.0
15749,treatment,0,0.0
15750,treatment,0,0.0
15751,treatment,0,0.0
15752,treatment,0,0.0
15753,treatment,0,0.0
15754,treatment,0,0.0
15755,treatment,0,0.0
15756,treatment,0,0.0
15757,treatment,1,54.13
15758,treatment,0,0.0
15759,treatment,0,0.0
15760,treatment,0,0.0
15761,treatment,1,42.07
15762,treatment,0,0.0
15763,treatment,0,0.0
15764,treatment,0,0.0
15765,treatment,0,0.0
15766,treatment,1,87.84
15767,treatment,0,0.0
15768,treatment,0,0.0
15769,treatment,0,0.0
15770,treatment,0,0.0
15771,treatment,0,0.0
15772,treatment,0,0.0
15773,treatment,0,0.0
15774,treatment,0,0.0
15775,treatment,0,0.0
15776,treatment,0,0.0
15777,treatment,0,0.0
15778,treatment,0,0.0
15779,treatment,0,0.0
15780,treatment,0,0.0
15781,treatment,1,69.2
15782,treatment,0,0.0
15783,treatment,0,0.0
15784,treatment,0,0.0
15785,treatment,1,129.0
15786,treatment,0,0.0
15787,treatment,0,0.0
15788,treatment,0,0.0
15789,treatment,0,0.0
15790,treatment,1,21.4
15791,treatment,0,0.0
15792,treatment,0,0.0
15793,treatment,1,55.77
15794,treatment,0,0.0
15795,treatment,1,77.91
15796,treatment,0,0.0
15797,treatment,0,0.0
15798,treatment,0,0.0
15799,treatment,1,41.54
15800,treatment,0,0.0
15801,treatment,0,0.0
15802,treatment,0,0.0
15803,treatment,1,76.12
15804,treatment,0,0.0
15805,treatment,0,0.0
15806,treatment,0,0.0
15807,treatment,0,0.0
15808,treatment,0,0.0
15809,treatment,0,0.0
15810,treatment,0,0.0
15811,treatment,0,0.0
15812,treatment,1,77.22
15813,treatment,0,0.0
15814,treatment,0,0.0
15815,treatment,0,0.0
15816,treatment,0,0.0
15817,treatment,0,0.0
15818,treatment,0,0.0
15819,treatment,0,0.0
15820,treatment,0,0.0
15821,treatment,0,0.0
15822,treatment,0,0.0
15823,treatment,0,0.0
15824,treatment,0,0.0
15825,treatment,0,0.0
15826,treatment,0,0.0
15827,treatment,0,0.0
15828,treatment,0,0.0
15829,treatment,1,82.25
15830,treatment,0,0.0
15831,treatment,0,0.0
15832,treatment,0,0.0
15833,treatment,1,109.4
15834,treatment,0,0.0
15835,treatment,0,0.0
15836,treatment,0,0.0
15837,treatment,0,0.0
15838,treatment,0,0.0
15839,treatment,0,0.0
15840,treatment,0,0.0
15841,treatment,1,66.26
15842,treatment,0,0.0
15843,treatment,0,0.0
15844,treatment,0,0.0
15845,treatment,0,0.0
15846,treatment,0,0.0
15847,treatment,1,19.82
15848,treatment,0,0.0
15849,treatment,0,0.0
15850,treatment,0,0.0
15851,treatment,1,67.81
15852,treatment,0,0.0
15853,treatment,0,0.0
15854,treatment,0,0.0
15855,treatment,0,0.0
15856,treatment,0,0.0
15857,treatment,0,0.0
15858,treatment,0,0.0
15859,treatment,0,0.0
15860,treatment,1,56.78
15861,treatment,0,0.0
15862,treatment,0,0.0
15863,treatment,0,0.0
15864,treatment,0,0.0
15865,treatment,0,0.0
15866,treatment,0,0.0
15867,treatment,1,63.15
15868,treatment,0,0.0
15869,treatment,0,0.0
15870,treatment,0,0.0
15871,treatment,0,0.0
15872,treatment,0,0.0
15873,treatment,1,18.81
15874,treatment,0,0.0
15875,treatment,0,0.0
15876,treatment,0,0.0
15877,treatment,0,0.0
15878,treatment,0,0.0
15879,treatment,0,0.0
15880,treatment,0,0.0
15881,treatment,0,0.0
15882,treatment,0,0.0
15883,treatment,0,0.0
15884,treatment,0,0.0
15885,treatment,0,0.0
15886,treatment,0,0.0
15887,treatment,0,0.0
15888,treatment,0,0.0
15889,treatment,1,44.83
15890,treatment,1,11.12
15891,treatment,0,0.0
15892,treatment,0,0.0
15893,treatment,0,0.0
15894,treatment,0,0.0
15895,treatment,0,0.0
15896,treatment,0,0.0
15897,treatment,0,0.0
15898,treatment,0,0.0
15899,treatment,0,0.0
15900,treatment,0,0.0
15901,treatment,0,0.0
15902,treatment,0,0.0
15903,treatment,0,0.0
15904,treatment,0,0.0
15905,treatment,1,16.66
15906,treatment,0,0.0
15907,treatment,0,0.0
15908,treatment,0,0.0
15909,treatment,0,0.0
15910,treatment,0,0.0
15911,treatment,0,0.0
15912,treatment,0,0.0
15913,treatment,0,0.0
15914,treatment,0,0.0
15915,treatment,0,0.0
15916,treatment,0,0.0
15917,treatment,0,0.0
15918,treatment,1,53.74
15919,treatment,0,0.0
15920,treatment,0,0.0
15921,treatment,0,0.0
15922,treatment,0,0.0
15923,treatment,0,0.0
15924,treatment,0,0.0
15925,treatment,0,0.0
15926,treatment,0,0.0
15927,treatment,0,0.0
15928,treatment,1,84.45
15929,treatment,1,60.2
15930,treatment,0,0.0
15931,treatment,0,0.0
15932,treatment,0,0.0
15933,treatment,0,0.0
15934,treatment,0,0.0
15935,treatment,0,0.0
15936,treatment,0,0.0
15937,treatment,0,0.0
15938,treatment,0,0.0
15939,treatment,0,0.0
15940,treatment,0,0.0
15941,treatment,1,58.36
15942,treatment,0,0.0
15943,treatment,0,0.0
15944,treatment,0,0.0
15945,treatment,0,0.0
15946,treatment,0,0.0
15947,treatment,0,0.0
15948,treatment,0,0.0
15949,treatment,0,0.0
15950,treatment,0,0.0
15951,treatment,0,0.0
15952,treatment,0,0.0
15953,treatment,0,0.0
15954,treatment,0,0.0
15955,treatment,0,0.0
15956,treatment,0,0.0
15957,treatment,0,0.0
15958,treatment,0,0.0
15959,treatment,0,0.0
15960,treatment,0,0.0
15961,treatment,0,0.0
15962,treatment,0,0.0
15963,treatment,0,0.0
15964,treatment,0,0.0
15965,treatment,0,0.0
15966,treatment,0,0.0
15967,treatment,0,0.0
15968,treatment,0,0.0
15969,treatment,0,0.0
15970,treatment,0,0.0
15971,treatment,0,0.0
15972,treatment,1,92.83
15973,treatment,0,0.0
15974,treatment,0,0.0
15975,treatment,0,0.0
15976,treatment,0,0.0
15977,treatment,1,49.44
15978,treatment,0,0.0
15979,treatment,0,0.0
15980,treatment,0,0.0
15981,treatment,0,0.0
15982,treatment,1,28.88
15983,treatment,1,102.29
15984,treatment,1,55.37
15985,treatment,0,0.0
15986,treatment,1,45.72
15987,treatment,0,0.0
15988,treatment,0,0.0
15989,treatment,0,0.0
15990,treatment,0,0.0
15991,treatment,0,0.0
15992,treatment,1,47.28
15993,treatment,0,0.0
15994,treatment,0,0.0
15995,treatment,0,0.0
15996,treatment,0,0.0
15997,treatment,0,0.0
15998,treatment,0,0.0
15999,treatment,0,0.0
